[
    {
        "model": "api.action",
        "pk": 1,
        "fields": {
            "created_by_user": null,
            "deleted": "b'\\x00'",
            "modified_by_user": null,
            "actions_group_id": 2,
            "code": "a2-1",
            "name": "users",
            "title": "\u0645\u0634\u0627\u0647\u062f\u0647 \u06a9\u0644 \u06a9\u0627\u0631\u0628\u0631\u0627\u0646"
        }
    },
    {
        "model": "api.action",
        "pk": 2,
        "fields": {
            "created_by_user": null,
            "deleted": "b'\\x00'",
            "modified_by_user": null,
            "actions_group_id": 2,
            "code": "a2-2",
            "name": "create_user",
            "title": "\u0627\u0641\u0632\u0648\u062f\u0646 \u06a9\u0627\u0631\u0628\u0631 \u062c\u062f\u06cc\u062f"
        }
    },
    {
        "model": "api.action",
        "pk": 3,
        "fields": {
            "created_by_user": null,
            "deleted": "b'\\x00'",
            "modified_by_user": null,
            "actions_group_id": 2,
            "code": "a2-3",
            "name": "create_users",
            "title": "\u0627\u0641\u0632\u0648\u062f\u0646 \u06a9\u0627\u0631\u0628\u0631\u0627\u0646"
        }
    },
    {
        "model": "api.action",
        "pk": 4,
        "fields": {
            "created_by_user": null,
            "deleted": "b'\\x00'",
            "modified_by_user": null,
            "actions_group_id": 2,
            "code": "a2-4",
            "name": "edit_user",
            "title": "\u0648\u06cc\u0631\u0627\u06cc\u0634 \u0627\u0637\u0644\u0627\u0639\u0627\u062a \u06a9\u0627\u0631\u0628\u0631"
        }
    },
    {
        "model": "api.action",
        "pk": 5,
        "fields": {
            "created_by_user": null,
            "deleted": "b'\\x00'",
            "modified_by_user": null,
            "actions_group_id": 2,
            "code": "a2-5",
            "name": "delete_user",
            "title": "\u0627\u0641\u0632\u0648\u062f\u0646 \u06a9\u0627\u0631\u0628\u0631\u0627\u0646"
        }
    },
    {
        "model": "api.action",
        "pk": 6,
        "fields": {
            "created_by_user": null,
            "deleted": "b'\\x00'",
            "modified_by_user": null,
            "actions_group_id": 2,
            "code": "a2-6",
            "name": "set_user_state",
            "title": "\u062a\u0639\u06cc\u06cc\u0646 \u0648\u0636\u0639\u06cc\u062a \u06a9\u0627\u0631\u0628\u0631"
        }
    },
    {
        "model": "api.action",
        "pk": 7,
        "fields": {
            "created_by_user": null,
            "deleted": "b'\\x00'",
            "modified_by_user": null,
            "actions_group_id": 3,
            "code": "a3-1",
            "name": "roles",
            "title": "\u0645\u062f\u06cc\u0631\u06cc\u062a \u0646\u0642\u0634 \u0647\u0627"
        }
    },
    {
        "model": "api.action",
        "pk": 8,
        "fields": {
            "created_by_user": null,
            "deleted": "b'\\x00'",
            "modified_by_user": null,
            "actions_group_id": 3,
            "code": "a3-2",
            "name": "create_role",
            "title": "\u0627\u0641\u0632\u0648\u062f\u0646 \u0646\u0642\u0634 \u062c\u062f\u06cc\u062f"
        }
    },
    {
        "model": "api.action",
        "pk": 9,
        "fields": {
            "created_by_user": null,
            "deleted": "b'\\x00'",
            "modified_by_user": null,
            "actions_group_id": 4,
            "code": "a4-1",
            "name": "levels",
            "title": "\u0645\u062f\u06cc\u0631\u06cc\u062a \u067e\u0627\u06cc\u0647 \u0647\u0627"
        }
    },
    {
        "model": "api.action",
        "pk": 10,
        "fields": {
            "created_by_user": null,
            "deleted": "b'\\x00'",
            "modified_by_user": null,
            "actions_group_id": 4,
            "code": "a4-2",
            "name": "create_level",
            "title": "\u0627\u0641\u0632\u0648\u062f\u0646 \u067e\u0627\u06cc\u0647 \u062c\u062f\u06cc\u062f"
        }
    },
    {
        "model": "api.action",
        "pk": 11,
        "fields": {
            "created_by_user": null,
            "deleted": "b'\\x00'",
            "modified_by_user": null,
            "actions_group_id": 5,
            "code": "a5-1",
            "name": "lessons",
            "title": "\u0645\u062f\u06cc\u0631\u06cc\u062a \u062f\u0631\u0633 \u0647\u0627"
        }
    },
    {
        "model": "api.action",
        "pk": 12,
        "fields": {
            "created_by_user": null,
            "deleted": "b'\\x00'",
            "modified_by_user": null,
            "actions_group_id": 5,
            "code": "a5-2",
            "name": "create_lessons",
            "title": "\u0627\u0641\u0632\u0648\u062f\u0646 \u062f\u0631\u0633 \u062c\u062f\u06cc\u062f"
        }
    },
    {
        "model": "api.action",
        "pk": 13,
        "fields": {
            "created_by_user": null,
            "deleted": "b'\\x00'",
            "modified_by_user": null,
            "actions_group_id": 6,
            "code": "a6-1",
            "name": "classes",
            "title": "\u0645\u062f\u06cc\u0631\u06cc\u062a \u06a9\u0644\u0627\u0633 \u0647\u0627"
        }
    },
    {
        "model": "api.action",
        "pk": 14,
        "fields": {
            "created_by_user": null,
            "deleted": "b'\\x00'",
            "modified_by_user": null,
            "actions_group_id": 6,
            "code": "a6-2",
            "name": "create_class",
            "title": "\u0627\u0641\u0632\u0648\u062f\u0646 \u06a9\u0644\u0627\u0633 \u062c\u062f\u06cc\u062f"
        }
    },
    {
        "model": "api.action",
        "pk": 15,
        "fields": {
            "created_by_user": null,
            "deleted": "b'\\x00'",
            "modified_by_user": null,
            "actions_group_id": 7,
            "code": "a7-1",
            "name": "reports",
            "title": "\u0645\u062f\u06cc\u0631\u06cc\u062a \u06af\u0632\u0627\u0631\u0634 \u0647\u0627"
        }
    },
    {
        "model": "api.action",
        "pk": 16,
        "fields": {
            "created_by_user": null,
            "deleted": "b'\\x00'",
            "modified_by_user": null,
            "actions_group_id": 7,
            "code": "a7-2",
            "name": "view_attendance",
            "title": "\u0645\u0634\u0627\u0647\u062f\u0647 \u062d\u0636\u0648\u0631 \u0648 \u063a\u06cc\u0627\u0628"
        }
    },
    {
        "model": "api.action",
        "pk": 17,
        "fields": {
            "created_by_user": null,
            "deleted": "b'\\x00'",
            "modified_by_user": null,
            "actions_group_id": 7,
            "code": "a7-3",
            "name": "view_scores",
            "title": "\u0645\u0634\u0627\u0647\u062f\u0647 \u0646\u0645\u0631\u0627\u062a"
        }
    },
    {
        "model": "api.action",
        "pk": 18,
        "fields": {
            "created_by_user": null,
            "deleted": "b'\\x00'",
            "modified_by_user": null,
            "actions_group_id": 7,
            "code": "a7-4",
            "name": "view_exams",
            "title": "\u0645\u0634\u0627\u0647\u062f\u0647 \u0627\u0645\u062a\u062d\u0627\u0646\u0627\u062a"
        }
    },
    {
        "model": "api.actionsgroup",
        "pk": 2,
        "fields": {
            "created_by_user": null,
            "deleted": "b'\\x00'",
            "modified_by_user": null,
            "name": "user_management",
            "title": "\u0645\u062f\u06cc\u0631\u06cc\u062a \u06a9\u0627\u0631\u0628\u0631"
        }
    },
    {
        "model": "api.actionsgroup",
        "pk": 3,
        "fields": {
            "created_by_user": null,
            "deleted": "b'\\x00'",
            "modified_by_user": null,
            "name": "role_management",
            "title": "\u0645\u062f\u06cc\u0631\u06cc\u062a \u0646\u0642\u0634"
        }
    },
    {
        "model": "api.actionsgroup",
        "pk": 4,
        "fields": {
            "created_by_user": null,
            "deleted": "b'\\x00'",
            "modified_by_user": null,
            "name": "level_management",
            "title": "\u0645\u062f\u06cc\u0631\u06cc\u062a \u067e\u0627\u06cc\u0647"
        }
    },
    {
        "model": "api.actionsgroup",
        "pk": 5,
        "fields": {
            "created_by_user": null,
            "deleted": "b'\\x00'",
            "modified_by_user": null,
            "name": "lesson_management",
            "title": "\u0645\u062f\u06cc\u0631\u06cc\u062a \u062f\u0631\u0633"
        }
    },
    {
        "model": "api.actionsgroup",
        "pk": 6,
        "fields": {
            "created_by_user": null,
            "deleted": "b'\\x00'",
            "modified_by_user": null,
            "name": "class_management",
            "title": "\u0645\u062f\u06cc\u0631\u06cc\u062a \u06a9\u0644\u0627\u0633"
        }
    },
    {
        "model": "api.actionsgroup",
        "pk": 7,
        "fields": {
            "created_by_user": null,
            "deleted": "b'\\x00'",
            "modified_by_user": null,
            "name": "report_management",
            "title": "\u0645\u062f\u06cc\u0631\u06cc\u062a \u06af\u0632\u0627\u0631\u0634"
        }
    },
    {
        "model": "api.actionsgroup",
        "pk": 8,
        "fields": {
            "created_by_user": null,
            "deleted": "b'\\x00'",
            "modified_by_user": null,
            "name": "school_management",
            "title": "\u0645\u062f\u06cc\u0631\u06cc\u062a \u0645\u062f\u0631\u0633\u0647"
        }
    },
    {
        "model": "api.actionsgroupactions",
        "pk": 1,
        "fields": {
            "actions_group": 2,
            "actions": 1
        }
    },
    {
        "model": "api.actionsgroupactions",
        "pk": 2,
        "fields": {
            "actions_group": 2,
            "actions": 2
        }
    },
    {
        "model": "api.actionsgroupactions",
        "pk": 3,
        "fields": {
            "actions_group": 2,
            "actions": 3
        }
    },
    {
        "model": "api.actionsgroupactions",
        "pk": 4,
        "fields": {
            "actions_group": 2,
            "actions": 4
        }
    },
    {
        "model": "api.actionsgroupactions",
        "pk": 5,
        "fields": {
            "actions_group": 2,
            "actions": 5
        }
    },
    {
        "model": "api.actionsgroupactions",
        "pk": 6,
        "fields": {
            "actions_group": 2,
            "actions": 6
        }
    },
    {
        "model": "api.actionsgroupactions",
        "pk": 7,
        "fields": {
            "actions_group": 3,
            "actions": 7
        }
    },
    {
        "model": "api.actionsgroupactions",
        "pk": 8,
        "fields": {
            "actions_group": 3,
            "actions": 8
        }
    },
    {
        "model": "api.actionsgroupactions",
        "pk": 9,
        "fields": {
            "actions_group": 4,
            "actions": 9
        }
    },
    {
        "model": "api.actionsgroupactions",
        "pk": 10,
        "fields": {
            "actions_group": 4,
            "actions": 10
        }
    },
    {
        "model": "api.actionsgroupactions",
        "pk": 11,
        "fields": {
            "actions_group": 5,
            "actions": 11
        }
    },
    {
        "model": "api.actionsgroupactions",
        "pk": 12,
        "fields": {
            "actions_group": 5,
            "actions": 12
        }
    },
    {
        "model": "api.actionsgroupactions",
        "pk": 13,
        "fields": {
            "actions_group": 6,
            "actions": 13
        }
    },
    {
        "model": "api.actionsgroupactions",
        "pk": 14,
        "fields": {
            "actions_group": 6,
            "actions": 14
        }
    },
    {
        "model": "api.actionsgroupactions",
        "pk": 15,
        "fields": {
            "actions_group": 7,
            "actions": 15
        }
    },
    {
        "model": "api.actionsgroupactions",
        "pk": 16,
        "fields": {
            "actions_group": 7,
            "actions": 16
        }
    },
    {
        "model": "api.actionsgroupactions",
        "pk": 17,
        "fields": {
            "actions_group": 7,
            "actions": 17
        }
    },
    {
        "model": "api.actionsgroupactions",
        "pk": 18,
        "fields": {
            "actions_group": 7,
            "actions": 18
        }
    },
    {
        "model": "api.classmeeting",
        "pk": 1,
        "fields": {
            "created_by_user": null,
            "deleted": "b'\\x00'",
            "modified_by_user": null,
            "class_id": 1,
            "class_name": "\u0631\u06cc\u0627\u0636\u06cc \u0627\u0648\u0644",
            "date": "2020-10-15T15:14:56Z",
            "degree": 3,
            "ended": "b'\\x01'",
            "ended_time": "16:09:57",
            "lesson_name": "\u0631\u06cc\u0627\u0636\u06cc \u0627\u0648\u0644",
            "level": 11,
            "school_id": 1,
            "section_id": 4,
            "started_time": "15:14:56",
            "teacher_id": 2,
            "token": null
        }
    },
    {
        "model": "api.classmeeting",
        "pk": 2,
        "fields": {
            "created_by_user": null,
            "deleted": "b'\\x00'",
            "modified_by_user": null,
            "class_id": 3,
            "class_name": "\u0631\u06cc\u0627\u0636\u06cc \u0627\u0648\u0644",
            "date": "2020-10-15T16:32:59Z",
            "degree": 3,
            "ended": "b'\\x00'",
            "ended_time": null,
            "lesson_name": "\u0631\u06cc\u0627\u0636\u06cc \u0627\u0648\u0644",
            "level": 11,
            "school_id": 1,
            "section_id": 5,
            "started_time": "16:32:58",
            "teacher_id": 2,
            "token": "xIuuFHVVsuEvbZLCVDaE"
        }
    },
    {
        "model": "api.classmeeting",
        "pk": 3,
        "fields": {
            "created_by_user": null,
            "deleted": "b'\\x00'",
            "modified_by_user": null,
            "class_id": 4,
            "class_name": "\u0631\u06cc\u0627\u0636\u06cc \u0627\u0648\u0644",
            "date": "2020-10-15T16:42:34Z",
            "degree": 3,
            "ended": "b'\\x01'",
            "ended_time": "17:26:32",
            "lesson_name": "\u0631\u06cc\u0627\u0636\u06cc \u0627\u0648\u0644",
            "level": 11,
            "school_id": 1,
            "section_id": 7,
            "started_time": "16:42:33",
            "teacher_id": 2,
            "token": null
        }
    },
    {
        "model": "api.classmeeting",
        "pk": 4,
        "fields": {
            "created_by_user": null,
            "deleted": "b'\\x00'",
            "modified_by_user": null,
            "class_id": 4,
            "class_name": "\u0631\u06cc\u0627\u0636\u06cc \u0627\u0648\u0644",
            "date": "2020-10-15T17:42:48Z",
            "degree": 3,
            "ended": "b'\\x01'",
            "ended_time": "17:44:28",
            "lesson_name": "\u0631\u06cc\u0627\u0636\u06cc \u0627\u0648\u0644",
            "level": 11,
            "school_id": 1,
            "section_id": 7,
            "started_time": "17:42:47",
            "teacher_id": 2,
            "token": null
        }
    },
    {
        "model": "api.classmeeting",
        "pk": 5,
        "fields": {
            "created_by_user": null,
            "deleted": "b'\\x00'",
            "modified_by_user": null,
            "class_id": 4,
            "class_name": "\u0631\u06cc\u0627\u0636\u06cc \u0627\u0648\u0644",
            "date": "2020-10-15T18:39:36Z",
            "degree": 3,
            "ended": "b'\\x01'",
            "ended_time": "18:46:08",
            "lesson_name": "\u0631\u06cc\u0627\u0636\u06cc \u0627\u0648\u0644",
            "level": 11,
            "school_id": 1,
            "section_id": 6,
            "started_time": "18:39:36",
            "teacher_id": 2,
            "token": null
        }
    },
    {
        "model": "api.classmeeting",
        "pk": 6,
        "fields": {
            "created_by_user": null,
            "deleted": "b'\\x00'",
            "modified_by_user": null,
            "class_id": 4,
            "class_name": "\u0631\u06cc\u0627\u0636\u06cc \u0627\u0648\u0644",
            "date": "2020-10-15T18:46:15Z",
            "degree": 3,
            "ended": "b'\\x01'",
            "ended_time": "19:02:36",
            "lesson_name": "\u0631\u06cc\u0627\u0636\u06cc \u0627\u0648\u0644",
            "level": 11,
            "school_id": 1,
            "section_id": 6,
            "started_time": "18:46:14",
            "teacher_id": 2,
            "token": null
        }
    },
    {
        "model": "api.classmeeting",
        "pk": 7,
        "fields": {
            "created_by_user": null,
            "deleted": "b'\\x00'",
            "modified_by_user": null,
            "class_id": 4,
            "class_name": "\u0631\u06cc\u0627\u0636\u06cc \u0627\u0648\u0644",
            "date": "2020-10-15T19:02:49Z",
            "degree": 3,
            "ended": "b'\\x01'",
            "ended_time": "19:12:50",
            "lesson_name": "\u0631\u06cc\u0627\u0636\u06cc \u0627\u0648\u0644",
            "level": 11,
            "school_id": 1,
            "section_id": 6,
            "started_time": "19:02:48",
            "teacher_id": 2,
            "token": null
        }
    },
    {
        "model": "api.classmeeting",
        "pk": 8,
        "fields": {
            "created_by_user": null,
            "deleted": "b'\\x00'",
            "modified_by_user": null,
            "class_id": 4,
            "class_name": "\u0631\u06cc\u0627\u0636\u06cc \u0627\u0648\u0644",
            "date": "2020-10-15T19:13:31Z",
            "degree": 3,
            "ended": "b'\\x01'",
            "ended_time": "19:22:26",
            "lesson_name": "\u0631\u06cc\u0627\u0636\u06cc \u0627\u0648\u0644",
            "level": 11,
            "school_id": 1,
            "section_id": 6,
            "started_time": "19:13:30",
            "teacher_id": 2,
            "token": null
        }
    },
    {
        "model": "api.classmeeting",
        "pk": 9,
        "fields": {
            "created_by_user": null,
            "deleted": "b'\\x00'",
            "modified_by_user": null,
            "class_id": 4,
            "class_name": "\u0631\u06cc\u0627\u0636\u06cc \u0627\u0648\u0644",
            "date": "2020-10-15T19:26:30Z",
            "degree": 3,
            "ended": "b'\\x01'",
            "ended_time": "11:49:55",
            "lesson_name": "\u0631\u06cc\u0627\u0636\u06cc \u0627\u0648\u0644",
            "level": 11,
            "school_id": 1,
            "section_id": 6,
            "started_time": "19:26:29",
            "teacher_id": 2,
            "token": null
        }
    },
    {
        "model": "api.classmeeting",
        "pk": 10,
        "fields": {
            "created_by_user": null,
            "deleted": "b'\\x00'",
            "modified_by_user": null,
            "class_id": 4,
            "class_name": "\u0631\u06cc\u0627\u0636\u06cc \u0627\u0648\u0644",
            "date": "2020-10-16T11:50:06Z",
            "degree": 3,
            "ended": "b'\\x01'",
            "ended_time": "15:58:08",
            "lesson_name": "\u0631\u06cc\u0627\u0636\u06cc \u0627\u0648\u0644",
            "level": 11,
            "school_id": 1,
            "section_id": 6,
            "started_time": "11:50:05",
            "teacher_id": 2,
            "token": null
        }
    },
    {
        "model": "api.classmeeting",
        "pk": 11,
        "fields": {
            "created_by_user": null,
            "deleted": "b'\\x00'",
            "modified_by_user": null,
            "class_id": 4,
            "class_name": "\u0631\u06cc\u0627\u0636\u06cc \u0627\u0648\u0644",
            "date": "2020-10-16T15:58:19Z",
            "degree": 3,
            "ended": "b'\\x01'",
            "ended_time": "19:06:21",
            "lesson_name": "\u0631\u06cc\u0627\u0636\u06cc \u0627\u0648\u0644",
            "level": 11,
            "school_id": 1,
            "section_id": 6,
            "started_time": "15:58:19",
            "teacher_id": 2,
            "token": null
        }
    },
    {
        "model": "api.classmeeting",
        "pk": 12,
        "fields": {
            "created_by_user": null,
            "deleted": "b'\\x00'",
            "modified_by_user": null,
            "class_id": 4,
            "class_name": "\u0631\u06cc\u0627\u0636\u06cc \u0627\u0648\u0644",
            "date": "2020-10-16T19:02:54Z",
            "degree": 3,
            "ended": "b'\\x01'",
            "ended_time": "03:39:04",
            "lesson_name": "\u0631\u06cc\u0627\u0636\u06cc \u0627\u0648\u0644",
            "level": 11,
            "school_id": 1,
            "section_id": 7,
            "started_time": "19:02:54",
            "teacher_id": 2,
            "token": null
        }
    },
    {
        "model": "api.classmeeting",
        "pk": 13,
        "fields": {
            "created_by_user": null,
            "deleted": "b'\\x00'",
            "modified_by_user": null,
            "class_id": 7,
            "class_name": "\u0631\u06cc\u0627\u0636\u06cc \u0627\u0648\u0644",
            "date": "2020-10-16T19:04:07Z",
            "degree": 3,
            "ended": "b'\\x01'",
            "ended_time": "10:17:13",
            "lesson_name": "\u0631\u06cc\u0627\u0636\u06cc \u0627\u0648\u0644",
            "level": 10,
            "school_id": 1,
            "section_id": 14,
            "started_time": "19:04:07",
            "teacher_id": 2,
            "token": null
        }
    },
    {
        "model": "api.classmeeting",
        "pk": 14,
        "fields": {
            "created_by_user": null,
            "deleted": "b'\\x00'",
            "modified_by_user": null,
            "class_id": 4,
            "class_name": "\u0631\u06cc\u0627\u0636\u06cc \u0627\u0648\u0644",
            "date": "2020-10-16T19:06:32Z",
            "degree": 3,
            "ended": "b'\\x01'",
            "ended_time": "00:22:43",
            "lesson_name": "\u0631\u06cc\u0627\u0636\u06cc \u0627\u0648\u0644",
            "level": 11,
            "school_id": 1,
            "section_id": 6,
            "started_time": "19:06:31",
            "teacher_id": 2,
            "token": null
        }
    },
    {
        "model": "api.classmeeting",
        "pk": 15,
        "fields": {
            "created_by_user": null,
            "deleted": "b'\\x00'",
            "modified_by_user": null,
            "class_id": 4,
            "class_name": "\u0631\u06cc\u0627\u0636\u06cc \u0627\u0648\u0644",
            "date": "2020-10-17T03:51:05Z",
            "degree": 3,
            "ended": "b'\\x01'",
            "ended_time": "10:17:18",
            "lesson_name": "\u0631\u06cc\u0627\u0636\u06cc \u0627\u0648\u0644",
            "level": 11,
            "school_id": 1,
            "section_id": 7,
            "started_time": "03:51:04",
            "teacher_id": 2,
            "token": null
        }
    },
    {
        "model": "api.classmeeting",
        "pk": 16,
        "fields": {
            "created_by_user": null,
            "deleted": "b'\\x00'",
            "modified_by_user": null,
            "class_id": 4,
            "class_name": "\u0631\u06cc\u0627\u0636\u06cc \u0627\u0648\u0644",
            "date": "2020-10-17T03:51:12Z",
            "degree": 3,
            "ended": "b'\\x01'",
            "ended_time": "10:17:09",
            "lesson_name": "\u0631\u06cc\u0627\u0636\u06cc \u0627\u0648\u0644",
            "level": 11,
            "school_id": 1,
            "section_id": 6,
            "started_time": "03:51:12",
            "teacher_id": 2,
            "token": null
        }
    },
    {
        "model": "api.classmeeting",
        "pk": 17,
        "fields": {
            "created_by_user": null,
            "deleted": "b'\\x00'",
            "modified_by_user": null,
            "class_id": 4,
            "class_name": "\u0631\u06cc\u0627\u0636\u06cc \u0627\u0648\u0644",
            "date": "2020-10-17T10:17:30Z",
            "degree": 3,
            "ended": "b'\\x01'",
            "ended_time": "11:06:02",
            "lesson_name": "\u0631\u06cc\u0627\u0636\u06cc \u0627\u0648\u0644",
            "level": 11,
            "school_id": 1,
            "section_id": 6,
            "started_time": "10:17:29",
            "teacher_id": 2,
            "token": null
        }
    },
    {
        "model": "api.classmeeting",
        "pk": 18,
        "fields": {
            "created_by_user": null,
            "deleted": "b'\\x00'",
            "modified_by_user": null,
            "class_id": 4,
            "class_name": "\u0631\u06cc\u0627\u0636\u06cc \u0627\u0648\u0644",
            "date": "2020-10-17T11:09:44Z",
            "degree": 3,
            "ended": "b'\\x01'",
            "ended_time": "11:13:51",
            "lesson_name": "\u0631\u06cc\u0627\u0636\u06cc \u0627\u0648\u0644",
            "level": 11,
            "school_id": 1,
            "section_id": 6,
            "started_time": "11:09:43",
            "teacher_id": 2,
            "token": null
        }
    },
    {
        "model": "api.classmeeting",
        "pk": 19,
        "fields": {
            "created_by_user": null,
            "deleted": "b'\\x00'",
            "modified_by_user": null,
            "class_id": 4,
            "class_name": "\u0631\u06cc\u0627\u0636\u06cc \u0627\u0648\u0644",
            "date": "2020-10-17T11:16:17Z",
            "degree": 3,
            "ended": "b'\\x01'",
            "ended_time": "11:57:38",
            "lesson_name": "\u0631\u06cc\u0627\u0636\u06cc \u0627\u0648\u0644",
            "level": 11,
            "school_id": 1,
            "section_id": 6,
            "started_time": "11:16:16",
            "teacher_id": 2,
            "token": null
        }
    },
    {
        "model": "api.classmeeting",
        "pk": 20,
        "fields": {
            "created_by_user": null,
            "deleted": "b'\\x00'",
            "modified_by_user": null,
            "class_id": 7,
            "class_name": "\u0631\u06cc\u0627\u0636\u06cc \u0627\u0648\u0644",
            "date": "2020-10-17T11:26:44Z",
            "degree": 3,
            "ended": "b'\\x01'",
            "ended_time": "12:04:51",
            "lesson_name": "\u0631\u06cc\u0627\u0636\u06cc \u0627\u0648\u0644",
            "level": 10,
            "school_id": 1,
            "section_id": 14,
            "started_time": "11:26:43",
            "teacher_id": 2,
            "token": null
        }
    },
    {
        "model": "api.classmeeting",
        "pk": 21,
        "fields": {
            "created_by_user": null,
            "deleted": "b'\\x00'",
            "modified_by_user": null,
            "class_id": 4,
            "class_name": "\u0631\u06cc\u0627\u0636\u06cc \u0627\u0648\u0644",
            "date": "2020-10-17T12:07:58Z",
            "degree": 3,
            "ended": "b'\\x01'",
            "ended_time": "12:11:16",
            "lesson_name": "\u0631\u06cc\u0627\u0636\u06cc \u0627\u0648\u0644",
            "level": 11,
            "school_id": 1,
            "section_id": 6,
            "started_time": "12:07:57",
            "teacher_id": 2,
            "token": null
        }
    },
    {
        "model": "api.classmeeting",
        "pk": 22,
        "fields": {
            "created_by_user": null,
            "deleted": "b'\\x00'",
            "modified_by_user": null,
            "class_id": 7,
            "class_name": "\u0631\u06cc\u0627\u0636\u06cc \u0627\u0648\u0644",
            "date": "2020-10-17T12:10:27Z",
            "degree": 3,
            "ended": "b'\\x01'",
            "ended_time": "12:12:38",
            "lesson_name": "\u0631\u06cc\u0627\u0636\u06cc \u0627\u0648\u0644",
            "level": 10,
            "school_id": 1,
            "section_id": 14,
            "started_time": "12:10:27",
            "teacher_id": 2,
            "token": null
        }
    },
    {
        "model": "api.classmeeting",
        "pk": 23,
        "fields": {
            "created_by_user": null,
            "deleted": "b'\\x00'",
            "modified_by_user": null,
            "class_id": 4,
            "class_name": "\u0631\u06cc\u0627\u0636\u06cc \u0627\u0648\u0644",
            "date": "2020-10-17T12:12:52Z",
            "degree": 3,
            "ended": "b'\\x01'",
            "ended_time": "12:16:03",
            "lesson_name": "\u0631\u06cc\u0627\u0636\u06cc \u0627\u0648\u0644",
            "level": 11,
            "school_id": 1,
            "section_id": 6,
            "started_time": "12:12:51",
            "teacher_id": 2,
            "token": null
        }
    },
    {
        "model": "api.classmeeting",
        "pk": 24,
        "fields": {
            "created_by_user": null,
            "deleted": "b'\\x00'",
            "modified_by_user": null,
            "class_id": 4,
            "class_name": "\u0631\u06cc\u0627\u0636\u06cc \u0627\u0648\u0644",
            "date": "2020-10-17T12:18:49Z",
            "degree": 3,
            "ended": "b'\\x01'",
            "ended_time": "12:51:42",
            "lesson_name": "\u0631\u06cc\u0627\u0636\u06cc \u0627\u0648\u0644",
            "level": 11,
            "school_id": 1,
            "section_id": 6,
            "started_time": "12:18:49",
            "teacher_id": 2,
            "token": null
        }
    },
    {
        "model": "api.classmeeting",
        "pk": 25,
        "fields": {
            "created_by_user": null,
            "deleted": "b'\\x00'",
            "modified_by_user": null,
            "class_id": 4,
            "class_name": "\u0631\u06cc\u0627\u0636\u06cc \u0627\u0648\u0644",
            "date": "2020-10-17T12:18:50Z",
            "degree": 3,
            "ended": "b'\\x01'",
            "ended_time": "12:19:35",
            "lesson_name": "\u0631\u06cc\u0627\u0636\u06cc \u0627\u0648\u0644",
            "level": 11,
            "school_id": 1,
            "section_id": 6,
            "started_time": "12:18:49",
            "teacher_id": 2,
            "token": null
        }
    },
    {
        "model": "api.classmeeting",
        "pk": 26,
        "fields": {
            "created_by_user": null,
            "deleted": "b'\\x00'",
            "modified_by_user": null,
            "class_id": 4,
            "class_name": "\u0631\u06cc\u0627\u0636\u06cc \u0627\u0648\u0644",
            "date": "2020-10-17T12:25:41Z",
            "degree": 3,
            "ended": "b'\\x01'",
            "ended_time": "12:26:15",
            "lesson_name": "\u0631\u06cc\u0627\u0636\u06cc \u0627\u0648\u0644",
            "level": 11,
            "school_id": 1,
            "section_id": 7,
            "started_time": "12:25:40",
            "teacher_id": 2,
            "token": null
        }
    },
    {
        "model": "api.classmeeting",
        "pk": 27,
        "fields": {
            "created_by_user": null,
            "deleted": "b'\\x00'",
            "modified_by_user": null,
            "class_id": 4,
            "class_name": "\u0631\u06cc\u0627\u0636\u06cc \u0627\u0648\u0644",
            "date": "2020-10-17T12:27:12Z",
            "degree": 3,
            "ended": "b'\\x01'",
            "ended_time": "12:27:26",
            "lesson_name": "\u0631\u06cc\u0627\u0636\u06cc \u0627\u0648\u0644",
            "level": 11,
            "school_id": 1,
            "section_id": 7,
            "started_time": "12:27:11",
            "teacher_id": 2,
            "token": null
        }
    },
    {
        "model": "api.classmeeting",
        "pk": 28,
        "fields": {
            "created_by_user": null,
            "deleted": "b'\\x00'",
            "modified_by_user": null,
            "class_id": 4,
            "class_name": "\u0631\u06cc\u0627\u0636\u06cc \u0627\u0648\u0644",
            "date": "2020-10-17T12:28:47Z",
            "degree": 3,
            "ended": "b'\\x01'",
            "ended_time": "12:29:06",
            "lesson_name": "\u0631\u06cc\u0627\u0636\u06cc \u0627\u0648\u0644",
            "level": 11,
            "school_id": 1,
            "section_id": 7,
            "started_time": "12:28:46",
            "teacher_id": 2,
            "token": null
        }
    },
    {
        "model": "api.classmeeting",
        "pk": 29,
        "fields": {
            "created_by_user": null,
            "deleted": "b'\\x00'",
            "modified_by_user": null,
            "class_id": 4,
            "class_name": "\u0631\u06cc\u0627\u0636\u06cc \u0627\u0648\u0644",
            "date": "2020-10-17T12:29:37Z",
            "degree": 3,
            "ended": "b'\\x01'",
            "ended_time": "12:29:46",
            "lesson_name": "\u0631\u06cc\u0627\u0636\u06cc \u0627\u0648\u0644",
            "level": 11,
            "school_id": 1,
            "section_id": 7,
            "started_time": "12:29:37",
            "teacher_id": 2,
            "token": null
        }
    },
    {
        "model": "api.classmeeting",
        "pk": 30,
        "fields": {
            "created_by_user": null,
            "deleted": "b'\\x00'",
            "modified_by_user": null,
            "class_id": 4,
            "class_name": "\u0631\u06cc\u0627\u0636\u06cc \u0627\u0648\u0644",
            "date": "2020-10-17T12:33:51Z",
            "degree": 3,
            "ended": "b'\\x01'",
            "ended_time": "12:34:16",
            "lesson_name": "\u0631\u06cc\u0627\u0636\u06cc \u0627\u0648\u0644",
            "level": 11,
            "school_id": 1,
            "section_id": 7,
            "started_time": "12:33:51",
            "teacher_id": 2,
            "token": null
        }
    },
    {
        "model": "api.classmeeting",
        "pk": 31,
        "fields": {
            "created_by_user": null,
            "deleted": "b'\\x00'",
            "modified_by_user": null,
            "class_id": 7,
            "class_name": "\u0631\u06cc\u0627\u0636\u06cc \u0627\u0648\u0644",
            "date": "2020-10-17T12:51:49Z",
            "degree": 3,
            "ended": "b'\\x01'",
            "ended_time": "13:29:09",
            "lesson_name": "\u0631\u06cc\u0627\u0636\u06cc \u0627\u0648\u0644",
            "level": 10,
            "school_id": 1,
            "section_id": 14,
            "started_time": "12:51:48",
            "teacher_id": 2,
            "token": null
        }
    },
    {
        "model": "api.classmeeting",
        "pk": 32,
        "fields": {
            "created_by_user": null,
            "deleted": "b'\\x00'",
            "modified_by_user": null,
            "class_id": 4,
            "class_name": "\u0631\u06cc\u0627\u0636\u06cc \u0627\u0648\u0644",
            "date": "2020-10-17T13:18:29Z",
            "degree": 3,
            "ended": "b'\\x01'",
            "ended_time": "13:27:30",
            "lesson_name": "\u0631\u06cc\u0627\u0636\u06cc \u0627\u0648\u0644",
            "level": 11,
            "school_id": 1,
            "section_id": 6,
            "started_time": "13:18:28",
            "teacher_id": 2,
            "token": null
        }
    },
    {
        "model": "api.classmeeting",
        "pk": 33,
        "fields": {
            "created_by_user": null,
            "deleted": "b'\\x00'",
            "modified_by_user": null,
            "class_id": 4,
            "class_name": "\u0631\u06cc\u0627\u0636\u06cc \u0627\u0648\u0644",
            "date": "2020-10-17T13:29:17Z",
            "degree": 3,
            "ended": "b'\\x01'",
            "ended_time": "13:31:02",
            "lesson_name": "\u0631\u06cc\u0627\u0636\u06cc \u0627\u0648\u0644",
            "level": 11,
            "school_id": 1,
            "section_id": 6,
            "started_time": "13:29:17",
            "teacher_id": 2,
            "token": null
        }
    },
    {
        "model": "api.classmeeting",
        "pk": 34,
        "fields": {
            "created_by_user": null,
            "deleted": "b'\\x00'",
            "modified_by_user": null,
            "class_id": 7,
            "class_name": "\u0631\u06cc\u0627\u0636\u06cc \u0627\u0648\u0644",
            "date": "2020-10-17T13:30:31Z",
            "degree": 3,
            "ended": "b'\\x01'",
            "ended_time": "14:26:15",
            "lesson_name": "\u0631\u06cc\u0627\u0636\u06cc \u0627\u0648\u0644",
            "level": 10,
            "school_id": 1,
            "section_id": 14,
            "started_time": "13:30:31",
            "teacher_id": 2,
            "token": null
        }
    },
    {
        "model": "api.classmeeting",
        "pk": 35,
        "fields": {
            "created_by_user": null,
            "deleted": "b'\\x00'",
            "modified_by_user": null,
            "class_id": 4,
            "class_name": "\u0631\u06cc\u0627\u0636\u06cc \u0627\u0648\u0644",
            "date": "2020-10-17T13:33:13Z",
            "degree": 3,
            "ended": "b'\\x01'",
            "ended_time": "14:00:23",
            "lesson_name": "\u0631\u06cc\u0627\u0636\u06cc \u0627\u0648\u0644",
            "level": 11,
            "school_id": 1,
            "section_id": 6,
            "started_time": "13:33:12",
            "teacher_id": 2,
            "token": null
        }
    },
    {
        "model": "api.classmeeting",
        "pk": 36,
        "fields": {
            "created_by_user": null,
            "deleted": "b'\\x00'",
            "modified_by_user": null,
            "class_id": 9,
            "class_name": "\u0631\u06cc\u0627\u0636\u06cc 1",
            "date": "2020-10-17T13:41:18Z",
            "degree": 3,
            "ended": "b'\\x01'",
            "ended_time": "10:20:00",
            "lesson_name": "\u0631\u06cc\u0627\u0636\u06cc 1",
            "level": 10,
            "school_id": 1,
            "section_id": 19,
            "started_time": "13:41:18",
            "teacher_id": 19,
            "token": null
        }
    },
    {
        "model": "api.classmeeting",
        "pk": 37,
        "fields": {
            "created_by_user": null,
            "deleted": "b'\\x00'",
            "modified_by_user": null,
            "class_id": 4,
            "class_name": "\u0631\u06cc\u0627\u0636\u06cc \u0627\u0648\u0644",
            "date": "2020-10-17T14:00:28Z",
            "degree": 3,
            "ended": "b'\\x01'",
            "ended_time": "14:05:48",
            "lesson_name": "\u0631\u06cc\u0627\u0636\u06cc \u0627\u0648\u0644",
            "level": 11,
            "school_id": 1,
            "section_id": 6,
            "started_time": "14:00:28",
            "teacher_id": 2,
            "token": null
        }
    },
    {
        "model": "api.classmeeting",
        "pk": 38,
        "fields": {
            "created_by_user": null,
            "deleted": "b'\\x00'",
            "modified_by_user": null,
            "class_id": 4,
            "class_name": "\u0631\u06cc\u0627\u0636\u06cc \u0627\u0648\u0644",
            "date": "2020-10-17T14:06:09Z",
            "degree": 3,
            "ended": "b'\\x01'",
            "ended_time": "14:09:01",
            "lesson_name": "\u0631\u06cc\u0627\u0636\u06cc \u0627\u0648\u0644",
            "level": 11,
            "school_id": 1,
            "section_id": 6,
            "started_time": "14:06:08",
            "teacher_id": 2,
            "token": null
        }
    },
    {
        "model": "api.classmeeting",
        "pk": 39,
        "fields": {
            "created_by_user": null,
            "deleted": "b'\\x00'",
            "modified_by_user": null,
            "class_id": 4,
            "class_name": "\u0631\u06cc\u0627\u0636\u06cc \u0627\u0648\u0644",
            "date": "2020-10-17T14:26:18Z",
            "degree": 3,
            "ended": "b'\\x01'",
            "ended_time": "16:31:22",
            "lesson_name": "\u0631\u06cc\u0627\u0636\u06cc \u0627\u0648\u0644",
            "level": 11,
            "school_id": 1,
            "section_id": 6,
            "started_time": "14:26:18",
            "teacher_id": 2,
            "token": null
        }
    },
    {
        "model": "api.classmeeting",
        "pk": 40,
        "fields": {
            "created_by_user": null,
            "deleted": "b'\\x00'",
            "modified_by_user": null,
            "class_id": 4,
            "class_name": "\u0631\u06cc\u0627\u0636\u06cc \u0627\u0648\u0644",
            "date": "2020-10-17T16:10:42Z",
            "degree": 3,
            "ended": "b'\\x01'",
            "ended_time": "16:31:09",
            "lesson_name": "\u0631\u06cc\u0627\u0636\u06cc \u0627\u0648\u0644",
            "level": 11,
            "school_id": 1,
            "section_id": 7,
            "started_time": "16:10:41",
            "teacher_id": 2,
            "token": null
        }
    },
    {
        "model": "api.classmeeting",
        "pk": 41,
        "fields": {
            "created_by_user": null,
            "deleted": "b'\\x00'",
            "modified_by_user": null,
            "class_id": 4,
            "class_name": "\u0631\u06cc\u0627\u0636\u06cc \u0627\u0648\u0644",
            "date": "2020-10-17T16:31:28Z",
            "degree": 3,
            "ended": "b'\\x01'",
            "ended_time": "16:54:18",
            "lesson_name": "\u0631\u06cc\u0627\u0636\u06cc \u0627\u0648\u0644",
            "level": 11,
            "school_id": 1,
            "section_id": 6,
            "started_time": "16:31:27",
            "teacher_id": 2,
            "token": null
        }
    },
    {
        "model": "api.classmeeting",
        "pk": 42,
        "fields": {
            "created_by_user": null,
            "deleted": "b'\\x00'",
            "modified_by_user": null,
            "class_id": 4,
            "class_name": "\u0631\u06cc\u0627\u0636\u06cc \u0627\u0648\u0644",
            "date": "2020-10-17T16:54:29Z",
            "degree": 3,
            "ended": "b'\\x01'",
            "ended_time": "19:56:50",
            "lesson_name": "\u0631\u06cc\u0627\u0636\u06cc \u0627\u0648\u0644",
            "level": 11,
            "school_id": 1,
            "section_id": 6,
            "started_time": "16:54:28",
            "teacher_id": 2,
            "token": null
        }
    },
    {
        "model": "api.classmeeting",
        "pk": 43,
        "fields": {
            "created_by_user": null,
            "deleted": "b'\\x00'",
            "modified_by_user": null,
            "class_id": 7,
            "class_name": "\u0631\u06cc\u0627\u0636\u06cc \u0627\u0648\u0644",
            "date": "2020-10-17T19:58:08Z",
            "degree": 3,
            "ended": "b'\\x01'",
            "ended_time": "19:58:27",
            "lesson_name": "\u0631\u06cc\u0627\u0636\u06cc \u0627\u0648\u0644",
            "level": 10,
            "school_id": 1,
            "section_id": 14,
            "started_time": "19:58:07",
            "teacher_id": 2,
            "token": null
        }
    },
    {
        "model": "api.classmeeting",
        "pk": 44,
        "fields": {
            "created_by_user": null,
            "deleted": "b'\\x00'",
            "modified_by_user": null,
            "class_id": 4,
            "class_name": "\u0631\u06cc\u0627\u0636\u06cc \u0627\u0648\u0644",
            "date": "2020-10-17T19:58:35Z",
            "degree": 3,
            "ended": "b'\\x01'",
            "ended_time": "20:02:54",
            "lesson_name": "\u0631\u06cc\u0627\u0636\u06cc \u0627\u0648\u0644",
            "level": 11,
            "school_id": 1,
            "section_id": 6,
            "started_time": "19:58:34",
            "teacher_id": 2,
            "token": null
        }
    },
    {
        "model": "api.classmeeting",
        "pk": 45,
        "fields": {
            "created_by_user": null,
            "deleted": "b'\\x00'",
            "modified_by_user": null,
            "class_id": 4,
            "class_name": "\u0631\u06cc\u0627\u0636\u06cc \u0627\u0648\u0644",
            "date": "2020-10-17T20:03:28Z",
            "degree": 3,
            "ended": "b'\\x01'",
            "ended_time": "20:05:38",
            "lesson_name": "\u0631\u06cc\u0627\u0636\u06cc \u0627\u0648\u0644",
            "level": 11,
            "school_id": 1,
            "section_id": 6,
            "started_time": "20:03:28",
            "teacher_id": 2,
            "token": null
        }
    },
    {
        "model": "api.classmeeting",
        "pk": 46,
        "fields": {
            "created_by_user": null,
            "deleted": "b'\\x00'",
            "modified_by_user": null,
            "class_id": 4,
            "class_name": "\u0631\u06cc\u0627\u0636\u06cc \u0627\u0648\u0644",
            "date": "2020-10-17T20:07:46Z",
            "degree": 3,
            "ended": "b'\\x01'",
            "ended_time": "20:19:35",
            "lesson_name": "\u0631\u06cc\u0627\u0636\u06cc \u0627\u0648\u0644",
            "level": 11,
            "school_id": 1,
            "section_id": 6,
            "started_time": "20:07:46",
            "teacher_id": 2,
            "token": null
        }
    },
    {
        "model": "api.classmeeting",
        "pk": 47,
        "fields": {
            "created_by_user": null,
            "deleted": "b'\\x00'",
            "modified_by_user": null,
            "class_id": 4,
            "class_name": "\u0631\u06cc\u0627\u0636\u06cc \u0627\u0648\u0644",
            "date": "2020-10-17T20:20:00Z",
            "degree": 3,
            "ended": "b'\\x01'",
            "ended_time": "20:39:06",
            "lesson_name": "\u0631\u06cc\u0627\u0636\u06cc \u0627\u0648\u0644",
            "level": 11,
            "school_id": 1,
            "section_id": 6,
            "started_time": "20:19:59",
            "teacher_id": 2,
            "token": null
        }
    },
    {
        "model": "api.classmeeting",
        "pk": 48,
        "fields": {
            "created_by_user": null,
            "deleted": "b'\\x00'",
            "modified_by_user": null,
            "class_id": 4,
            "class_name": "\u0631\u06cc\u0627\u0636\u06cc \u0627\u0648\u0644",
            "date": "2020-10-17T20:40:25Z",
            "degree": 3,
            "ended": "b'\\x01'",
            "ended_time": "20:40:31",
            "lesson_name": "\u0631\u06cc\u0627\u0636\u06cc \u0627\u0648\u0644",
            "level": 11,
            "school_id": 1,
            "section_id": 6,
            "started_time": "20:40:24",
            "teacher_id": 2,
            "token": null
        }
    },
    {
        "model": "api.classmeeting",
        "pk": 49,
        "fields": {
            "created_by_user": null,
            "deleted": "b'\\x00'",
            "modified_by_user": null,
            "class_id": 4,
            "class_name": "\u0631\u06cc\u0627\u0636\u06cc \u0627\u0648\u0644",
            "date": "2020-10-17T21:22:42Z",
            "degree": 3,
            "ended": "b'\\x01'",
            "ended_time": "21:23:27",
            "lesson_name": "\u0631\u06cc\u0627\u0636\u06cc \u0627\u0648\u0644",
            "level": 11,
            "school_id": 1,
            "section_id": 6,
            "started_time": "21:22:42",
            "teacher_id": 2,
            "token": null
        }
    },
    {
        "model": "api.classmeeting",
        "pk": 50,
        "fields": {
            "created_by_user": null,
            "deleted": "b'\\x00'",
            "modified_by_user": null,
            "class_id": 4,
            "class_name": "\u0631\u06cc\u0627\u0636\u06cc \u0627\u0648\u0644",
            "date": "2020-10-17T21:59:53Z",
            "degree": 3,
            "ended": "b'\\x01'",
            "ended_time": "22:02:26",
            "lesson_name": "\u0631\u06cc\u0627\u0636\u06cc \u0627\u0648\u0644",
            "level": 11,
            "school_id": 1,
            "section_id": 6,
            "started_time": "21:59:53",
            "teacher_id": 2,
            "token": null
        }
    },
    {
        "model": "api.classmeeting",
        "pk": 51,
        "fields": {
            "created_by_user": null,
            "deleted": "b'\\x00'",
            "modified_by_user": null,
            "class_id": 4,
            "class_name": "\u0631\u06cc\u0627\u0636\u06cc \u0627\u0648\u0644",
            "date": "2020-10-18T09:30:52Z",
            "degree": 3,
            "ended": "b'\\x01'",
            "ended_time": "09:49:29",
            "lesson_name": "\u0631\u06cc\u0627\u0636\u06cc \u0627\u0648\u0644",
            "level": 11,
            "school_id": 1,
            "section_id": 6,
            "started_time": "09:30:51",
            "teacher_id": 2,
            "token": null
        }
    },
    {
        "model": "api.classmeeting",
        "pk": 52,
        "fields": {
            "created_by_user": null,
            "deleted": "b'\\x00'",
            "modified_by_user": null,
            "class_id": 9,
            "class_name": "\u0631\u06cc\u0627\u0636\u06cc 1",
            "date": "2020-10-18T10:20:09Z",
            "degree": 3,
            "ended": "b'\\x01'",
            "ended_time": "10:40:08",
            "lesson_name": "\u0631\u06cc\u0627\u0636\u06cc 1",
            "level": 10,
            "school_id": 1,
            "section_id": 19,
            "started_time": "10:20:08",
            "teacher_id": 19,
            "token": null
        }
    },
    {
        "model": "api.classmeeting",
        "pk": 53,
        "fields": {
            "created_by_user": null,
            "deleted": "b'\\x00'",
            "modified_by_user": null,
            "class_id": 9,
            "class_name": "\u0631\u06cc\u0627\u0636\u06cc 1",
            "date": "2020-10-18T10:40:15Z",
            "degree": 3,
            "ended": "b'\\x01'",
            "ended_time": "10:40:24",
            "lesson_name": "\u0631\u06cc\u0627\u0636\u06cc 1",
            "level": 10,
            "school_id": 1,
            "section_id": 19,
            "started_time": "10:40:15",
            "teacher_id": 19,
            "token": null
        }
    },
    {
        "model": "api.classmeeting",
        "pk": 54,
        "fields": {
            "created_by_user": null,
            "deleted": "b'\\x00'",
            "modified_by_user": null,
            "class_id": 9,
            "class_name": "\u0631\u06cc\u0627\u0636\u06cc 1",
            "date": "2020-10-18T10:40:31Z",
            "degree": 3,
            "ended": "b'\\x01'",
            "ended_time": "10:40:55",
            "lesson_name": "\u0631\u06cc\u0627\u0636\u06cc 1",
            "level": 10,
            "school_id": 1,
            "section_id": 19,
            "started_time": "10:40:30",
            "teacher_id": 19,
            "token": null
        }
    },
    {
        "model": "api.classmeeting",
        "pk": 55,
        "fields": {
            "created_by_user": null,
            "deleted": "b'\\x00'",
            "modified_by_user": null,
            "class_id": 9,
            "class_name": "\u0631\u06cc\u0627\u0636\u06cc 1",
            "date": "2020-10-18T10:41:01Z",
            "degree": 3,
            "ended": "b'\\x01'",
            "ended_time": "10:46:03",
            "lesson_name": "\u0631\u06cc\u0627\u0636\u06cc 1",
            "level": 10,
            "school_id": 1,
            "section_id": 19,
            "started_time": "10:41:00",
            "teacher_id": 19,
            "token": null
        }
    },
    {
        "model": "api.classmeeting",
        "pk": 56,
        "fields": {
            "created_by_user": null,
            "deleted": "b'\\x00'",
            "modified_by_user": null,
            "class_id": 9,
            "class_name": "\u0631\u06cc\u0627\u0636\u06cc 1",
            "date": "2020-10-18T10:46:09Z",
            "degree": 3,
            "ended": "b'\\x01'",
            "ended_time": "11:48:22",
            "lesson_name": "\u0631\u06cc\u0627\u0636\u06cc 1",
            "level": 10,
            "school_id": 1,
            "section_id": 19,
            "started_time": "10:46:09",
            "teacher_id": 19,
            "token": null
        }
    },
    {
        "model": "api.classmeeting",
        "pk": 57,
        "fields": {
            "created_by_user": null,
            "deleted": "b'\\x00'",
            "modified_by_user": null,
            "class_id": 4,
            "class_name": "\u0631\u06cc\u0627\u0636\u06cc \u0627\u0648\u0644",
            "date": "2020-10-18T10:49:25Z",
            "degree": 3,
            "ended": "b'\\x01'",
            "ended_time": "10:49:56",
            "lesson_name": "\u0631\u06cc\u0627\u0636\u06cc \u0627\u0648\u0644",
            "level": 11,
            "school_id": 1,
            "section_id": 6,
            "started_time": "10:49:25",
            "teacher_id": 2,
            "token": null
        }
    },
    {
        "model": "api.classmeeting",
        "pk": 58,
        "fields": {
            "created_by_user": null,
            "deleted": "b'\\x00'",
            "modified_by_user": null,
            "class_id": 4,
            "class_name": "\u0631\u06cc\u0627\u0636\u06cc \u0627\u0648\u0644",
            "date": "2020-10-18T10:50:11Z",
            "degree": 3,
            "ended": "b'\\x01'",
            "ended_time": "10:58:02",
            "lesson_name": "\u0631\u06cc\u0627\u0636\u06cc \u0627\u0648\u0644",
            "level": 11,
            "school_id": 1,
            "section_id": 6,
            "started_time": "10:50:11",
            "teacher_id": 2,
            "token": null
        }
    },
    {
        "model": "api.classmeeting",
        "pk": 59,
        "fields": {
            "created_by_user": null,
            "deleted": "b'\\x00'",
            "modified_by_user": null,
            "class_id": 4,
            "class_name": "\u0631\u06cc\u0627\u0636\u06cc \u0627\u0648\u0644",
            "date": "2020-10-18T10:58:14Z",
            "degree": 3,
            "ended": "b'\\x01'",
            "ended_time": "10:59:33",
            "lesson_name": "\u0631\u06cc\u0627\u0636\u06cc \u0627\u0648\u0644",
            "level": 11,
            "school_id": 1,
            "section_id": 6,
            "started_time": "10:58:13",
            "teacher_id": 2,
            "token": null
        }
    },
    {
        "model": "api.classmeeting",
        "pk": 60,
        "fields": {
            "created_by_user": null,
            "deleted": "b'\\x00'",
            "modified_by_user": null,
            "class_id": 4,
            "class_name": "\u0631\u06cc\u0627\u0636\u06cc \u0627\u0648\u0644",
            "date": "2020-10-18T10:59:54Z",
            "degree": 3,
            "ended": "b'\\x01'",
            "ended_time": "11:05:09",
            "lesson_name": "\u0631\u06cc\u0627\u0636\u06cc \u0627\u0648\u0644",
            "level": 11,
            "school_id": 1,
            "section_id": 6,
            "started_time": "10:59:53",
            "teacher_id": 2,
            "token": null
        }
    },
    {
        "model": "api.classmeeting",
        "pk": 61,
        "fields": {
            "created_by_user": null,
            "deleted": "b'\\x00'",
            "modified_by_user": null,
            "class_id": 4,
            "class_name": "\u0631\u06cc\u0627\u0636\u06cc \u0627\u0648\u0644",
            "date": "2020-10-18T11:05:36Z",
            "degree": 3,
            "ended": "b'\\x01'",
            "ended_time": "11:13:07",
            "lesson_name": "\u0631\u06cc\u0627\u0636\u06cc \u0627\u0648\u0644",
            "level": 11,
            "school_id": 1,
            "section_id": 6,
            "started_time": "11:05:36",
            "teacher_id": 2,
            "token": null
        }
    },
    {
        "model": "api.classmeeting",
        "pk": 62,
        "fields": {
            "created_by_user": null,
            "deleted": "b'\\x00'",
            "modified_by_user": null,
            "class_id": 4,
            "class_name": "\u0631\u06cc\u0627\u0636\u06cc \u0627\u0648\u0644",
            "date": "2020-10-18T11:13:16Z",
            "degree": 3,
            "ended": "b'\\x01'",
            "ended_time": "11:14:23",
            "lesson_name": "\u0631\u06cc\u0627\u0636\u06cc \u0627\u0648\u0644",
            "level": 11,
            "school_id": 1,
            "section_id": 6,
            "started_time": "11:13:16",
            "teacher_id": 2,
            "token": null
        }
    },
    {
        "model": "api.classmeeting",
        "pk": 63,
        "fields": {
            "created_by_user": null,
            "deleted": "b'\\x00'",
            "modified_by_user": null,
            "class_id": 4,
            "class_name": "\u0631\u06cc\u0627\u0636\u06cc \u0627\u0648\u0644",
            "date": "2020-10-18T11:18:50Z",
            "degree": 3,
            "ended": "b'\\x01'",
            "ended_time": "11:35:36",
            "lesson_name": "\u0631\u06cc\u0627\u0636\u06cc \u0627\u0648\u0644",
            "level": 11,
            "school_id": 1,
            "section_id": 6,
            "started_time": "11:18:50",
            "teacher_id": 2,
            "token": null
        }
    },
    {
        "model": "api.classmeeting",
        "pk": 64,
        "fields": {
            "created_by_user": null,
            "deleted": "b'\\x00'",
            "modified_by_user": null,
            "class_id": 4,
            "class_name": "\u0631\u06cc\u0627\u0636\u06cc \u0627\u0648\u0644",
            "date": "2020-10-18T11:35:42Z",
            "degree": 3,
            "ended": "b'\\x01'",
            "ended_time": "11:48:28",
            "lesson_name": "\u0631\u06cc\u0627\u0636\u06cc \u0627\u0648\u0644",
            "level": 11,
            "school_id": 1,
            "section_id": 6,
            "started_time": "11:35:42",
            "teacher_id": 2,
            "token": null
        }
    },
    {
        "model": "api.classmeeting",
        "pk": 65,
        "fields": {
            "created_by_user": null,
            "deleted": "b'\\x00'",
            "modified_by_user": null,
            "class_id": 4,
            "class_name": "\u0631\u06cc\u0627\u0636\u06cc \u0627\u0648\u0644",
            "date": "2020-10-18T11:48:42Z",
            "degree": 3,
            "ended": "b'\\x01'",
            "ended_time": "11:54:59",
            "lesson_name": "\u0631\u06cc\u0627\u0636\u06cc \u0627\u0648\u0644",
            "level": 11,
            "school_id": 1,
            "section_id": 6,
            "started_time": "11:48:41",
            "teacher_id": 2,
            "token": null
        }
    },
    {
        "model": "api.classmeeting",
        "pk": 66,
        "fields": {
            "created_by_user": null,
            "deleted": "b'\\x00'",
            "modified_by_user": null,
            "class_id": 4,
            "class_name": "\u0631\u06cc\u0627\u0636\u06cc \u0627\u0648\u0644",
            "date": "2020-10-18T11:55:38Z",
            "degree": 3,
            "ended": "b'\\x01'",
            "ended_time": "11:57:56",
            "lesson_name": "\u0631\u06cc\u0627\u0636\u06cc \u0627\u0648\u0644",
            "level": 11,
            "school_id": 1,
            "section_id": 6,
            "started_time": "11:55:38",
            "teacher_id": 2,
            "token": null
        }
    },
    {
        "model": "api.classmeeting",
        "pk": 67,
        "fields": {
            "created_by_user": null,
            "deleted": "b'\\x00'",
            "modified_by_user": null,
            "class_id": 4,
            "class_name": "\u0631\u06cc\u0627\u0636\u06cc \u0627\u0648\u0644",
            "date": "2020-10-18T11:59:46Z",
            "degree": 3,
            "ended": "b'\\x01'",
            "ended_time": "12:04:20",
            "lesson_name": "\u0631\u06cc\u0627\u0636\u06cc \u0627\u0648\u0644",
            "level": 11,
            "school_id": 1,
            "section_id": 6,
            "started_time": "11:59:46",
            "teacher_id": 2,
            "token": null
        }
    },
    {
        "model": "api.classmeeting",
        "pk": 68,
        "fields": {
            "created_by_user": null,
            "deleted": "b'\\x00'",
            "modified_by_user": null,
            "class_id": 4,
            "class_name": "\u0631\u06cc\u0627\u0636\u06cc \u0627\u0648\u0644",
            "date": "2020-10-18T12:04:35Z",
            "degree": 3,
            "ended": "b'\\x01'",
            "ended_time": "12:13:23",
            "lesson_name": "\u0631\u06cc\u0627\u0636\u06cc \u0627\u0648\u0644",
            "level": 11,
            "school_id": 1,
            "section_id": 6,
            "started_time": "12:04:35",
            "teacher_id": 2,
            "token": null
        }
    },
    {
        "model": "api.classmeeting",
        "pk": 69,
        "fields": {
            "created_by_user": null,
            "deleted": "b'\\x00'",
            "modified_by_user": null,
            "class_id": 4,
            "class_name": "\u0631\u06cc\u0627\u0636\u06cc \u0627\u0648\u0644",
            "date": "2020-10-18T12:14:23Z",
            "degree": 3,
            "ended": "b'\\x01'",
            "ended_time": "12:15:37",
            "lesson_name": "\u0631\u06cc\u0627\u0636\u06cc \u0627\u0648\u0644",
            "level": 11,
            "school_id": 1,
            "section_id": 6,
            "started_time": "12:14:22",
            "teacher_id": 2,
            "token": null
        }
    },
    {
        "model": "api.classmeeting",
        "pk": 70,
        "fields": {
            "created_by_user": null,
            "deleted": "b'\\x00'",
            "modified_by_user": null,
            "class_id": 4,
            "class_name": "\u0631\u06cc\u0627\u0636\u06cc \u0627\u0648\u0644",
            "date": "2020-10-18T12:15:47Z",
            "degree": 3,
            "ended": "b'\\x01'",
            "ended_time": "12:19:38",
            "lesson_name": "\u0631\u06cc\u0627\u0636\u06cc \u0627\u0648\u0644",
            "level": 11,
            "school_id": 1,
            "section_id": 6,
            "started_time": "12:15:47",
            "teacher_id": 2,
            "token": null
        }
    },
    {
        "model": "api.classmeeting",
        "pk": 71,
        "fields": {
            "created_by_user": null,
            "deleted": "b'\\x00'",
            "modified_by_user": null,
            "class_id": 4,
            "class_name": "\u0631\u06cc\u0627\u0636\u06cc \u0627\u0648\u0644",
            "date": "2020-10-18T12:19:59Z",
            "degree": 3,
            "ended": "b'\\x01'",
            "ended_time": "12:22:19",
            "lesson_name": "\u0631\u06cc\u0627\u0636\u06cc \u0627\u0648\u0644",
            "level": 11,
            "school_id": 1,
            "section_id": 6,
            "started_time": "12:19:58",
            "teacher_id": 2,
            "token": null
        }
    },
    {
        "model": "api.classmeeting",
        "pk": 72,
        "fields": {
            "created_by_user": null,
            "deleted": "b'\\x00'",
            "modified_by_user": null,
            "class_id": 4,
            "class_name": "\u0631\u06cc\u0627\u0636\u06cc \u0627\u0648\u0644",
            "date": "2020-10-18T12:28:04Z",
            "degree": 3,
            "ended": "b'\\x01'",
            "ended_time": "13:30:16",
            "lesson_name": "\u0631\u06cc\u0627\u0636\u06cc \u0627\u0648\u0644",
            "level": 11,
            "school_id": 1,
            "section_id": 6,
            "started_time": "12:28:04",
            "teacher_id": 2,
            "token": null
        }
    },
    {
        "model": "api.classmeeting",
        "pk": 73,
        "fields": {
            "created_by_user": null,
            "deleted": "b'\\x00'",
            "modified_by_user": null,
            "class_id": 9,
            "class_name": "\u0631\u06cc\u0627\u0636\u06cc 1",
            "date": "2020-10-18T12:51:54Z",
            "degree": 3,
            "ended": "b'\\x01'",
            "ended_time": "12:52:50",
            "lesson_name": "\u0631\u06cc\u0627\u0636\u06cc 1",
            "level": 10,
            "school_id": 1,
            "section_id": 19,
            "started_time": "12:51:54",
            "teacher_id": 19,
            "token": null
        }
    },
    {
        "model": "api.classmeeting",
        "pk": 74,
        "fields": {
            "created_by_user": null,
            "deleted": "b'\\x00'",
            "modified_by_user": null,
            "class_id": 4,
            "class_name": "\u0631\u06cc\u0627\u0636\u06cc \u0627\u0648\u0644",
            "date": "2020-10-18T13:32:51Z",
            "degree": 3,
            "ended": "b'\\x00'",
            "ended_time": null,
            "lesson_name": "\u0631\u06cc\u0627\u0636\u06cc \u0627\u0648\u0644",
            "level": 11,
            "school_id": 1,
            "section_id": 6,
            "started_time": "13:32:51",
            "teacher_id": 2,
            "token": "IbNQeyVOlQdyIPSlhpui"
        }
    },
    {
        "model": "api.classmeeting",
        "pk": 75,
        "fields": {
            "created_by_user": null,
            "deleted": "b'\\x00'",
            "modified_by_user": null,
            "class_id": 9,
            "class_name": "\u0631\u06cc\u0627\u0636\u06cc 1",
            "date": "2020-10-18T13:45:09Z",
            "degree": 3,
            "ended": "b'\\x01'",
            "ended_time": "14:13:46",
            "lesson_name": "\u0631\u06cc\u0627\u0636\u06cc 1",
            "level": 10,
            "school_id": 1,
            "section_id": 19,
            "started_time": "13:45:08",
            "teacher_id": 19,
            "token": null
        }
    },
    {
        "model": "api.classmeeting",
        "pk": 76,
        "fields": {
            "created_by_user": null,
            "deleted": "b'\\x00'",
            "modified_by_user": null,
            "class_id": 9,
            "class_name": "\u0631\u06cc\u0627\u0636\u06cc 1",
            "date": "2020-10-18T14:13:56Z",
            "degree": 3,
            "ended": "b'\\x00'",
            "ended_time": null,
            "lesson_name": "\u0631\u06cc\u0627\u0636\u06cc 1",
            "level": 10,
            "school_id": 1,
            "section_id": 19,
            "started_time": "14:13:56",
            "teacher_id": 19,
            "token": "dijbZgkmpCWudAqkZaTm"
        }
    },
    {
        "model": "api.classmeetingstudents",
        "pk": 1,
        "fields": {
            "class_meeting": 1,
            "students": 3
        }
    },
    {
        "model": "api.classmeetingstudents",
        "pk": 2,
        "fields": {
            "class_meeting": 1,
            "students": 4
        }
    },
    {
        "model": "api.classmeetingstudents",
        "pk": 3,
        "fields": {
            "class_meeting": 1,
            "students": 5
        }
    },
    {
        "model": "api.classmeetingstudents",
        "pk": 4,
        "fields": {
            "class_meeting": 1,
            "students": 6
        }
    },
    {
        "model": "api.classmeetingstudents",
        "pk": 5,
        "fields": {
            "class_meeting": 1,
            "students": 7
        }
    },
    {
        "model": "api.classmeetingstudents",
        "pk": 6,
        "fields": {
            "class_meeting": 1,
            "students": 8
        }
    },
    {
        "model": "api.classmeetingstudents",
        "pk": 7,
        "fields": {
            "class_meeting": 1,
            "students": 9
        }
    },
    {
        "model": "api.classmeetingstudents",
        "pk": 8,
        "fields": {
            "class_meeting": 1,
            "students": 10
        }
    },
    {
        "model": "api.classmeetingstudents",
        "pk": 9,
        "fields": {
            "class_meeting": 1,
            "students": 11
        }
    },
    {
        "model": "api.classmeetingstudents",
        "pk": 10,
        "fields": {
            "class_meeting": 1,
            "students": 12
        }
    },
    {
        "model": "api.classmeetingstudents",
        "pk": 11,
        "fields": {
            "class_meeting": 2,
            "students": 3
        }
    },
    {
        "model": "api.classmeetingstudents",
        "pk": 12,
        "fields": {
            "class_meeting": 2,
            "students": 4
        }
    },
    {
        "model": "api.classmeetingstudents",
        "pk": 13,
        "fields": {
            "class_meeting": 2,
            "students": 5
        }
    },
    {
        "model": "api.classmeetingstudents",
        "pk": 14,
        "fields": {
            "class_meeting": 2,
            "students": 6
        }
    },
    {
        "model": "api.classmeetingstudents",
        "pk": 15,
        "fields": {
            "class_meeting": 2,
            "students": 7
        }
    },
    {
        "model": "api.classmeetingstudents",
        "pk": 16,
        "fields": {
            "class_meeting": 2,
            "students": 8
        }
    },
    {
        "model": "api.classmeetingstudents",
        "pk": 17,
        "fields": {
            "class_meeting": 2,
            "students": 9
        }
    },
    {
        "model": "api.classmeetingstudents",
        "pk": 18,
        "fields": {
            "class_meeting": 2,
            "students": 10
        }
    },
    {
        "model": "api.classmeetingstudents",
        "pk": 19,
        "fields": {
            "class_meeting": 2,
            "students": 11
        }
    },
    {
        "model": "api.classmeetingstudents",
        "pk": 20,
        "fields": {
            "class_meeting": 2,
            "students": 12
        }
    },
    {
        "model": "api.classmeetingstudents",
        "pk": 21,
        "fields": {
            "class_meeting": 3,
            "students": 3
        }
    },
    {
        "model": "api.classmeetingstudents",
        "pk": 22,
        "fields": {
            "class_meeting": 3,
            "students": 4
        }
    },
    {
        "model": "api.classmeetingstudents",
        "pk": 23,
        "fields": {
            "class_meeting": 3,
            "students": 5
        }
    },
    {
        "model": "api.classmeetingstudents",
        "pk": 24,
        "fields": {
            "class_meeting": 3,
            "students": 6
        }
    },
    {
        "model": "api.classmeetingstudents",
        "pk": 25,
        "fields": {
            "class_meeting": 3,
            "students": 7
        }
    },
    {
        "model": "api.classmeetingstudents",
        "pk": 26,
        "fields": {
            "class_meeting": 3,
            "students": 8
        }
    },
    {
        "model": "api.classmeetingstudents",
        "pk": 27,
        "fields": {
            "class_meeting": 3,
            "students": 9
        }
    },
    {
        "model": "api.classmeetingstudents",
        "pk": 28,
        "fields": {
            "class_meeting": 3,
            "students": 10
        }
    },
    {
        "model": "api.classmeetingstudents",
        "pk": 29,
        "fields": {
            "class_meeting": 3,
            "students": 11
        }
    },
    {
        "model": "api.classmeetingstudents",
        "pk": 30,
        "fields": {
            "class_meeting": 3,
            "students": 12
        }
    },
    {
        "model": "api.classmeetingstudents",
        "pk": 31,
        "fields": {
            "class_meeting": 4,
            "students": 3
        }
    },
    {
        "model": "api.classmeetingstudents",
        "pk": 32,
        "fields": {
            "class_meeting": 4,
            "students": 4
        }
    },
    {
        "model": "api.classmeetingstudents",
        "pk": 33,
        "fields": {
            "class_meeting": 4,
            "students": 5
        }
    },
    {
        "model": "api.classmeetingstudents",
        "pk": 34,
        "fields": {
            "class_meeting": 4,
            "students": 6
        }
    },
    {
        "model": "api.classmeetingstudents",
        "pk": 35,
        "fields": {
            "class_meeting": 4,
            "students": 7
        }
    },
    {
        "model": "api.classmeetingstudents",
        "pk": 36,
        "fields": {
            "class_meeting": 4,
            "students": 8
        }
    },
    {
        "model": "api.classmeetingstudents",
        "pk": 37,
        "fields": {
            "class_meeting": 4,
            "students": 9
        }
    },
    {
        "model": "api.classmeetingstudents",
        "pk": 38,
        "fields": {
            "class_meeting": 4,
            "students": 10
        }
    },
    {
        "model": "api.classmeetingstudents",
        "pk": 39,
        "fields": {
            "class_meeting": 4,
            "students": 11
        }
    },
    {
        "model": "api.classmeetingstudents",
        "pk": 40,
        "fields": {
            "class_meeting": 4,
            "students": 12
        }
    },
    {
        "model": "api.classmeetingstudents",
        "pk": 41,
        "fields": {
            "class_meeting": 5,
            "students": 3
        }
    },
    {
        "model": "api.classmeetingstudents",
        "pk": 42,
        "fields": {
            "class_meeting": 5,
            "students": 4
        }
    },
    {
        "model": "api.classmeetingstudents",
        "pk": 43,
        "fields": {
            "class_meeting": 5,
            "students": 5
        }
    },
    {
        "model": "api.classmeetingstudents",
        "pk": 44,
        "fields": {
            "class_meeting": 5,
            "students": 6
        }
    },
    {
        "model": "api.classmeetingstudents",
        "pk": 45,
        "fields": {
            "class_meeting": 5,
            "students": 7
        }
    },
    {
        "model": "api.classmeetingstudents",
        "pk": 46,
        "fields": {
            "class_meeting": 5,
            "students": 8
        }
    },
    {
        "model": "api.classmeetingstudents",
        "pk": 47,
        "fields": {
            "class_meeting": 5,
            "students": 9
        }
    },
    {
        "model": "api.classmeetingstudents",
        "pk": 48,
        "fields": {
            "class_meeting": 5,
            "students": 10
        }
    },
    {
        "model": "api.classmeetingstudents",
        "pk": 49,
        "fields": {
            "class_meeting": 5,
            "students": 11
        }
    },
    {
        "model": "api.classmeetingstudents",
        "pk": 50,
        "fields": {
            "class_meeting": 5,
            "students": 12
        }
    },
    {
        "model": "api.classmeetingstudents",
        "pk": 51,
        "fields": {
            "class_meeting": 6,
            "students": 3
        }
    },
    {
        "model": "api.classmeetingstudents",
        "pk": 52,
        "fields": {
            "class_meeting": 6,
            "students": 4
        }
    },
    {
        "model": "api.classmeetingstudents",
        "pk": 53,
        "fields": {
            "class_meeting": 6,
            "students": 5
        }
    },
    {
        "model": "api.classmeetingstudents",
        "pk": 54,
        "fields": {
            "class_meeting": 6,
            "students": 6
        }
    },
    {
        "model": "api.classmeetingstudents",
        "pk": 55,
        "fields": {
            "class_meeting": 6,
            "students": 7
        }
    },
    {
        "model": "api.classmeetingstudents",
        "pk": 56,
        "fields": {
            "class_meeting": 6,
            "students": 8
        }
    },
    {
        "model": "api.classmeetingstudents",
        "pk": 57,
        "fields": {
            "class_meeting": 6,
            "students": 9
        }
    },
    {
        "model": "api.classmeetingstudents",
        "pk": 58,
        "fields": {
            "class_meeting": 6,
            "students": 10
        }
    },
    {
        "model": "api.classmeetingstudents",
        "pk": 59,
        "fields": {
            "class_meeting": 6,
            "students": 11
        }
    },
    {
        "model": "api.classmeetingstudents",
        "pk": 60,
        "fields": {
            "class_meeting": 6,
            "students": 12
        }
    },
    {
        "model": "api.classmeetingstudents",
        "pk": 61,
        "fields": {
            "class_meeting": 7,
            "students": 3
        }
    },
    {
        "model": "api.classmeetingstudents",
        "pk": 62,
        "fields": {
            "class_meeting": 7,
            "students": 4
        }
    },
    {
        "model": "api.classmeetingstudents",
        "pk": 63,
        "fields": {
            "class_meeting": 7,
            "students": 5
        }
    },
    {
        "model": "api.classmeetingstudents",
        "pk": 64,
        "fields": {
            "class_meeting": 7,
            "students": 6
        }
    },
    {
        "model": "api.classmeetingstudents",
        "pk": 65,
        "fields": {
            "class_meeting": 7,
            "students": 7
        }
    },
    {
        "model": "api.classmeetingstudents",
        "pk": 66,
        "fields": {
            "class_meeting": 7,
            "students": 8
        }
    },
    {
        "model": "api.classmeetingstudents",
        "pk": 67,
        "fields": {
            "class_meeting": 7,
            "students": 9
        }
    },
    {
        "model": "api.classmeetingstudents",
        "pk": 68,
        "fields": {
            "class_meeting": 7,
            "students": 10
        }
    },
    {
        "model": "api.classmeetingstudents",
        "pk": 69,
        "fields": {
            "class_meeting": 7,
            "students": 11
        }
    },
    {
        "model": "api.classmeetingstudents",
        "pk": 70,
        "fields": {
            "class_meeting": 7,
            "students": 12
        }
    },
    {
        "model": "api.classmeetingstudents",
        "pk": 71,
        "fields": {
            "class_meeting": 8,
            "students": 3
        }
    },
    {
        "model": "api.classmeetingstudents",
        "pk": 72,
        "fields": {
            "class_meeting": 8,
            "students": 4
        }
    },
    {
        "model": "api.classmeetingstudents",
        "pk": 73,
        "fields": {
            "class_meeting": 8,
            "students": 5
        }
    },
    {
        "model": "api.classmeetingstudents",
        "pk": 74,
        "fields": {
            "class_meeting": 8,
            "students": 6
        }
    },
    {
        "model": "api.classmeetingstudents",
        "pk": 75,
        "fields": {
            "class_meeting": 8,
            "students": 7
        }
    },
    {
        "model": "api.classmeetingstudents",
        "pk": 76,
        "fields": {
            "class_meeting": 8,
            "students": 8
        }
    },
    {
        "model": "api.classmeetingstudents",
        "pk": 77,
        "fields": {
            "class_meeting": 8,
            "students": 9
        }
    },
    {
        "model": "api.classmeetingstudents",
        "pk": 78,
        "fields": {
            "class_meeting": 8,
            "students": 10
        }
    },
    {
        "model": "api.classmeetingstudents",
        "pk": 79,
        "fields": {
            "class_meeting": 8,
            "students": 11
        }
    },
    {
        "model": "api.classmeetingstudents",
        "pk": 80,
        "fields": {
            "class_meeting": 8,
            "students": 12
        }
    },
    {
        "model": "api.classmeetingstudents",
        "pk": 81,
        "fields": {
            "class_meeting": 9,
            "students": 3
        }
    },
    {
        "model": "api.classmeetingstudents",
        "pk": 82,
        "fields": {
            "class_meeting": 9,
            "students": 4
        }
    },
    {
        "model": "api.classmeetingstudents",
        "pk": 83,
        "fields": {
            "class_meeting": 9,
            "students": 5
        }
    },
    {
        "model": "api.classmeetingstudents",
        "pk": 84,
        "fields": {
            "class_meeting": 9,
            "students": 6
        }
    },
    {
        "model": "api.classmeetingstudents",
        "pk": 85,
        "fields": {
            "class_meeting": 9,
            "students": 7
        }
    },
    {
        "model": "api.classmeetingstudents",
        "pk": 86,
        "fields": {
            "class_meeting": 9,
            "students": 8
        }
    },
    {
        "model": "api.classmeetingstudents",
        "pk": 87,
        "fields": {
            "class_meeting": 9,
            "students": 9
        }
    },
    {
        "model": "api.classmeetingstudents",
        "pk": 88,
        "fields": {
            "class_meeting": 9,
            "students": 10
        }
    },
    {
        "model": "api.classmeetingstudents",
        "pk": 89,
        "fields": {
            "class_meeting": 9,
            "students": 11
        }
    },
    {
        "model": "api.classmeetingstudents",
        "pk": 90,
        "fields": {
            "class_meeting": 9,
            "students": 12
        }
    },
    {
        "model": "api.classmeetingstudents",
        "pk": 91,
        "fields": {
            "class_meeting": 10,
            "students": 3
        }
    },
    {
        "model": "api.classmeetingstudents",
        "pk": 92,
        "fields": {
            "class_meeting": 10,
            "students": 4
        }
    },
    {
        "model": "api.classmeetingstudents",
        "pk": 93,
        "fields": {
            "class_meeting": 10,
            "students": 5
        }
    },
    {
        "model": "api.classmeetingstudents",
        "pk": 94,
        "fields": {
            "class_meeting": 10,
            "students": 6
        }
    },
    {
        "model": "api.classmeetingstudents",
        "pk": 95,
        "fields": {
            "class_meeting": 10,
            "students": 7
        }
    },
    {
        "model": "api.classmeetingstudents",
        "pk": 96,
        "fields": {
            "class_meeting": 10,
            "students": 8
        }
    },
    {
        "model": "api.classmeetingstudents",
        "pk": 97,
        "fields": {
            "class_meeting": 10,
            "students": 9
        }
    },
    {
        "model": "api.classmeetingstudents",
        "pk": 98,
        "fields": {
            "class_meeting": 10,
            "students": 10
        }
    },
    {
        "model": "api.classmeetingstudents",
        "pk": 99,
        "fields": {
            "class_meeting": 10,
            "students": 11
        }
    },
    {
        "model": "api.classmeetingstudents",
        "pk": 100,
        "fields": {
            "class_meeting": 10,
            "students": 12
        }
    },
    {
        "model": "api.classmeetingstudents",
        "pk": 101,
        "fields": {
            "class_meeting": 11,
            "students": 3
        }
    },
    {
        "model": "api.classmeetingstudents",
        "pk": 102,
        "fields": {
            "class_meeting": 11,
            "students": 4
        }
    },
    {
        "model": "api.classmeetingstudents",
        "pk": 103,
        "fields": {
            "class_meeting": 11,
            "students": 5
        }
    },
    {
        "model": "api.classmeetingstudents",
        "pk": 104,
        "fields": {
            "class_meeting": 11,
            "students": 6
        }
    },
    {
        "model": "api.classmeetingstudents",
        "pk": 105,
        "fields": {
            "class_meeting": 11,
            "students": 7
        }
    },
    {
        "model": "api.classmeetingstudents",
        "pk": 106,
        "fields": {
            "class_meeting": 11,
            "students": 8
        }
    },
    {
        "model": "api.classmeetingstudents",
        "pk": 107,
        "fields": {
            "class_meeting": 11,
            "students": 9
        }
    },
    {
        "model": "api.classmeetingstudents",
        "pk": 108,
        "fields": {
            "class_meeting": 11,
            "students": 10
        }
    },
    {
        "model": "api.classmeetingstudents",
        "pk": 109,
        "fields": {
            "class_meeting": 11,
            "students": 11
        }
    },
    {
        "model": "api.classmeetingstudents",
        "pk": 110,
        "fields": {
            "class_meeting": 11,
            "students": 12
        }
    },
    {
        "model": "api.classmeetingstudents",
        "pk": 111,
        "fields": {
            "class_meeting": 14,
            "students": 3
        }
    },
    {
        "model": "api.classmeetingstudents",
        "pk": 112,
        "fields": {
            "class_meeting": 14,
            "students": 4
        }
    },
    {
        "model": "api.classmeetingstudents",
        "pk": 113,
        "fields": {
            "class_meeting": 14,
            "students": 5
        }
    },
    {
        "model": "api.classmeetingstudents",
        "pk": 114,
        "fields": {
            "class_meeting": 14,
            "students": 6
        }
    },
    {
        "model": "api.classmeetingstudents",
        "pk": 115,
        "fields": {
            "class_meeting": 14,
            "students": 7
        }
    },
    {
        "model": "api.classmeetingstudents",
        "pk": 116,
        "fields": {
            "class_meeting": 14,
            "students": 8
        }
    },
    {
        "model": "api.classmeetingstudents",
        "pk": 117,
        "fields": {
            "class_meeting": 14,
            "students": 9
        }
    },
    {
        "model": "api.classmeetingstudents",
        "pk": 118,
        "fields": {
            "class_meeting": 14,
            "students": 10
        }
    },
    {
        "model": "api.classmeetingstudents",
        "pk": 119,
        "fields": {
            "class_meeting": 14,
            "students": 11
        }
    },
    {
        "model": "api.classmeetingstudents",
        "pk": 120,
        "fields": {
            "class_meeting": 14,
            "students": 12
        }
    },
    {
        "model": "api.classmeetingstudents",
        "pk": 121,
        "fields": {
            "class_meeting": 12,
            "students": 3
        }
    },
    {
        "model": "api.classmeetingstudents",
        "pk": 122,
        "fields": {
            "class_meeting": 12,
            "students": 4
        }
    },
    {
        "model": "api.classmeetingstudents",
        "pk": 123,
        "fields": {
            "class_meeting": 12,
            "students": 5
        }
    },
    {
        "model": "api.classmeetingstudents",
        "pk": 124,
        "fields": {
            "class_meeting": 12,
            "students": 6
        }
    },
    {
        "model": "api.classmeetingstudents",
        "pk": 125,
        "fields": {
            "class_meeting": 12,
            "students": 7
        }
    },
    {
        "model": "api.classmeetingstudents",
        "pk": 126,
        "fields": {
            "class_meeting": 12,
            "students": 8
        }
    },
    {
        "model": "api.classmeetingstudents",
        "pk": 127,
        "fields": {
            "class_meeting": 12,
            "students": 9
        }
    },
    {
        "model": "api.classmeetingstudents",
        "pk": 128,
        "fields": {
            "class_meeting": 12,
            "students": 10
        }
    },
    {
        "model": "api.classmeetingstudents",
        "pk": 129,
        "fields": {
            "class_meeting": 12,
            "students": 11
        }
    },
    {
        "model": "api.classmeetingstudents",
        "pk": 130,
        "fields": {
            "class_meeting": 12,
            "students": 12
        }
    },
    {
        "model": "api.classmeetingstudents",
        "pk": 131,
        "fields": {
            "class_meeting": 16,
            "students": 3
        }
    },
    {
        "model": "api.classmeetingstudents",
        "pk": 132,
        "fields": {
            "class_meeting": 16,
            "students": 4
        }
    },
    {
        "model": "api.classmeetingstudents",
        "pk": 133,
        "fields": {
            "class_meeting": 16,
            "students": 5
        }
    },
    {
        "model": "api.classmeetingstudents",
        "pk": 134,
        "fields": {
            "class_meeting": 16,
            "students": 6
        }
    },
    {
        "model": "api.classmeetingstudents",
        "pk": 135,
        "fields": {
            "class_meeting": 16,
            "students": 7
        }
    },
    {
        "model": "api.classmeetingstudents",
        "pk": 136,
        "fields": {
            "class_meeting": 16,
            "students": 8
        }
    },
    {
        "model": "api.classmeetingstudents",
        "pk": 137,
        "fields": {
            "class_meeting": 16,
            "students": 9
        }
    },
    {
        "model": "api.classmeetingstudents",
        "pk": 138,
        "fields": {
            "class_meeting": 16,
            "students": 10
        }
    },
    {
        "model": "api.classmeetingstudents",
        "pk": 139,
        "fields": {
            "class_meeting": 16,
            "students": 11
        }
    },
    {
        "model": "api.classmeetingstudents",
        "pk": 140,
        "fields": {
            "class_meeting": 16,
            "students": 12
        }
    },
    {
        "model": "api.classmeetingstudents",
        "pk": 141,
        "fields": {
            "class_meeting": 13,
            "students": 17
        }
    },
    {
        "model": "api.classmeetingstudents",
        "pk": 142,
        "fields": {
            "class_meeting": 13,
            "students": 18
        }
    },
    {
        "model": "api.classmeetingstudents",
        "pk": 143,
        "fields": {
            "class_meeting": 15,
            "students": 3
        }
    },
    {
        "model": "api.classmeetingstudents",
        "pk": 144,
        "fields": {
            "class_meeting": 15,
            "students": 4
        }
    },
    {
        "model": "api.classmeetingstudents",
        "pk": 145,
        "fields": {
            "class_meeting": 15,
            "students": 5
        }
    },
    {
        "model": "api.classmeetingstudents",
        "pk": 146,
        "fields": {
            "class_meeting": 15,
            "students": 6
        }
    },
    {
        "model": "api.classmeetingstudents",
        "pk": 147,
        "fields": {
            "class_meeting": 15,
            "students": 7
        }
    },
    {
        "model": "api.classmeetingstudents",
        "pk": 148,
        "fields": {
            "class_meeting": 15,
            "students": 8
        }
    },
    {
        "model": "api.classmeetingstudents",
        "pk": 149,
        "fields": {
            "class_meeting": 15,
            "students": 9
        }
    },
    {
        "model": "api.classmeetingstudents",
        "pk": 150,
        "fields": {
            "class_meeting": 15,
            "students": 10
        }
    },
    {
        "model": "api.classmeetingstudents",
        "pk": 151,
        "fields": {
            "class_meeting": 15,
            "students": 11
        }
    },
    {
        "model": "api.classmeetingstudents",
        "pk": 152,
        "fields": {
            "class_meeting": 15,
            "students": 12
        }
    },
    {
        "model": "api.classmeetingstudents",
        "pk": 153,
        "fields": {
            "class_meeting": 17,
            "students": 3
        }
    },
    {
        "model": "api.classmeetingstudents",
        "pk": 154,
        "fields": {
            "class_meeting": 17,
            "students": 4
        }
    },
    {
        "model": "api.classmeetingstudents",
        "pk": 155,
        "fields": {
            "class_meeting": 17,
            "students": 5
        }
    },
    {
        "model": "api.classmeetingstudents",
        "pk": 156,
        "fields": {
            "class_meeting": 17,
            "students": 6
        }
    },
    {
        "model": "api.classmeetingstudents",
        "pk": 157,
        "fields": {
            "class_meeting": 17,
            "students": 7
        }
    },
    {
        "model": "api.classmeetingstudents",
        "pk": 158,
        "fields": {
            "class_meeting": 17,
            "students": 8
        }
    },
    {
        "model": "api.classmeetingstudents",
        "pk": 159,
        "fields": {
            "class_meeting": 17,
            "students": 9
        }
    },
    {
        "model": "api.classmeetingstudents",
        "pk": 160,
        "fields": {
            "class_meeting": 17,
            "students": 10
        }
    },
    {
        "model": "api.classmeetingstudents",
        "pk": 161,
        "fields": {
            "class_meeting": 17,
            "students": 11
        }
    },
    {
        "model": "api.classmeetingstudents",
        "pk": 162,
        "fields": {
            "class_meeting": 17,
            "students": 12
        }
    },
    {
        "model": "api.classmeetingstudents",
        "pk": 163,
        "fields": {
            "class_meeting": 18,
            "students": 3
        }
    },
    {
        "model": "api.classmeetingstudents",
        "pk": 164,
        "fields": {
            "class_meeting": 18,
            "students": 4
        }
    },
    {
        "model": "api.classmeetingstudents",
        "pk": 165,
        "fields": {
            "class_meeting": 18,
            "students": 5
        }
    },
    {
        "model": "api.classmeetingstudents",
        "pk": 166,
        "fields": {
            "class_meeting": 18,
            "students": 6
        }
    },
    {
        "model": "api.classmeetingstudents",
        "pk": 167,
        "fields": {
            "class_meeting": 18,
            "students": 7
        }
    },
    {
        "model": "api.classmeetingstudents",
        "pk": 168,
        "fields": {
            "class_meeting": 18,
            "students": 8
        }
    },
    {
        "model": "api.classmeetingstudents",
        "pk": 169,
        "fields": {
            "class_meeting": 18,
            "students": 9
        }
    },
    {
        "model": "api.classmeetingstudents",
        "pk": 170,
        "fields": {
            "class_meeting": 18,
            "students": 10
        }
    },
    {
        "model": "api.classmeetingstudents",
        "pk": 171,
        "fields": {
            "class_meeting": 18,
            "students": 11
        }
    },
    {
        "model": "api.classmeetingstudents",
        "pk": 172,
        "fields": {
            "class_meeting": 18,
            "students": 12
        }
    },
    {
        "model": "api.classmeetingstudents",
        "pk": 173,
        "fields": {
            "class_meeting": 19,
            "students": 3
        }
    },
    {
        "model": "api.classmeetingstudents",
        "pk": 174,
        "fields": {
            "class_meeting": 19,
            "students": 4
        }
    },
    {
        "model": "api.classmeetingstudents",
        "pk": 175,
        "fields": {
            "class_meeting": 19,
            "students": 5
        }
    },
    {
        "model": "api.classmeetingstudents",
        "pk": 176,
        "fields": {
            "class_meeting": 19,
            "students": 6
        }
    },
    {
        "model": "api.classmeetingstudents",
        "pk": 177,
        "fields": {
            "class_meeting": 19,
            "students": 7
        }
    },
    {
        "model": "api.classmeetingstudents",
        "pk": 178,
        "fields": {
            "class_meeting": 19,
            "students": 8
        }
    },
    {
        "model": "api.classmeetingstudents",
        "pk": 179,
        "fields": {
            "class_meeting": 19,
            "students": 9
        }
    },
    {
        "model": "api.classmeetingstudents",
        "pk": 180,
        "fields": {
            "class_meeting": 19,
            "students": 10
        }
    },
    {
        "model": "api.classmeetingstudents",
        "pk": 181,
        "fields": {
            "class_meeting": 19,
            "students": 11
        }
    },
    {
        "model": "api.classmeetingstudents",
        "pk": 182,
        "fields": {
            "class_meeting": 19,
            "students": 12
        }
    },
    {
        "model": "api.classmeetingstudents",
        "pk": 183,
        "fields": {
            "class_meeting": 20,
            "students": 17
        }
    },
    {
        "model": "api.classmeetingstudents",
        "pk": 184,
        "fields": {
            "class_meeting": 20,
            "students": 18
        }
    },
    {
        "model": "api.classmeetingstudents",
        "pk": 185,
        "fields": {
            "class_meeting": 21,
            "students": 3
        }
    },
    {
        "model": "api.classmeetingstudents",
        "pk": 186,
        "fields": {
            "class_meeting": 21,
            "students": 4
        }
    },
    {
        "model": "api.classmeetingstudents",
        "pk": 187,
        "fields": {
            "class_meeting": 21,
            "students": 5
        }
    },
    {
        "model": "api.classmeetingstudents",
        "pk": 188,
        "fields": {
            "class_meeting": 21,
            "students": 6
        }
    },
    {
        "model": "api.classmeetingstudents",
        "pk": 189,
        "fields": {
            "class_meeting": 21,
            "students": 7
        }
    },
    {
        "model": "api.classmeetingstudents",
        "pk": 190,
        "fields": {
            "class_meeting": 21,
            "students": 8
        }
    },
    {
        "model": "api.classmeetingstudents",
        "pk": 191,
        "fields": {
            "class_meeting": 21,
            "students": 9
        }
    },
    {
        "model": "api.classmeetingstudents",
        "pk": 192,
        "fields": {
            "class_meeting": 21,
            "students": 10
        }
    },
    {
        "model": "api.classmeetingstudents",
        "pk": 193,
        "fields": {
            "class_meeting": 21,
            "students": 11
        }
    },
    {
        "model": "api.classmeetingstudents",
        "pk": 194,
        "fields": {
            "class_meeting": 21,
            "students": 12
        }
    },
    {
        "model": "api.classmeetingstudents",
        "pk": 195,
        "fields": {
            "class_meeting": 22,
            "students": 17
        }
    },
    {
        "model": "api.classmeetingstudents",
        "pk": 196,
        "fields": {
            "class_meeting": 22,
            "students": 18
        }
    },
    {
        "model": "api.classmeetingstudents",
        "pk": 197,
        "fields": {
            "class_meeting": 23,
            "students": 3
        }
    },
    {
        "model": "api.classmeetingstudents",
        "pk": 198,
        "fields": {
            "class_meeting": 23,
            "students": 4
        }
    },
    {
        "model": "api.classmeetingstudents",
        "pk": 199,
        "fields": {
            "class_meeting": 23,
            "students": 5
        }
    },
    {
        "model": "api.classmeetingstudents",
        "pk": 200,
        "fields": {
            "class_meeting": 23,
            "students": 6
        }
    },
    {
        "model": "api.classmeetingstudents",
        "pk": 201,
        "fields": {
            "class_meeting": 23,
            "students": 7
        }
    },
    {
        "model": "api.classmeetingstudents",
        "pk": 202,
        "fields": {
            "class_meeting": 23,
            "students": 8
        }
    },
    {
        "model": "api.classmeetingstudents",
        "pk": 203,
        "fields": {
            "class_meeting": 23,
            "students": 9
        }
    },
    {
        "model": "api.classmeetingstudents",
        "pk": 204,
        "fields": {
            "class_meeting": 23,
            "students": 10
        }
    },
    {
        "model": "api.classmeetingstudents",
        "pk": 205,
        "fields": {
            "class_meeting": 23,
            "students": 11
        }
    },
    {
        "model": "api.classmeetingstudents",
        "pk": 206,
        "fields": {
            "class_meeting": 23,
            "students": 12
        }
    },
    {
        "model": "api.classmeetingstudents",
        "pk": 207,
        "fields": {
            "class_meeting": 25,
            "students": 3
        }
    },
    {
        "model": "api.classmeetingstudents",
        "pk": 208,
        "fields": {
            "class_meeting": 25,
            "students": 4
        }
    },
    {
        "model": "api.classmeetingstudents",
        "pk": 209,
        "fields": {
            "class_meeting": 25,
            "students": 5
        }
    },
    {
        "model": "api.classmeetingstudents",
        "pk": 210,
        "fields": {
            "class_meeting": 25,
            "students": 6
        }
    },
    {
        "model": "api.classmeetingstudents",
        "pk": 211,
        "fields": {
            "class_meeting": 25,
            "students": 7
        }
    },
    {
        "model": "api.classmeetingstudents",
        "pk": 212,
        "fields": {
            "class_meeting": 25,
            "students": 8
        }
    },
    {
        "model": "api.classmeetingstudents",
        "pk": 213,
        "fields": {
            "class_meeting": 25,
            "students": 9
        }
    },
    {
        "model": "api.classmeetingstudents",
        "pk": 214,
        "fields": {
            "class_meeting": 25,
            "students": 10
        }
    },
    {
        "model": "api.classmeetingstudents",
        "pk": 215,
        "fields": {
            "class_meeting": 25,
            "students": 11
        }
    },
    {
        "model": "api.classmeetingstudents",
        "pk": 216,
        "fields": {
            "class_meeting": 25,
            "students": 12
        }
    },
    {
        "model": "api.classmeetingstudents",
        "pk": 217,
        "fields": {
            "class_meeting": 26,
            "students": 3
        }
    },
    {
        "model": "api.classmeetingstudents",
        "pk": 218,
        "fields": {
            "class_meeting": 26,
            "students": 4
        }
    },
    {
        "model": "api.classmeetingstudents",
        "pk": 219,
        "fields": {
            "class_meeting": 26,
            "students": 5
        }
    },
    {
        "model": "api.classmeetingstudents",
        "pk": 220,
        "fields": {
            "class_meeting": 26,
            "students": 6
        }
    },
    {
        "model": "api.classmeetingstudents",
        "pk": 221,
        "fields": {
            "class_meeting": 26,
            "students": 7
        }
    },
    {
        "model": "api.classmeetingstudents",
        "pk": 222,
        "fields": {
            "class_meeting": 26,
            "students": 8
        }
    },
    {
        "model": "api.classmeetingstudents",
        "pk": 223,
        "fields": {
            "class_meeting": 26,
            "students": 9
        }
    },
    {
        "model": "api.classmeetingstudents",
        "pk": 224,
        "fields": {
            "class_meeting": 26,
            "students": 10
        }
    },
    {
        "model": "api.classmeetingstudents",
        "pk": 225,
        "fields": {
            "class_meeting": 26,
            "students": 11
        }
    },
    {
        "model": "api.classmeetingstudents",
        "pk": 226,
        "fields": {
            "class_meeting": 26,
            "students": 12
        }
    },
    {
        "model": "api.classmeetingstudents",
        "pk": 227,
        "fields": {
            "class_meeting": 27,
            "students": 3
        }
    },
    {
        "model": "api.classmeetingstudents",
        "pk": 228,
        "fields": {
            "class_meeting": 27,
            "students": 4
        }
    },
    {
        "model": "api.classmeetingstudents",
        "pk": 229,
        "fields": {
            "class_meeting": 27,
            "students": 5
        }
    },
    {
        "model": "api.classmeetingstudents",
        "pk": 230,
        "fields": {
            "class_meeting": 27,
            "students": 6
        }
    },
    {
        "model": "api.classmeetingstudents",
        "pk": 231,
        "fields": {
            "class_meeting": 27,
            "students": 7
        }
    },
    {
        "model": "api.classmeetingstudents",
        "pk": 232,
        "fields": {
            "class_meeting": 27,
            "students": 8
        }
    },
    {
        "model": "api.classmeetingstudents",
        "pk": 233,
        "fields": {
            "class_meeting": 27,
            "students": 9
        }
    },
    {
        "model": "api.classmeetingstudents",
        "pk": 234,
        "fields": {
            "class_meeting": 27,
            "students": 10
        }
    },
    {
        "model": "api.classmeetingstudents",
        "pk": 235,
        "fields": {
            "class_meeting": 27,
            "students": 11
        }
    },
    {
        "model": "api.classmeetingstudents",
        "pk": 236,
        "fields": {
            "class_meeting": 27,
            "students": 12
        }
    },
    {
        "model": "api.classmeetingstudents",
        "pk": 237,
        "fields": {
            "class_meeting": 28,
            "students": 3
        }
    },
    {
        "model": "api.classmeetingstudents",
        "pk": 238,
        "fields": {
            "class_meeting": 28,
            "students": 4
        }
    },
    {
        "model": "api.classmeetingstudents",
        "pk": 239,
        "fields": {
            "class_meeting": 28,
            "students": 5
        }
    },
    {
        "model": "api.classmeetingstudents",
        "pk": 240,
        "fields": {
            "class_meeting": 28,
            "students": 6
        }
    },
    {
        "model": "api.classmeetingstudents",
        "pk": 241,
        "fields": {
            "class_meeting": 28,
            "students": 7
        }
    },
    {
        "model": "api.classmeetingstudents",
        "pk": 242,
        "fields": {
            "class_meeting": 28,
            "students": 8
        }
    },
    {
        "model": "api.classmeetingstudents",
        "pk": 243,
        "fields": {
            "class_meeting": 28,
            "students": 9
        }
    },
    {
        "model": "api.classmeetingstudents",
        "pk": 244,
        "fields": {
            "class_meeting": 28,
            "students": 10
        }
    },
    {
        "model": "api.classmeetingstudents",
        "pk": 245,
        "fields": {
            "class_meeting": 28,
            "students": 11
        }
    },
    {
        "model": "api.classmeetingstudents",
        "pk": 246,
        "fields": {
            "class_meeting": 28,
            "students": 12
        }
    },
    {
        "model": "api.classmeetingstudents",
        "pk": 247,
        "fields": {
            "class_meeting": 29,
            "students": 3
        }
    },
    {
        "model": "api.classmeetingstudents",
        "pk": 248,
        "fields": {
            "class_meeting": 29,
            "students": 4
        }
    },
    {
        "model": "api.classmeetingstudents",
        "pk": 249,
        "fields": {
            "class_meeting": 29,
            "students": 5
        }
    },
    {
        "model": "api.classmeetingstudents",
        "pk": 250,
        "fields": {
            "class_meeting": 29,
            "students": 6
        }
    },
    {
        "model": "api.classmeetingstudents",
        "pk": 251,
        "fields": {
            "class_meeting": 29,
            "students": 7
        }
    },
    {
        "model": "api.classmeetingstudents",
        "pk": 252,
        "fields": {
            "class_meeting": 29,
            "students": 8
        }
    },
    {
        "model": "api.classmeetingstudents",
        "pk": 253,
        "fields": {
            "class_meeting": 29,
            "students": 9
        }
    },
    {
        "model": "api.classmeetingstudents",
        "pk": 254,
        "fields": {
            "class_meeting": 29,
            "students": 10
        }
    },
    {
        "model": "api.classmeetingstudents",
        "pk": 255,
        "fields": {
            "class_meeting": 29,
            "students": 11
        }
    },
    {
        "model": "api.classmeetingstudents",
        "pk": 256,
        "fields": {
            "class_meeting": 29,
            "students": 12
        }
    },
    {
        "model": "api.classmeetingstudents",
        "pk": 257,
        "fields": {
            "class_meeting": 30,
            "students": 3
        }
    },
    {
        "model": "api.classmeetingstudents",
        "pk": 258,
        "fields": {
            "class_meeting": 30,
            "students": 4
        }
    },
    {
        "model": "api.classmeetingstudents",
        "pk": 259,
        "fields": {
            "class_meeting": 30,
            "students": 5
        }
    },
    {
        "model": "api.classmeetingstudents",
        "pk": 260,
        "fields": {
            "class_meeting": 30,
            "students": 6
        }
    },
    {
        "model": "api.classmeetingstudents",
        "pk": 261,
        "fields": {
            "class_meeting": 30,
            "students": 7
        }
    },
    {
        "model": "api.classmeetingstudents",
        "pk": 262,
        "fields": {
            "class_meeting": 30,
            "students": 8
        }
    },
    {
        "model": "api.classmeetingstudents",
        "pk": 263,
        "fields": {
            "class_meeting": 30,
            "students": 9
        }
    },
    {
        "model": "api.classmeetingstudents",
        "pk": 264,
        "fields": {
            "class_meeting": 30,
            "students": 10
        }
    },
    {
        "model": "api.classmeetingstudents",
        "pk": 265,
        "fields": {
            "class_meeting": 30,
            "students": 11
        }
    },
    {
        "model": "api.classmeetingstudents",
        "pk": 266,
        "fields": {
            "class_meeting": 30,
            "students": 12
        }
    },
    {
        "model": "api.classmeetingstudents",
        "pk": 267,
        "fields": {
            "class_meeting": 24,
            "students": 3
        }
    },
    {
        "model": "api.classmeetingstudents",
        "pk": 268,
        "fields": {
            "class_meeting": 24,
            "students": 4
        }
    },
    {
        "model": "api.classmeetingstudents",
        "pk": 269,
        "fields": {
            "class_meeting": 24,
            "students": 5
        }
    },
    {
        "model": "api.classmeetingstudents",
        "pk": 270,
        "fields": {
            "class_meeting": 24,
            "students": 6
        }
    },
    {
        "model": "api.classmeetingstudents",
        "pk": 271,
        "fields": {
            "class_meeting": 24,
            "students": 7
        }
    },
    {
        "model": "api.classmeetingstudents",
        "pk": 272,
        "fields": {
            "class_meeting": 24,
            "students": 8
        }
    },
    {
        "model": "api.classmeetingstudents",
        "pk": 273,
        "fields": {
            "class_meeting": 24,
            "students": 9
        }
    },
    {
        "model": "api.classmeetingstudents",
        "pk": 274,
        "fields": {
            "class_meeting": 24,
            "students": 10
        }
    },
    {
        "model": "api.classmeetingstudents",
        "pk": 275,
        "fields": {
            "class_meeting": 24,
            "students": 11
        }
    },
    {
        "model": "api.classmeetingstudents",
        "pk": 276,
        "fields": {
            "class_meeting": 24,
            "students": 12
        }
    },
    {
        "model": "api.classmeetingstudents",
        "pk": 277,
        "fields": {
            "class_meeting": 32,
            "students": 3
        }
    },
    {
        "model": "api.classmeetingstudents",
        "pk": 278,
        "fields": {
            "class_meeting": 32,
            "students": 4
        }
    },
    {
        "model": "api.classmeetingstudents",
        "pk": 279,
        "fields": {
            "class_meeting": 32,
            "students": 5
        }
    },
    {
        "model": "api.classmeetingstudents",
        "pk": 280,
        "fields": {
            "class_meeting": 32,
            "students": 6
        }
    },
    {
        "model": "api.classmeetingstudents",
        "pk": 281,
        "fields": {
            "class_meeting": 32,
            "students": 7
        }
    },
    {
        "model": "api.classmeetingstudents",
        "pk": 282,
        "fields": {
            "class_meeting": 32,
            "students": 8
        }
    },
    {
        "model": "api.classmeetingstudents",
        "pk": 283,
        "fields": {
            "class_meeting": 32,
            "students": 9
        }
    },
    {
        "model": "api.classmeetingstudents",
        "pk": 284,
        "fields": {
            "class_meeting": 32,
            "students": 10
        }
    },
    {
        "model": "api.classmeetingstudents",
        "pk": 285,
        "fields": {
            "class_meeting": 32,
            "students": 11
        }
    },
    {
        "model": "api.classmeetingstudents",
        "pk": 286,
        "fields": {
            "class_meeting": 32,
            "students": 12
        }
    },
    {
        "model": "api.classmeetingstudents",
        "pk": 287,
        "fields": {
            "class_meeting": 31,
            "students": 17
        }
    },
    {
        "model": "api.classmeetingstudents",
        "pk": 288,
        "fields": {
            "class_meeting": 31,
            "students": 18
        }
    },
    {
        "model": "api.classmeetingstudents",
        "pk": 289,
        "fields": {
            "class_meeting": 33,
            "students": 3
        }
    },
    {
        "model": "api.classmeetingstudents",
        "pk": 290,
        "fields": {
            "class_meeting": 33,
            "students": 4
        }
    },
    {
        "model": "api.classmeetingstudents",
        "pk": 291,
        "fields": {
            "class_meeting": 33,
            "students": 5
        }
    },
    {
        "model": "api.classmeetingstudents",
        "pk": 292,
        "fields": {
            "class_meeting": 33,
            "students": 6
        }
    },
    {
        "model": "api.classmeetingstudents",
        "pk": 293,
        "fields": {
            "class_meeting": 33,
            "students": 7
        }
    },
    {
        "model": "api.classmeetingstudents",
        "pk": 294,
        "fields": {
            "class_meeting": 33,
            "students": 8
        }
    },
    {
        "model": "api.classmeetingstudents",
        "pk": 295,
        "fields": {
            "class_meeting": 33,
            "students": 9
        }
    },
    {
        "model": "api.classmeetingstudents",
        "pk": 296,
        "fields": {
            "class_meeting": 33,
            "students": 10
        }
    },
    {
        "model": "api.classmeetingstudents",
        "pk": 297,
        "fields": {
            "class_meeting": 33,
            "students": 11
        }
    },
    {
        "model": "api.classmeetingstudents",
        "pk": 298,
        "fields": {
            "class_meeting": 33,
            "students": 12
        }
    },
    {
        "model": "api.classmeetingstudents",
        "pk": 299,
        "fields": {
            "class_meeting": 35,
            "students": 3
        }
    },
    {
        "model": "api.classmeetingstudents",
        "pk": 300,
        "fields": {
            "class_meeting": 35,
            "students": 4
        }
    },
    {
        "model": "api.classmeetingstudents",
        "pk": 301,
        "fields": {
            "class_meeting": 35,
            "students": 5
        }
    },
    {
        "model": "api.classmeetingstudents",
        "pk": 302,
        "fields": {
            "class_meeting": 35,
            "students": 6
        }
    },
    {
        "model": "api.classmeetingstudents",
        "pk": 303,
        "fields": {
            "class_meeting": 35,
            "students": 7
        }
    },
    {
        "model": "api.classmeetingstudents",
        "pk": 304,
        "fields": {
            "class_meeting": 35,
            "students": 8
        }
    },
    {
        "model": "api.classmeetingstudents",
        "pk": 305,
        "fields": {
            "class_meeting": 35,
            "students": 9
        }
    },
    {
        "model": "api.classmeetingstudents",
        "pk": 306,
        "fields": {
            "class_meeting": 35,
            "students": 10
        }
    },
    {
        "model": "api.classmeetingstudents",
        "pk": 307,
        "fields": {
            "class_meeting": 35,
            "students": 11
        }
    },
    {
        "model": "api.classmeetingstudents",
        "pk": 308,
        "fields": {
            "class_meeting": 35,
            "students": 12
        }
    },
    {
        "model": "api.classmeetingstudents",
        "pk": 309,
        "fields": {
            "class_meeting": 37,
            "students": 3
        }
    },
    {
        "model": "api.classmeetingstudents",
        "pk": 310,
        "fields": {
            "class_meeting": 37,
            "students": 4
        }
    },
    {
        "model": "api.classmeetingstudents",
        "pk": 311,
        "fields": {
            "class_meeting": 37,
            "students": 5
        }
    },
    {
        "model": "api.classmeetingstudents",
        "pk": 312,
        "fields": {
            "class_meeting": 37,
            "students": 6
        }
    },
    {
        "model": "api.classmeetingstudents",
        "pk": 313,
        "fields": {
            "class_meeting": 37,
            "students": 7
        }
    },
    {
        "model": "api.classmeetingstudents",
        "pk": 314,
        "fields": {
            "class_meeting": 37,
            "students": 8
        }
    },
    {
        "model": "api.classmeetingstudents",
        "pk": 315,
        "fields": {
            "class_meeting": 37,
            "students": 9
        }
    },
    {
        "model": "api.classmeetingstudents",
        "pk": 316,
        "fields": {
            "class_meeting": 37,
            "students": 10
        }
    },
    {
        "model": "api.classmeetingstudents",
        "pk": 317,
        "fields": {
            "class_meeting": 37,
            "students": 11
        }
    },
    {
        "model": "api.classmeetingstudents",
        "pk": 318,
        "fields": {
            "class_meeting": 37,
            "students": 12
        }
    },
    {
        "model": "api.classmeetingstudents",
        "pk": 319,
        "fields": {
            "class_meeting": 38,
            "students": 3
        }
    },
    {
        "model": "api.classmeetingstudents",
        "pk": 320,
        "fields": {
            "class_meeting": 38,
            "students": 4
        }
    },
    {
        "model": "api.classmeetingstudents",
        "pk": 321,
        "fields": {
            "class_meeting": 38,
            "students": 5
        }
    },
    {
        "model": "api.classmeetingstudents",
        "pk": 322,
        "fields": {
            "class_meeting": 38,
            "students": 6
        }
    },
    {
        "model": "api.classmeetingstudents",
        "pk": 323,
        "fields": {
            "class_meeting": 38,
            "students": 7
        }
    },
    {
        "model": "api.classmeetingstudents",
        "pk": 324,
        "fields": {
            "class_meeting": 38,
            "students": 8
        }
    },
    {
        "model": "api.classmeetingstudents",
        "pk": 325,
        "fields": {
            "class_meeting": 38,
            "students": 9
        }
    },
    {
        "model": "api.classmeetingstudents",
        "pk": 326,
        "fields": {
            "class_meeting": 38,
            "students": 10
        }
    },
    {
        "model": "api.classmeetingstudents",
        "pk": 327,
        "fields": {
            "class_meeting": 38,
            "students": 11
        }
    },
    {
        "model": "api.classmeetingstudents",
        "pk": 328,
        "fields": {
            "class_meeting": 38,
            "students": 12
        }
    },
    {
        "model": "api.classmeetingstudents",
        "pk": 329,
        "fields": {
            "class_meeting": 34,
            "students": 17
        }
    },
    {
        "model": "api.classmeetingstudents",
        "pk": 330,
        "fields": {
            "class_meeting": 34,
            "students": 18
        }
    },
    {
        "model": "api.classmeetingstudents",
        "pk": 331,
        "fields": {
            "class_meeting": 34,
            "students": 22
        }
    },
    {
        "model": "api.classmeetingstudents",
        "pk": 332,
        "fields": {
            "class_meeting": 40,
            "students": 3
        }
    },
    {
        "model": "api.classmeetingstudents",
        "pk": 333,
        "fields": {
            "class_meeting": 40,
            "students": 4
        }
    },
    {
        "model": "api.classmeetingstudents",
        "pk": 334,
        "fields": {
            "class_meeting": 40,
            "students": 5
        }
    },
    {
        "model": "api.classmeetingstudents",
        "pk": 335,
        "fields": {
            "class_meeting": 40,
            "students": 6
        }
    },
    {
        "model": "api.classmeetingstudents",
        "pk": 336,
        "fields": {
            "class_meeting": 40,
            "students": 7
        }
    },
    {
        "model": "api.classmeetingstudents",
        "pk": 337,
        "fields": {
            "class_meeting": 40,
            "students": 8
        }
    },
    {
        "model": "api.classmeetingstudents",
        "pk": 338,
        "fields": {
            "class_meeting": 40,
            "students": 9
        }
    },
    {
        "model": "api.classmeetingstudents",
        "pk": 339,
        "fields": {
            "class_meeting": 40,
            "students": 10
        }
    },
    {
        "model": "api.classmeetingstudents",
        "pk": 340,
        "fields": {
            "class_meeting": 40,
            "students": 11
        }
    },
    {
        "model": "api.classmeetingstudents",
        "pk": 341,
        "fields": {
            "class_meeting": 40,
            "students": 12
        }
    },
    {
        "model": "api.classmeetingstudents",
        "pk": 342,
        "fields": {
            "class_meeting": 39,
            "students": 3
        }
    },
    {
        "model": "api.classmeetingstudents",
        "pk": 343,
        "fields": {
            "class_meeting": 39,
            "students": 4
        }
    },
    {
        "model": "api.classmeetingstudents",
        "pk": 344,
        "fields": {
            "class_meeting": 39,
            "students": 5
        }
    },
    {
        "model": "api.classmeetingstudents",
        "pk": 345,
        "fields": {
            "class_meeting": 39,
            "students": 6
        }
    },
    {
        "model": "api.classmeetingstudents",
        "pk": 346,
        "fields": {
            "class_meeting": 39,
            "students": 7
        }
    },
    {
        "model": "api.classmeetingstudents",
        "pk": 347,
        "fields": {
            "class_meeting": 39,
            "students": 8
        }
    },
    {
        "model": "api.classmeetingstudents",
        "pk": 348,
        "fields": {
            "class_meeting": 39,
            "students": 9
        }
    },
    {
        "model": "api.classmeetingstudents",
        "pk": 349,
        "fields": {
            "class_meeting": 39,
            "students": 10
        }
    },
    {
        "model": "api.classmeetingstudents",
        "pk": 350,
        "fields": {
            "class_meeting": 39,
            "students": 11
        }
    },
    {
        "model": "api.classmeetingstudents",
        "pk": 351,
        "fields": {
            "class_meeting": 39,
            "students": 12
        }
    },
    {
        "model": "api.classmeetingstudents",
        "pk": 352,
        "fields": {
            "class_meeting": 41,
            "students": 3
        }
    },
    {
        "model": "api.classmeetingstudents",
        "pk": 353,
        "fields": {
            "class_meeting": 41,
            "students": 4
        }
    },
    {
        "model": "api.classmeetingstudents",
        "pk": 354,
        "fields": {
            "class_meeting": 41,
            "students": 5
        }
    },
    {
        "model": "api.classmeetingstudents",
        "pk": 355,
        "fields": {
            "class_meeting": 41,
            "students": 6
        }
    },
    {
        "model": "api.classmeetingstudents",
        "pk": 356,
        "fields": {
            "class_meeting": 41,
            "students": 7
        }
    },
    {
        "model": "api.classmeetingstudents",
        "pk": 357,
        "fields": {
            "class_meeting": 41,
            "students": 8
        }
    },
    {
        "model": "api.classmeetingstudents",
        "pk": 358,
        "fields": {
            "class_meeting": 41,
            "students": 9
        }
    },
    {
        "model": "api.classmeetingstudents",
        "pk": 359,
        "fields": {
            "class_meeting": 41,
            "students": 10
        }
    },
    {
        "model": "api.classmeetingstudents",
        "pk": 360,
        "fields": {
            "class_meeting": 41,
            "students": 11
        }
    },
    {
        "model": "api.classmeetingstudents",
        "pk": 361,
        "fields": {
            "class_meeting": 41,
            "students": 12
        }
    },
    {
        "model": "api.classmeetingstudents",
        "pk": 362,
        "fields": {
            "class_meeting": 42,
            "students": 3
        }
    },
    {
        "model": "api.classmeetingstudents",
        "pk": 363,
        "fields": {
            "class_meeting": 42,
            "students": 4
        }
    },
    {
        "model": "api.classmeetingstudents",
        "pk": 364,
        "fields": {
            "class_meeting": 42,
            "students": 5
        }
    },
    {
        "model": "api.classmeetingstudents",
        "pk": 365,
        "fields": {
            "class_meeting": 42,
            "students": 6
        }
    },
    {
        "model": "api.classmeetingstudents",
        "pk": 366,
        "fields": {
            "class_meeting": 42,
            "students": 7
        }
    },
    {
        "model": "api.classmeetingstudents",
        "pk": 367,
        "fields": {
            "class_meeting": 42,
            "students": 8
        }
    },
    {
        "model": "api.classmeetingstudents",
        "pk": 368,
        "fields": {
            "class_meeting": 42,
            "students": 9
        }
    },
    {
        "model": "api.classmeetingstudents",
        "pk": 369,
        "fields": {
            "class_meeting": 42,
            "students": 10
        }
    },
    {
        "model": "api.classmeetingstudents",
        "pk": 370,
        "fields": {
            "class_meeting": 42,
            "students": 11
        }
    },
    {
        "model": "api.classmeetingstudents",
        "pk": 371,
        "fields": {
            "class_meeting": 42,
            "students": 12
        }
    },
    {
        "model": "api.classmeetingstudents",
        "pk": 372,
        "fields": {
            "class_meeting": 43,
            "students": 17
        }
    },
    {
        "model": "api.classmeetingstudents",
        "pk": 373,
        "fields": {
            "class_meeting": 43,
            "students": 18
        }
    },
    {
        "model": "api.classmeetingstudents",
        "pk": 374,
        "fields": {
            "class_meeting": 43,
            "students": 22
        }
    },
    {
        "model": "api.classmeetingstudents",
        "pk": 375,
        "fields": {
            "class_meeting": 44,
            "students": 3
        }
    },
    {
        "model": "api.classmeetingstudents",
        "pk": 376,
        "fields": {
            "class_meeting": 44,
            "students": 4
        }
    },
    {
        "model": "api.classmeetingstudents",
        "pk": 377,
        "fields": {
            "class_meeting": 44,
            "students": 5
        }
    },
    {
        "model": "api.classmeetingstudents",
        "pk": 378,
        "fields": {
            "class_meeting": 44,
            "students": 6
        }
    },
    {
        "model": "api.classmeetingstudents",
        "pk": 379,
        "fields": {
            "class_meeting": 44,
            "students": 7
        }
    },
    {
        "model": "api.classmeetingstudents",
        "pk": 380,
        "fields": {
            "class_meeting": 44,
            "students": 8
        }
    },
    {
        "model": "api.classmeetingstudents",
        "pk": 381,
        "fields": {
            "class_meeting": 44,
            "students": 9
        }
    },
    {
        "model": "api.classmeetingstudents",
        "pk": 382,
        "fields": {
            "class_meeting": 44,
            "students": 10
        }
    },
    {
        "model": "api.classmeetingstudents",
        "pk": 383,
        "fields": {
            "class_meeting": 44,
            "students": 11
        }
    },
    {
        "model": "api.classmeetingstudents",
        "pk": 384,
        "fields": {
            "class_meeting": 44,
            "students": 12
        }
    },
    {
        "model": "api.classmeetingstudents",
        "pk": 385,
        "fields": {
            "class_meeting": 45,
            "students": 3
        }
    },
    {
        "model": "api.classmeetingstudents",
        "pk": 386,
        "fields": {
            "class_meeting": 45,
            "students": 4
        }
    },
    {
        "model": "api.classmeetingstudents",
        "pk": 387,
        "fields": {
            "class_meeting": 45,
            "students": 5
        }
    },
    {
        "model": "api.classmeetingstudents",
        "pk": 388,
        "fields": {
            "class_meeting": 45,
            "students": 6
        }
    },
    {
        "model": "api.classmeetingstudents",
        "pk": 389,
        "fields": {
            "class_meeting": 45,
            "students": 7
        }
    },
    {
        "model": "api.classmeetingstudents",
        "pk": 390,
        "fields": {
            "class_meeting": 45,
            "students": 8
        }
    },
    {
        "model": "api.classmeetingstudents",
        "pk": 391,
        "fields": {
            "class_meeting": 45,
            "students": 9
        }
    },
    {
        "model": "api.classmeetingstudents",
        "pk": 392,
        "fields": {
            "class_meeting": 45,
            "students": 10
        }
    },
    {
        "model": "api.classmeetingstudents",
        "pk": 393,
        "fields": {
            "class_meeting": 45,
            "students": 11
        }
    },
    {
        "model": "api.classmeetingstudents",
        "pk": 394,
        "fields": {
            "class_meeting": 45,
            "students": 12
        }
    },
    {
        "model": "api.classmeetingstudents",
        "pk": 395,
        "fields": {
            "class_meeting": 46,
            "students": 3
        }
    },
    {
        "model": "api.classmeetingstudents",
        "pk": 396,
        "fields": {
            "class_meeting": 46,
            "students": 4
        }
    },
    {
        "model": "api.classmeetingstudents",
        "pk": 397,
        "fields": {
            "class_meeting": 46,
            "students": 5
        }
    },
    {
        "model": "api.classmeetingstudents",
        "pk": 398,
        "fields": {
            "class_meeting": 46,
            "students": 6
        }
    },
    {
        "model": "api.classmeetingstudents",
        "pk": 399,
        "fields": {
            "class_meeting": 46,
            "students": 7
        }
    },
    {
        "model": "api.classmeetingstudents",
        "pk": 400,
        "fields": {
            "class_meeting": 46,
            "students": 8
        }
    },
    {
        "model": "api.classmeetingstudents",
        "pk": 401,
        "fields": {
            "class_meeting": 46,
            "students": 9
        }
    },
    {
        "model": "api.classmeetingstudents",
        "pk": 402,
        "fields": {
            "class_meeting": 46,
            "students": 10
        }
    },
    {
        "model": "api.classmeetingstudents",
        "pk": 403,
        "fields": {
            "class_meeting": 46,
            "students": 11
        }
    },
    {
        "model": "api.classmeetingstudents",
        "pk": 404,
        "fields": {
            "class_meeting": 46,
            "students": 12
        }
    },
    {
        "model": "api.classmeetingstudents",
        "pk": 405,
        "fields": {
            "class_meeting": 47,
            "students": 3
        }
    },
    {
        "model": "api.classmeetingstudents",
        "pk": 406,
        "fields": {
            "class_meeting": 47,
            "students": 4
        }
    },
    {
        "model": "api.classmeetingstudents",
        "pk": 407,
        "fields": {
            "class_meeting": 47,
            "students": 5
        }
    },
    {
        "model": "api.classmeetingstudents",
        "pk": 408,
        "fields": {
            "class_meeting": 47,
            "students": 6
        }
    },
    {
        "model": "api.classmeetingstudents",
        "pk": 409,
        "fields": {
            "class_meeting": 47,
            "students": 7
        }
    },
    {
        "model": "api.classmeetingstudents",
        "pk": 410,
        "fields": {
            "class_meeting": 47,
            "students": 8
        }
    },
    {
        "model": "api.classmeetingstudents",
        "pk": 411,
        "fields": {
            "class_meeting": 47,
            "students": 9
        }
    },
    {
        "model": "api.classmeetingstudents",
        "pk": 412,
        "fields": {
            "class_meeting": 47,
            "students": 10
        }
    },
    {
        "model": "api.classmeetingstudents",
        "pk": 413,
        "fields": {
            "class_meeting": 47,
            "students": 11
        }
    },
    {
        "model": "api.classmeetingstudents",
        "pk": 414,
        "fields": {
            "class_meeting": 47,
            "students": 12
        }
    },
    {
        "model": "api.classmeetingstudents",
        "pk": 415,
        "fields": {
            "class_meeting": 48,
            "students": 3
        }
    },
    {
        "model": "api.classmeetingstudents",
        "pk": 416,
        "fields": {
            "class_meeting": 48,
            "students": 4
        }
    },
    {
        "model": "api.classmeetingstudents",
        "pk": 417,
        "fields": {
            "class_meeting": 48,
            "students": 5
        }
    },
    {
        "model": "api.classmeetingstudents",
        "pk": 418,
        "fields": {
            "class_meeting": 48,
            "students": 6
        }
    },
    {
        "model": "api.classmeetingstudents",
        "pk": 419,
        "fields": {
            "class_meeting": 48,
            "students": 7
        }
    },
    {
        "model": "api.classmeetingstudents",
        "pk": 420,
        "fields": {
            "class_meeting": 48,
            "students": 8
        }
    },
    {
        "model": "api.classmeetingstudents",
        "pk": 421,
        "fields": {
            "class_meeting": 48,
            "students": 9
        }
    },
    {
        "model": "api.classmeetingstudents",
        "pk": 422,
        "fields": {
            "class_meeting": 48,
            "students": 10
        }
    },
    {
        "model": "api.classmeetingstudents",
        "pk": 423,
        "fields": {
            "class_meeting": 48,
            "students": 11
        }
    },
    {
        "model": "api.classmeetingstudents",
        "pk": 424,
        "fields": {
            "class_meeting": 48,
            "students": 12
        }
    },
    {
        "model": "api.classmeetingstudents",
        "pk": 425,
        "fields": {
            "class_meeting": 49,
            "students": 3
        }
    },
    {
        "model": "api.classmeetingstudents",
        "pk": 426,
        "fields": {
            "class_meeting": 49,
            "students": 4
        }
    },
    {
        "model": "api.classmeetingstudents",
        "pk": 427,
        "fields": {
            "class_meeting": 49,
            "students": 5
        }
    },
    {
        "model": "api.classmeetingstudents",
        "pk": 428,
        "fields": {
            "class_meeting": 49,
            "students": 6
        }
    },
    {
        "model": "api.classmeetingstudents",
        "pk": 429,
        "fields": {
            "class_meeting": 49,
            "students": 7
        }
    },
    {
        "model": "api.classmeetingstudents",
        "pk": 430,
        "fields": {
            "class_meeting": 49,
            "students": 8
        }
    },
    {
        "model": "api.classmeetingstudents",
        "pk": 431,
        "fields": {
            "class_meeting": 49,
            "students": 9
        }
    },
    {
        "model": "api.classmeetingstudents",
        "pk": 432,
        "fields": {
            "class_meeting": 49,
            "students": 10
        }
    },
    {
        "model": "api.classmeetingstudents",
        "pk": 433,
        "fields": {
            "class_meeting": 49,
            "students": 11
        }
    },
    {
        "model": "api.classmeetingstudents",
        "pk": 434,
        "fields": {
            "class_meeting": 49,
            "students": 12
        }
    },
    {
        "model": "api.classmeetingstudents",
        "pk": 435,
        "fields": {
            "class_meeting": 50,
            "students": 3
        }
    },
    {
        "model": "api.classmeetingstudents",
        "pk": 436,
        "fields": {
            "class_meeting": 50,
            "students": 4
        }
    },
    {
        "model": "api.classmeetingstudents",
        "pk": 437,
        "fields": {
            "class_meeting": 50,
            "students": 5
        }
    },
    {
        "model": "api.classmeetingstudents",
        "pk": 438,
        "fields": {
            "class_meeting": 50,
            "students": 6
        }
    },
    {
        "model": "api.classmeetingstudents",
        "pk": 439,
        "fields": {
            "class_meeting": 50,
            "students": 7
        }
    },
    {
        "model": "api.classmeetingstudents",
        "pk": 440,
        "fields": {
            "class_meeting": 50,
            "students": 8
        }
    },
    {
        "model": "api.classmeetingstudents",
        "pk": 441,
        "fields": {
            "class_meeting": 50,
            "students": 9
        }
    },
    {
        "model": "api.classmeetingstudents",
        "pk": 442,
        "fields": {
            "class_meeting": 50,
            "students": 10
        }
    },
    {
        "model": "api.classmeetingstudents",
        "pk": 443,
        "fields": {
            "class_meeting": 50,
            "students": 11
        }
    },
    {
        "model": "api.classmeetingstudents",
        "pk": 444,
        "fields": {
            "class_meeting": 50,
            "students": 12
        }
    },
    {
        "model": "api.classmeetingstudents",
        "pk": 445,
        "fields": {
            "class_meeting": 51,
            "students": 3
        }
    },
    {
        "model": "api.classmeetingstudents",
        "pk": 446,
        "fields": {
            "class_meeting": 51,
            "students": 4
        }
    },
    {
        "model": "api.classmeetingstudents",
        "pk": 447,
        "fields": {
            "class_meeting": 51,
            "students": 5
        }
    },
    {
        "model": "api.classmeetingstudents",
        "pk": 448,
        "fields": {
            "class_meeting": 51,
            "students": 6
        }
    },
    {
        "model": "api.classmeetingstudents",
        "pk": 449,
        "fields": {
            "class_meeting": 51,
            "students": 7
        }
    },
    {
        "model": "api.classmeetingstudents",
        "pk": 450,
        "fields": {
            "class_meeting": 51,
            "students": 8
        }
    },
    {
        "model": "api.classmeetingstudents",
        "pk": 451,
        "fields": {
            "class_meeting": 51,
            "students": 9
        }
    },
    {
        "model": "api.classmeetingstudents",
        "pk": 452,
        "fields": {
            "class_meeting": 51,
            "students": 10
        }
    },
    {
        "model": "api.classmeetingstudents",
        "pk": 453,
        "fields": {
            "class_meeting": 51,
            "students": 11
        }
    },
    {
        "model": "api.classmeetingstudents",
        "pk": 454,
        "fields": {
            "class_meeting": 51,
            "students": 12
        }
    },
    {
        "model": "api.classmeetingstudents",
        "pk": 455,
        "fields": {
            "class_meeting": 36,
            "students": 17
        }
    },
    {
        "model": "api.classmeetingstudents",
        "pk": 456,
        "fields": {
            "class_meeting": 36,
            "students": 18
        }
    },
    {
        "model": "api.classmeetingstudents",
        "pk": 457,
        "fields": {
            "class_meeting": 36,
            "students": 22
        }
    },
    {
        "model": "api.classmeetingstudents",
        "pk": 458,
        "fields": {
            "class_meeting": 52,
            "students": 17
        }
    },
    {
        "model": "api.classmeetingstudents",
        "pk": 459,
        "fields": {
            "class_meeting": 52,
            "students": 18
        }
    },
    {
        "model": "api.classmeetingstudents",
        "pk": 460,
        "fields": {
            "class_meeting": 52,
            "students": 22
        }
    },
    {
        "model": "api.classmeetingstudents",
        "pk": 461,
        "fields": {
            "class_meeting": 53,
            "students": 17
        }
    },
    {
        "model": "api.classmeetingstudents",
        "pk": 462,
        "fields": {
            "class_meeting": 53,
            "students": 18
        }
    },
    {
        "model": "api.classmeetingstudents",
        "pk": 463,
        "fields": {
            "class_meeting": 53,
            "students": 22
        }
    },
    {
        "model": "api.classmeetingstudents",
        "pk": 464,
        "fields": {
            "class_meeting": 54,
            "students": 17
        }
    },
    {
        "model": "api.classmeetingstudents",
        "pk": 465,
        "fields": {
            "class_meeting": 54,
            "students": 18
        }
    },
    {
        "model": "api.classmeetingstudents",
        "pk": 466,
        "fields": {
            "class_meeting": 54,
            "students": 22
        }
    },
    {
        "model": "api.classmeetingstudents",
        "pk": 467,
        "fields": {
            "class_meeting": 55,
            "students": 17
        }
    },
    {
        "model": "api.classmeetingstudents",
        "pk": 468,
        "fields": {
            "class_meeting": 55,
            "students": 18
        }
    },
    {
        "model": "api.classmeetingstudents",
        "pk": 469,
        "fields": {
            "class_meeting": 55,
            "students": 22
        }
    },
    {
        "model": "api.classmeetingstudents",
        "pk": 470,
        "fields": {
            "class_meeting": 57,
            "students": 3
        }
    },
    {
        "model": "api.classmeetingstudents",
        "pk": 471,
        "fields": {
            "class_meeting": 57,
            "students": 4
        }
    },
    {
        "model": "api.classmeetingstudents",
        "pk": 472,
        "fields": {
            "class_meeting": 57,
            "students": 5
        }
    },
    {
        "model": "api.classmeetingstudents",
        "pk": 473,
        "fields": {
            "class_meeting": 57,
            "students": 6
        }
    },
    {
        "model": "api.classmeetingstudents",
        "pk": 474,
        "fields": {
            "class_meeting": 57,
            "students": 7
        }
    },
    {
        "model": "api.classmeetingstudents",
        "pk": 475,
        "fields": {
            "class_meeting": 57,
            "students": 8
        }
    },
    {
        "model": "api.classmeetingstudents",
        "pk": 476,
        "fields": {
            "class_meeting": 57,
            "students": 9
        }
    },
    {
        "model": "api.classmeetingstudents",
        "pk": 477,
        "fields": {
            "class_meeting": 57,
            "students": 10
        }
    },
    {
        "model": "api.classmeetingstudents",
        "pk": 478,
        "fields": {
            "class_meeting": 57,
            "students": 11
        }
    },
    {
        "model": "api.classmeetingstudents",
        "pk": 479,
        "fields": {
            "class_meeting": 57,
            "students": 12
        }
    },
    {
        "model": "api.classmeetingstudents",
        "pk": 480,
        "fields": {
            "class_meeting": 58,
            "students": 3
        }
    },
    {
        "model": "api.classmeetingstudents",
        "pk": 481,
        "fields": {
            "class_meeting": 58,
            "students": 4
        }
    },
    {
        "model": "api.classmeetingstudents",
        "pk": 482,
        "fields": {
            "class_meeting": 58,
            "students": 5
        }
    },
    {
        "model": "api.classmeetingstudents",
        "pk": 483,
        "fields": {
            "class_meeting": 58,
            "students": 6
        }
    },
    {
        "model": "api.classmeetingstudents",
        "pk": 484,
        "fields": {
            "class_meeting": 58,
            "students": 7
        }
    },
    {
        "model": "api.classmeetingstudents",
        "pk": 485,
        "fields": {
            "class_meeting": 58,
            "students": 8
        }
    },
    {
        "model": "api.classmeetingstudents",
        "pk": 486,
        "fields": {
            "class_meeting": 58,
            "students": 9
        }
    },
    {
        "model": "api.classmeetingstudents",
        "pk": 487,
        "fields": {
            "class_meeting": 58,
            "students": 10
        }
    },
    {
        "model": "api.classmeetingstudents",
        "pk": 488,
        "fields": {
            "class_meeting": 58,
            "students": 11
        }
    },
    {
        "model": "api.classmeetingstudents",
        "pk": 489,
        "fields": {
            "class_meeting": 58,
            "students": 12
        }
    },
    {
        "model": "api.classmeetingstudents",
        "pk": 490,
        "fields": {
            "class_meeting": 59,
            "students": 3
        }
    },
    {
        "model": "api.classmeetingstudents",
        "pk": 491,
        "fields": {
            "class_meeting": 59,
            "students": 4
        }
    },
    {
        "model": "api.classmeetingstudents",
        "pk": 492,
        "fields": {
            "class_meeting": 59,
            "students": 5
        }
    },
    {
        "model": "api.classmeetingstudents",
        "pk": 493,
        "fields": {
            "class_meeting": 59,
            "students": 6
        }
    },
    {
        "model": "api.classmeetingstudents",
        "pk": 494,
        "fields": {
            "class_meeting": 59,
            "students": 7
        }
    },
    {
        "model": "api.classmeetingstudents",
        "pk": 495,
        "fields": {
            "class_meeting": 59,
            "students": 8
        }
    },
    {
        "model": "api.classmeetingstudents",
        "pk": 496,
        "fields": {
            "class_meeting": 59,
            "students": 9
        }
    },
    {
        "model": "api.classmeetingstudents",
        "pk": 497,
        "fields": {
            "class_meeting": 59,
            "students": 10
        }
    },
    {
        "model": "api.classmeetingstudents",
        "pk": 498,
        "fields": {
            "class_meeting": 59,
            "students": 11
        }
    },
    {
        "model": "api.classmeetingstudents",
        "pk": 499,
        "fields": {
            "class_meeting": 59,
            "students": 12
        }
    },
    {
        "model": "api.classmeetingstudents",
        "pk": 500,
        "fields": {
            "class_meeting": 60,
            "students": 3
        }
    },
    {
        "model": "api.classmeetingstudents",
        "pk": 501,
        "fields": {
            "class_meeting": 60,
            "students": 4
        }
    },
    {
        "model": "api.classmeetingstudents",
        "pk": 502,
        "fields": {
            "class_meeting": 60,
            "students": 5
        }
    },
    {
        "model": "api.classmeetingstudents",
        "pk": 503,
        "fields": {
            "class_meeting": 60,
            "students": 6
        }
    },
    {
        "model": "api.classmeetingstudents",
        "pk": 504,
        "fields": {
            "class_meeting": 60,
            "students": 7
        }
    },
    {
        "model": "api.classmeetingstudents",
        "pk": 505,
        "fields": {
            "class_meeting": 60,
            "students": 8
        }
    },
    {
        "model": "api.classmeetingstudents",
        "pk": 506,
        "fields": {
            "class_meeting": 60,
            "students": 9
        }
    },
    {
        "model": "api.classmeetingstudents",
        "pk": 507,
        "fields": {
            "class_meeting": 60,
            "students": 10
        }
    },
    {
        "model": "api.classmeetingstudents",
        "pk": 508,
        "fields": {
            "class_meeting": 60,
            "students": 11
        }
    },
    {
        "model": "api.classmeetingstudents",
        "pk": 509,
        "fields": {
            "class_meeting": 60,
            "students": 12
        }
    },
    {
        "model": "api.classmeetingstudents",
        "pk": 510,
        "fields": {
            "class_meeting": 61,
            "students": 3
        }
    },
    {
        "model": "api.classmeetingstudents",
        "pk": 511,
        "fields": {
            "class_meeting": 61,
            "students": 4
        }
    },
    {
        "model": "api.classmeetingstudents",
        "pk": 512,
        "fields": {
            "class_meeting": 61,
            "students": 5
        }
    },
    {
        "model": "api.classmeetingstudents",
        "pk": 513,
        "fields": {
            "class_meeting": 61,
            "students": 6
        }
    },
    {
        "model": "api.classmeetingstudents",
        "pk": 514,
        "fields": {
            "class_meeting": 61,
            "students": 7
        }
    },
    {
        "model": "api.classmeetingstudents",
        "pk": 515,
        "fields": {
            "class_meeting": 61,
            "students": 8
        }
    },
    {
        "model": "api.classmeetingstudents",
        "pk": 516,
        "fields": {
            "class_meeting": 61,
            "students": 9
        }
    },
    {
        "model": "api.classmeetingstudents",
        "pk": 517,
        "fields": {
            "class_meeting": 61,
            "students": 10
        }
    },
    {
        "model": "api.classmeetingstudents",
        "pk": 518,
        "fields": {
            "class_meeting": 61,
            "students": 11
        }
    },
    {
        "model": "api.classmeetingstudents",
        "pk": 519,
        "fields": {
            "class_meeting": 61,
            "students": 12
        }
    },
    {
        "model": "api.classmeetingstudents",
        "pk": 520,
        "fields": {
            "class_meeting": 62,
            "students": 3
        }
    },
    {
        "model": "api.classmeetingstudents",
        "pk": 521,
        "fields": {
            "class_meeting": 62,
            "students": 4
        }
    },
    {
        "model": "api.classmeetingstudents",
        "pk": 522,
        "fields": {
            "class_meeting": 62,
            "students": 5
        }
    },
    {
        "model": "api.classmeetingstudents",
        "pk": 523,
        "fields": {
            "class_meeting": 62,
            "students": 6
        }
    },
    {
        "model": "api.classmeetingstudents",
        "pk": 524,
        "fields": {
            "class_meeting": 62,
            "students": 7
        }
    },
    {
        "model": "api.classmeetingstudents",
        "pk": 525,
        "fields": {
            "class_meeting": 62,
            "students": 8
        }
    },
    {
        "model": "api.classmeetingstudents",
        "pk": 526,
        "fields": {
            "class_meeting": 62,
            "students": 9
        }
    },
    {
        "model": "api.classmeetingstudents",
        "pk": 527,
        "fields": {
            "class_meeting": 62,
            "students": 10
        }
    },
    {
        "model": "api.classmeetingstudents",
        "pk": 528,
        "fields": {
            "class_meeting": 62,
            "students": 11
        }
    },
    {
        "model": "api.classmeetingstudents",
        "pk": 529,
        "fields": {
            "class_meeting": 62,
            "students": 12
        }
    },
    {
        "model": "api.classmeetingstudents",
        "pk": 530,
        "fields": {
            "class_meeting": 63,
            "students": 3
        }
    },
    {
        "model": "api.classmeetingstudents",
        "pk": 531,
        "fields": {
            "class_meeting": 63,
            "students": 4
        }
    },
    {
        "model": "api.classmeetingstudents",
        "pk": 532,
        "fields": {
            "class_meeting": 63,
            "students": 5
        }
    },
    {
        "model": "api.classmeetingstudents",
        "pk": 533,
        "fields": {
            "class_meeting": 63,
            "students": 6
        }
    },
    {
        "model": "api.classmeetingstudents",
        "pk": 534,
        "fields": {
            "class_meeting": 63,
            "students": 7
        }
    },
    {
        "model": "api.classmeetingstudents",
        "pk": 535,
        "fields": {
            "class_meeting": 63,
            "students": 8
        }
    },
    {
        "model": "api.classmeetingstudents",
        "pk": 536,
        "fields": {
            "class_meeting": 63,
            "students": 9
        }
    },
    {
        "model": "api.classmeetingstudents",
        "pk": 537,
        "fields": {
            "class_meeting": 63,
            "students": 10
        }
    },
    {
        "model": "api.classmeetingstudents",
        "pk": 538,
        "fields": {
            "class_meeting": 63,
            "students": 11
        }
    },
    {
        "model": "api.classmeetingstudents",
        "pk": 539,
        "fields": {
            "class_meeting": 63,
            "students": 12
        }
    },
    {
        "model": "api.classmeetingstudents",
        "pk": 540,
        "fields": {
            "class_meeting": 56,
            "students": 17
        }
    },
    {
        "model": "api.classmeetingstudents",
        "pk": 541,
        "fields": {
            "class_meeting": 56,
            "students": 18
        }
    },
    {
        "model": "api.classmeetingstudents",
        "pk": 542,
        "fields": {
            "class_meeting": 56,
            "students": 22
        }
    },
    {
        "model": "api.classmeetingstudents",
        "pk": 543,
        "fields": {
            "class_meeting": 64,
            "students": 3
        }
    },
    {
        "model": "api.classmeetingstudents",
        "pk": 544,
        "fields": {
            "class_meeting": 64,
            "students": 4
        }
    },
    {
        "model": "api.classmeetingstudents",
        "pk": 545,
        "fields": {
            "class_meeting": 64,
            "students": 5
        }
    },
    {
        "model": "api.classmeetingstudents",
        "pk": 546,
        "fields": {
            "class_meeting": 64,
            "students": 6
        }
    },
    {
        "model": "api.classmeetingstudents",
        "pk": 547,
        "fields": {
            "class_meeting": 64,
            "students": 7
        }
    },
    {
        "model": "api.classmeetingstudents",
        "pk": 548,
        "fields": {
            "class_meeting": 64,
            "students": 8
        }
    },
    {
        "model": "api.classmeetingstudents",
        "pk": 549,
        "fields": {
            "class_meeting": 64,
            "students": 9
        }
    },
    {
        "model": "api.classmeetingstudents",
        "pk": 550,
        "fields": {
            "class_meeting": 64,
            "students": 10
        }
    },
    {
        "model": "api.classmeetingstudents",
        "pk": 551,
        "fields": {
            "class_meeting": 64,
            "students": 11
        }
    },
    {
        "model": "api.classmeetingstudents",
        "pk": 552,
        "fields": {
            "class_meeting": 64,
            "students": 12
        }
    },
    {
        "model": "api.classmeetingstudents",
        "pk": 553,
        "fields": {
            "class_meeting": 65,
            "students": 3
        }
    },
    {
        "model": "api.classmeetingstudents",
        "pk": 554,
        "fields": {
            "class_meeting": 65,
            "students": 4
        }
    },
    {
        "model": "api.classmeetingstudents",
        "pk": 555,
        "fields": {
            "class_meeting": 65,
            "students": 5
        }
    },
    {
        "model": "api.classmeetingstudents",
        "pk": 556,
        "fields": {
            "class_meeting": 65,
            "students": 6
        }
    },
    {
        "model": "api.classmeetingstudents",
        "pk": 557,
        "fields": {
            "class_meeting": 65,
            "students": 7
        }
    },
    {
        "model": "api.classmeetingstudents",
        "pk": 558,
        "fields": {
            "class_meeting": 65,
            "students": 8
        }
    },
    {
        "model": "api.classmeetingstudents",
        "pk": 559,
        "fields": {
            "class_meeting": 65,
            "students": 9
        }
    },
    {
        "model": "api.classmeetingstudents",
        "pk": 560,
        "fields": {
            "class_meeting": 65,
            "students": 10
        }
    },
    {
        "model": "api.classmeetingstudents",
        "pk": 561,
        "fields": {
            "class_meeting": 65,
            "students": 11
        }
    },
    {
        "model": "api.classmeetingstudents",
        "pk": 562,
        "fields": {
            "class_meeting": 65,
            "students": 12
        }
    },
    {
        "model": "api.classmeetingstudents",
        "pk": 563,
        "fields": {
            "class_meeting": 66,
            "students": 3
        }
    },
    {
        "model": "api.classmeetingstudents",
        "pk": 564,
        "fields": {
            "class_meeting": 66,
            "students": 4
        }
    },
    {
        "model": "api.classmeetingstudents",
        "pk": 565,
        "fields": {
            "class_meeting": 66,
            "students": 5
        }
    },
    {
        "model": "api.classmeetingstudents",
        "pk": 566,
        "fields": {
            "class_meeting": 66,
            "students": 6
        }
    },
    {
        "model": "api.classmeetingstudents",
        "pk": 567,
        "fields": {
            "class_meeting": 66,
            "students": 7
        }
    },
    {
        "model": "api.classmeetingstudents",
        "pk": 568,
        "fields": {
            "class_meeting": 66,
            "students": 8
        }
    },
    {
        "model": "api.classmeetingstudents",
        "pk": 569,
        "fields": {
            "class_meeting": 66,
            "students": 9
        }
    },
    {
        "model": "api.classmeetingstudents",
        "pk": 570,
        "fields": {
            "class_meeting": 66,
            "students": 10
        }
    },
    {
        "model": "api.classmeetingstudents",
        "pk": 571,
        "fields": {
            "class_meeting": 66,
            "students": 11
        }
    },
    {
        "model": "api.classmeetingstudents",
        "pk": 572,
        "fields": {
            "class_meeting": 66,
            "students": 12
        }
    },
    {
        "model": "api.classmeetingstudents",
        "pk": 573,
        "fields": {
            "class_meeting": 67,
            "students": 3
        }
    },
    {
        "model": "api.classmeetingstudents",
        "pk": 574,
        "fields": {
            "class_meeting": 67,
            "students": 4
        }
    },
    {
        "model": "api.classmeetingstudents",
        "pk": 575,
        "fields": {
            "class_meeting": 67,
            "students": 5
        }
    },
    {
        "model": "api.classmeetingstudents",
        "pk": 576,
        "fields": {
            "class_meeting": 67,
            "students": 6
        }
    },
    {
        "model": "api.classmeetingstudents",
        "pk": 577,
        "fields": {
            "class_meeting": 67,
            "students": 7
        }
    },
    {
        "model": "api.classmeetingstudents",
        "pk": 578,
        "fields": {
            "class_meeting": 67,
            "students": 8
        }
    },
    {
        "model": "api.classmeetingstudents",
        "pk": 579,
        "fields": {
            "class_meeting": 67,
            "students": 9
        }
    },
    {
        "model": "api.classmeetingstudents",
        "pk": 580,
        "fields": {
            "class_meeting": 67,
            "students": 10
        }
    },
    {
        "model": "api.classmeetingstudents",
        "pk": 581,
        "fields": {
            "class_meeting": 67,
            "students": 11
        }
    },
    {
        "model": "api.classmeetingstudents",
        "pk": 582,
        "fields": {
            "class_meeting": 67,
            "students": 12
        }
    },
    {
        "model": "api.classmeetingstudents",
        "pk": 583,
        "fields": {
            "class_meeting": 68,
            "students": 3
        }
    },
    {
        "model": "api.classmeetingstudents",
        "pk": 584,
        "fields": {
            "class_meeting": 68,
            "students": 4
        }
    },
    {
        "model": "api.classmeetingstudents",
        "pk": 585,
        "fields": {
            "class_meeting": 68,
            "students": 5
        }
    },
    {
        "model": "api.classmeetingstudents",
        "pk": 586,
        "fields": {
            "class_meeting": 68,
            "students": 6
        }
    },
    {
        "model": "api.classmeetingstudents",
        "pk": 587,
        "fields": {
            "class_meeting": 68,
            "students": 7
        }
    },
    {
        "model": "api.classmeetingstudents",
        "pk": 588,
        "fields": {
            "class_meeting": 68,
            "students": 8
        }
    },
    {
        "model": "api.classmeetingstudents",
        "pk": 589,
        "fields": {
            "class_meeting": 68,
            "students": 9
        }
    },
    {
        "model": "api.classmeetingstudents",
        "pk": 590,
        "fields": {
            "class_meeting": 68,
            "students": 10
        }
    },
    {
        "model": "api.classmeetingstudents",
        "pk": 591,
        "fields": {
            "class_meeting": 68,
            "students": 11
        }
    },
    {
        "model": "api.classmeetingstudents",
        "pk": 592,
        "fields": {
            "class_meeting": 68,
            "students": 12
        }
    },
    {
        "model": "api.classmeetingstudents",
        "pk": 593,
        "fields": {
            "class_meeting": 69,
            "students": 3
        }
    },
    {
        "model": "api.classmeetingstudents",
        "pk": 594,
        "fields": {
            "class_meeting": 69,
            "students": 4
        }
    },
    {
        "model": "api.classmeetingstudents",
        "pk": 595,
        "fields": {
            "class_meeting": 69,
            "students": 5
        }
    },
    {
        "model": "api.classmeetingstudents",
        "pk": 596,
        "fields": {
            "class_meeting": 69,
            "students": 6
        }
    },
    {
        "model": "api.classmeetingstudents",
        "pk": 597,
        "fields": {
            "class_meeting": 69,
            "students": 7
        }
    },
    {
        "model": "api.classmeetingstudents",
        "pk": 598,
        "fields": {
            "class_meeting": 69,
            "students": 8
        }
    },
    {
        "model": "api.classmeetingstudents",
        "pk": 599,
        "fields": {
            "class_meeting": 69,
            "students": 9
        }
    },
    {
        "model": "api.classmeetingstudents",
        "pk": 600,
        "fields": {
            "class_meeting": 69,
            "students": 10
        }
    },
    {
        "model": "api.classmeetingstudents",
        "pk": 601,
        "fields": {
            "class_meeting": 69,
            "students": 11
        }
    },
    {
        "model": "api.classmeetingstudents",
        "pk": 602,
        "fields": {
            "class_meeting": 69,
            "students": 12
        }
    },
    {
        "model": "api.classmeetingstudents",
        "pk": 603,
        "fields": {
            "class_meeting": 70,
            "students": 3
        }
    },
    {
        "model": "api.classmeetingstudents",
        "pk": 604,
        "fields": {
            "class_meeting": 70,
            "students": 4
        }
    },
    {
        "model": "api.classmeetingstudents",
        "pk": 605,
        "fields": {
            "class_meeting": 70,
            "students": 5
        }
    },
    {
        "model": "api.classmeetingstudents",
        "pk": 606,
        "fields": {
            "class_meeting": 70,
            "students": 6
        }
    },
    {
        "model": "api.classmeetingstudents",
        "pk": 607,
        "fields": {
            "class_meeting": 70,
            "students": 7
        }
    },
    {
        "model": "api.classmeetingstudents",
        "pk": 608,
        "fields": {
            "class_meeting": 70,
            "students": 8
        }
    },
    {
        "model": "api.classmeetingstudents",
        "pk": 609,
        "fields": {
            "class_meeting": 70,
            "students": 9
        }
    },
    {
        "model": "api.classmeetingstudents",
        "pk": 610,
        "fields": {
            "class_meeting": 70,
            "students": 10
        }
    },
    {
        "model": "api.classmeetingstudents",
        "pk": 611,
        "fields": {
            "class_meeting": 70,
            "students": 11
        }
    },
    {
        "model": "api.classmeetingstudents",
        "pk": 612,
        "fields": {
            "class_meeting": 70,
            "students": 12
        }
    },
    {
        "model": "api.classmeetingstudents",
        "pk": 613,
        "fields": {
            "class_meeting": 71,
            "students": 3
        }
    },
    {
        "model": "api.classmeetingstudents",
        "pk": 614,
        "fields": {
            "class_meeting": 71,
            "students": 4
        }
    },
    {
        "model": "api.classmeetingstudents",
        "pk": 615,
        "fields": {
            "class_meeting": 71,
            "students": 5
        }
    },
    {
        "model": "api.classmeetingstudents",
        "pk": 616,
        "fields": {
            "class_meeting": 71,
            "students": 6
        }
    },
    {
        "model": "api.classmeetingstudents",
        "pk": 617,
        "fields": {
            "class_meeting": 71,
            "students": 7
        }
    },
    {
        "model": "api.classmeetingstudents",
        "pk": 618,
        "fields": {
            "class_meeting": 71,
            "students": 8
        }
    },
    {
        "model": "api.classmeetingstudents",
        "pk": 619,
        "fields": {
            "class_meeting": 71,
            "students": 9
        }
    },
    {
        "model": "api.classmeetingstudents",
        "pk": 620,
        "fields": {
            "class_meeting": 71,
            "students": 10
        }
    },
    {
        "model": "api.classmeetingstudents",
        "pk": 621,
        "fields": {
            "class_meeting": 71,
            "students": 11
        }
    },
    {
        "model": "api.classmeetingstudents",
        "pk": 622,
        "fields": {
            "class_meeting": 71,
            "students": 12
        }
    },
    {
        "model": "api.classmeetingstudents",
        "pk": 623,
        "fields": {
            "class_meeting": 73,
            "students": 17
        }
    },
    {
        "model": "api.classmeetingstudents",
        "pk": 624,
        "fields": {
            "class_meeting": 73,
            "students": 18
        }
    },
    {
        "model": "api.classmeetingstudents",
        "pk": 625,
        "fields": {
            "class_meeting": 73,
            "students": 22
        }
    },
    {
        "model": "api.classmeetingstudents",
        "pk": 626,
        "fields": {
            "class_meeting": 72,
            "students": 3
        }
    },
    {
        "model": "api.classmeetingstudents",
        "pk": 627,
        "fields": {
            "class_meeting": 72,
            "students": 4
        }
    },
    {
        "model": "api.classmeetingstudents",
        "pk": 628,
        "fields": {
            "class_meeting": 72,
            "students": 5
        }
    },
    {
        "model": "api.classmeetingstudents",
        "pk": 629,
        "fields": {
            "class_meeting": 72,
            "students": 6
        }
    },
    {
        "model": "api.classmeetingstudents",
        "pk": 630,
        "fields": {
            "class_meeting": 72,
            "students": 7
        }
    },
    {
        "model": "api.classmeetingstudents",
        "pk": 631,
        "fields": {
            "class_meeting": 72,
            "students": 8
        }
    },
    {
        "model": "api.classmeetingstudents",
        "pk": 632,
        "fields": {
            "class_meeting": 72,
            "students": 9
        }
    },
    {
        "model": "api.classmeetingstudents",
        "pk": 633,
        "fields": {
            "class_meeting": 72,
            "students": 10
        }
    },
    {
        "model": "api.classmeetingstudents",
        "pk": 634,
        "fields": {
            "class_meeting": 72,
            "students": 11
        }
    },
    {
        "model": "api.classmeetingstudents",
        "pk": 635,
        "fields": {
            "class_meeting": 72,
            "students": 12
        }
    },
    {
        "model": "api.classmeetingstudents",
        "pk": 636,
        "fields": {
            "class_meeting": 74,
            "students": 3
        }
    },
    {
        "model": "api.classmeetingstudents",
        "pk": 637,
        "fields": {
            "class_meeting": 74,
            "students": 4
        }
    },
    {
        "model": "api.classmeetingstudents",
        "pk": 638,
        "fields": {
            "class_meeting": 74,
            "students": 5
        }
    },
    {
        "model": "api.classmeetingstudents",
        "pk": 639,
        "fields": {
            "class_meeting": 74,
            "students": 6
        }
    },
    {
        "model": "api.classmeetingstudents",
        "pk": 640,
        "fields": {
            "class_meeting": 74,
            "students": 7
        }
    },
    {
        "model": "api.classmeetingstudents",
        "pk": 641,
        "fields": {
            "class_meeting": 74,
            "students": 8
        }
    },
    {
        "model": "api.classmeetingstudents",
        "pk": 642,
        "fields": {
            "class_meeting": 74,
            "students": 9
        }
    },
    {
        "model": "api.classmeetingstudents",
        "pk": 643,
        "fields": {
            "class_meeting": 74,
            "students": 10
        }
    },
    {
        "model": "api.classmeetingstudents",
        "pk": 644,
        "fields": {
            "class_meeting": 74,
            "students": 11
        }
    },
    {
        "model": "api.classmeetingstudents",
        "pk": 645,
        "fields": {
            "class_meeting": 74,
            "students": 12
        }
    },
    {
        "model": "api.classmeetingstudents",
        "pk": 646,
        "fields": {
            "class_meeting": 75,
            "students": 17
        }
    },
    {
        "model": "api.classmeetingstudents",
        "pk": 647,
        "fields": {
            "class_meeting": 75,
            "students": 18
        }
    },
    {
        "model": "api.classmeetingstudents",
        "pk": 648,
        "fields": {
            "class_meeting": 75,
            "students": 22
        }
    },
    {
        "model": "api.classmeetingstudents",
        "pk": 649,
        "fields": {
            "class_meeting": 76,
            "students": 17
        }
    },
    {
        "model": "api.classmeetingstudents",
        "pk": 650,
        "fields": {
            "class_meeting": 76,
            "students": 18
        }
    },
    {
        "model": "api.classmeetingstudents",
        "pk": 651,
        "fields": {
            "class_meeting": 76,
            "students": 22
        }
    },
    {
        "model": "api.classroom",
        "pk": 1,
        "fields": {
            "created_by_user": null,
            "deleted": "b'\\x01'",
            "modified_by_user": null,
            "break_duration": 20,
            "capacity": 20,
            "degree": 3,
            "field": null,
            "level": 11,
            "name": "\u0627\u0646\u0628\u0647 6",
            "schedule": 1,
            "school_id": 1,
            "section_count": 5,
            "section_duration": 100,
            "start_time": "16:30"
        }
    },
    {
        "model": "api.classroom",
        "pk": 2,
        "fields": {
            "created_by_user": null,
            "deleted": "b'\\x01'",
            "modified_by_user": null,
            "break_duration": 20,
            "capacity": 20,
            "degree": 3,
            "field": null,
            "level": 11,
            "name": "\u0627\u0646\u0628\u0647 5",
            "schedule": 2,
            "school_id": 1,
            "section_count": 5,
            "section_duration": 100,
            "start_time": "14:30"
        }
    },
    {
        "model": "api.classroom",
        "pk": 3,
        "fields": {
            "created_by_user": null,
            "deleted": "b'\\x01'",
            "modified_by_user": null,
            "break_duration": 20,
            "capacity": 20,
            "degree": 3,
            "field": null,
            "level": 11,
            "name": "\u0627\u0646\u0628\u0647 5",
            "schedule": 3,
            "school_id": 1,
            "section_count": 5,
            "section_duration": 100,
            "start_time": "16:30"
        }
    },
    {
        "model": "api.classroom",
        "pk": 4,
        "fields": {
            "created_by_user": null,
            "deleted": "b'\\x00'",
            "modified_by_user": null,
            "break_duration": 15,
            "capacity": 50,
            "degree": 3,
            "field": null,
            "level": 11,
            "name": "\u06cc\u0627\u0632\u062f\u0647\u0645 ( \u0628 )",
            "schedule": 4,
            "school_id": 1,
            "section_count": 5,
            "section_duration": 90,
            "start_time": "08:30"
        }
    },
    {
        "model": "api.classroom",
        "pk": 5,
        "fields": {
            "created_by_user": null,
            "deleted": "b'\\x01'",
            "modified_by_user": null,
            "break_duration": 20,
            "capacity": 5,
            "degree": 1,
            "field": null,
            "level": 2,
            "name": "\u062a\u0633\u062a",
            "schedule": 5,
            "school_id": 1,
            "section_count": 1000,
            "section_duration": 1000000,
            "start_time": "08:30"
        }
    },
    {
        "model": "api.classroom",
        "pk": 6,
        "fields": {
            "created_by_user": null,
            "deleted": "b'\\x01'",
            "modified_by_user": null,
            "break_duration": 20,
            "capacity": 10,
            "degree": 3,
            "field": null,
            "level": 10,
            "name": "\u062a\u0633\u062a \u06a9\u0644\u0627\u0633",
            "schedule": 6,
            "school_id": 1,
            "section_count": 2,
            "section_duration": 120,
            "start_time": "08:30"
        }
    },
    {
        "model": "api.classroom",
        "pk": 7,
        "fields": {
            "created_by_user": null,
            "deleted": "b'\\x00'",
            "modified_by_user": null,
            "break_duration": 20,
            "capacity": 10,
            "degree": 3,
            "field": null,
            "level": 10,
            "name": "\u062a\u0633\u062a \u06a9\u0644\u0627\u0633",
            "schedule": 7,
            "school_id": 1,
            "section_count": 2,
            "section_duration": 120,
            "start_time": "08:30"
        }
    },
    {
        "model": "api.classroom",
        "pk": 8,
        "fields": {
            "created_by_user": null,
            "deleted": "b'\\x00'",
            "modified_by_user": null,
            "break_duration": 0,
            "capacity": 25,
            "degree": 3,
            "field": null,
            "level": 11,
            "name": "\u06cc\u0627\u0632\u062f\u0647\u0645 (\u0627\u0644\u0641)",
            "schedule": 8,
            "school_id": 1,
            "section_count": 5,
            "section_duration": 90,
            "start_time": "08:30"
        }
    },
    {
        "model": "api.classroom",
        "pk": 9,
        "fields": {
            "created_by_user": null,
            "deleted": "b'\\x00'",
            "modified_by_user": null,
            "break_duration": 20,
            "capacity": 44,
            "degree": 3,
            "field": null,
            "level": 10,
            "name": "\u062a\u0633\u062a \u0633\u0647\u06cc\u0644",
            "schedule": 9,
            "school_id": 1,
            "section_count": 10,
            "section_duration": 120,
            "start_time": "08:30"
        }
    },
    {
        "model": "api.classroomstudents",
        "pk": 1,
        "fields": {
            "classroom": 2,
            "students": 3
        }
    },
    {
        "model": "api.classroomstudents",
        "pk": 2,
        "fields": {
            "classroom": 2,
            "students": 4
        }
    },
    {
        "model": "api.classroomstudents",
        "pk": 3,
        "fields": {
            "classroom": 2,
            "students": 5
        }
    },
    {
        "model": "api.classroomstudents",
        "pk": 4,
        "fields": {
            "classroom": 2,
            "students": 6
        }
    },
    {
        "model": "api.classroomstudents",
        "pk": 5,
        "fields": {
            "classroom": 2,
            "students": 7
        }
    },
    {
        "model": "api.classroomstudents",
        "pk": 6,
        "fields": {
            "classroom": 2,
            "students": 8
        }
    },
    {
        "model": "api.classroomstudents",
        "pk": 7,
        "fields": {
            "classroom": 2,
            "students": 9
        }
    },
    {
        "model": "api.classroomstudents",
        "pk": 8,
        "fields": {
            "classroom": 2,
            "students": 10
        }
    },
    {
        "model": "api.classroomstudents",
        "pk": 9,
        "fields": {
            "classroom": 2,
            "students": 11
        }
    },
    {
        "model": "api.classroomstudents",
        "pk": 10,
        "fields": {
            "classroom": 2,
            "students": 12
        }
    },
    {
        "model": "api.classroomstudents",
        "pk": 11,
        "fields": {
            "classroom": 1,
            "students": 3
        }
    },
    {
        "model": "api.classroomstudents",
        "pk": 12,
        "fields": {
            "classroom": 1,
            "students": 4
        }
    },
    {
        "model": "api.classroomstudents",
        "pk": 13,
        "fields": {
            "classroom": 1,
            "students": 5
        }
    },
    {
        "model": "api.classroomstudents",
        "pk": 14,
        "fields": {
            "classroom": 1,
            "students": 6
        }
    },
    {
        "model": "api.classroomstudents",
        "pk": 15,
        "fields": {
            "classroom": 1,
            "students": 7
        }
    },
    {
        "model": "api.classroomstudents",
        "pk": 16,
        "fields": {
            "classroom": 1,
            "students": 8
        }
    },
    {
        "model": "api.classroomstudents",
        "pk": 17,
        "fields": {
            "classroom": 1,
            "students": 9
        }
    },
    {
        "model": "api.classroomstudents",
        "pk": 18,
        "fields": {
            "classroom": 1,
            "students": 10
        }
    },
    {
        "model": "api.classroomstudents",
        "pk": 19,
        "fields": {
            "classroom": 1,
            "students": 11
        }
    },
    {
        "model": "api.classroomstudents",
        "pk": 20,
        "fields": {
            "classroom": 1,
            "students": 12
        }
    },
    {
        "model": "api.classroomstudents",
        "pk": 21,
        "fields": {
            "classroom": 3,
            "students": 3
        }
    },
    {
        "model": "api.classroomstudents",
        "pk": 22,
        "fields": {
            "classroom": 3,
            "students": 4
        }
    },
    {
        "model": "api.classroomstudents",
        "pk": 23,
        "fields": {
            "classroom": 3,
            "students": 5
        }
    },
    {
        "model": "api.classroomstudents",
        "pk": 24,
        "fields": {
            "classroom": 3,
            "students": 6
        }
    },
    {
        "model": "api.classroomstudents",
        "pk": 25,
        "fields": {
            "classroom": 3,
            "students": 7
        }
    },
    {
        "model": "api.classroomstudents",
        "pk": 26,
        "fields": {
            "classroom": 3,
            "students": 8
        }
    },
    {
        "model": "api.classroomstudents",
        "pk": 27,
        "fields": {
            "classroom": 3,
            "students": 9
        }
    },
    {
        "model": "api.classroomstudents",
        "pk": 28,
        "fields": {
            "classroom": 3,
            "students": 10
        }
    },
    {
        "model": "api.classroomstudents",
        "pk": 29,
        "fields": {
            "classroom": 3,
            "students": 11
        }
    },
    {
        "model": "api.classroomstudents",
        "pk": 30,
        "fields": {
            "classroom": 3,
            "students": 12
        }
    },
    {
        "model": "api.classroomstudents",
        "pk": 31,
        "fields": {
            "classroom": 6,
            "students": 17
        }
    },
    {
        "model": "api.classroomstudents",
        "pk": 32,
        "fields": {
            "classroom": 6,
            "students": 18
        }
    },
    {
        "model": "api.classroomstudents",
        "pk": 33,
        "fields": {
            "classroom": 4,
            "students": 3
        }
    },
    {
        "model": "api.classroomstudents",
        "pk": 34,
        "fields": {
            "classroom": 4,
            "students": 4
        }
    },
    {
        "model": "api.classroomstudents",
        "pk": 35,
        "fields": {
            "classroom": 4,
            "students": 5
        }
    },
    {
        "model": "api.classroomstudents",
        "pk": 36,
        "fields": {
            "classroom": 4,
            "students": 6
        }
    },
    {
        "model": "api.classroomstudents",
        "pk": 37,
        "fields": {
            "classroom": 4,
            "students": 7
        }
    },
    {
        "model": "api.classroomstudents",
        "pk": 38,
        "fields": {
            "classroom": 4,
            "students": 8
        }
    },
    {
        "model": "api.classroomstudents",
        "pk": 39,
        "fields": {
            "classroom": 4,
            "students": 9
        }
    },
    {
        "model": "api.classroomstudents",
        "pk": 40,
        "fields": {
            "classroom": 4,
            "students": 10
        }
    },
    {
        "model": "api.classroomstudents",
        "pk": 41,
        "fields": {
            "classroom": 4,
            "students": 11
        }
    },
    {
        "model": "api.classroomstudents",
        "pk": 42,
        "fields": {
            "classroom": 4,
            "students": 12
        }
    },
    {
        "model": "api.classroomstudents",
        "pk": 43,
        "fields": {
            "classroom": 7,
            "students": 17
        }
    },
    {
        "model": "api.classroomstudents",
        "pk": 44,
        "fields": {
            "classroom": 7,
            "students": 18
        }
    },
    {
        "model": "api.classroomstudents",
        "pk": 45,
        "fields": {
            "classroom": 7,
            "students": 22
        }
    },
    {
        "model": "api.classroomstudents",
        "pk": 46,
        "fields": {
            "classroom": 9,
            "students": 17
        }
    },
    {
        "model": "api.classroomstudents",
        "pk": 47,
        "fields": {
            "classroom": 9,
            "students": 18
        }
    },
    {
        "model": "api.classroomstudents",
        "pk": 48,
        "fields": {
            "classroom": 9,
            "students": 22
        }
    },
    {
        "model": "api.convertedimage",
        "pk": 1,
        "fields": {
            "created_by_user": null,
            "deleted": "b'\\x00'",
            "modified_by_user": null,
            "path": "\u067e\u0631\u0633\u0634\u0646\u0627\u0645\u0647_\u0645\u0628\u0646\u0627\u0645\u0634\u0627\u0648\u0631/1.jpeg",
            "resource_id": 4
        }
    },
    {
        "model": "api.convertedimage",
        "pk": 2,
        "fields": {
            "created_by_user": null,
            "deleted": "b'\\x00'",
            "modified_by_user": null,
            "path": "\u067e\u0631\u0633\u0634\u0646\u0627\u0645\u0647_\u0645\u0628\u0646\u0627\u0645\u0634\u0627\u0648\u0631/2.jpeg",
            "resource_id": 4
        }
    },
    {
        "model": "api.convertedimage",
        "pk": 3,
        "fields": {
            "created_by_user": null,
            "deleted": "b'\\x00'",
            "modified_by_user": null,
            "path": "catalog-badpa/1.jpeg",
            "resource_id": 48
        }
    },
    {
        "model": "api.convertedimage",
        "pk": 4,
        "fields": {
            "created_by_user": null,
            "deleted": "b'\\x00'",
            "modified_by_user": null,
            "path": "catalog-badpa/2.jpeg",
            "resource_id": 48
        }
    },
    {
        "model": "api.convertedimage",
        "pk": 5,
        "fields": {
            "created_by_user": null,
            "deleted": "b'\\x00'",
            "modified_by_user": null,
            "path": "catalog-badpa/3.jpeg",
            "resource_id": 48
        }
    },
    {
        "model": "api.convertedimage",
        "pk": 6,
        "fields": {
            "created_by_user": null,
            "deleted": "b'\\x00'",
            "modified_by_user": null,
            "path": "catalog-badpa/4.jpeg",
            "resource_id": 48
        }
    },
    {
        "model": "api.convertedimage",
        "pk": 7,
        "fields": {
            "created_by_user": null,
            "deleted": "b'\\x00'",
            "modified_by_user": null,
            "path": "catalog-badpa/5.jpeg",
            "resource_id": 48
        }
    },
    {
        "model": "api.convertedimage",
        "pk": 8,
        "fields": {
            "created_by_user": null,
            "deleted": "b'\\x00'",
            "modified_by_user": null,
            "path": "catalog-badpa/6.jpeg",
            "resource_id": 48
        }
    },
    {
        "model": "api.convertedimage",
        "pk": 9,
        "fields": {
            "created_by_user": null,
            "deleted": "b'\\x00'",
            "modified_by_user": null,
            "path": "catalog-badpa/7.jpeg",
            "resource_id": 48
        }
    },
    {
        "model": "api.convertedimage",
        "pk": 10,
        "fields": {
            "created_by_user": null,
            "deleted": "b'\\x00'",
            "modified_by_user": null,
            "path": "catalog-badpa/8.jpeg",
            "resource_id": 48
        }
    },
    {
        "model": "api.convertedimage",
        "pk": 11,
        "fields": {
            "created_by_user": null,
            "deleted": "b'\\x00'",
            "modified_by_user": null,
            "path": "catalog-badpa/9.jpeg",
            "resource_id": 48
        }
    },
    {
        "model": "api.convertedimage",
        "pk": 12,
        "fields": {
            "created_by_user": null,
            "deleted": "b'\\x00'",
            "modified_by_user": null,
            "path": "catalog-badpa/10.jpeg",
            "resource_id": 48
        }
    },
    {
        "model": "api.convertedimage",
        "pk": 13,
        "fields": {
            "created_by_user": null,
            "deleted": "b'\\x00'",
            "modified_by_user": null,
            "path": "catalog-badpa/11.jpeg",
            "resource_id": 48
        }
    },
    {
        "model": "api.convertedimage",
        "pk": 14,
        "fields": {
            "created_by_user": null,
            "deleted": "b'\\x00'",
            "modified_by_user": null,
            "path": "catalog-badpa/12.jpeg",
            "resource_id": 48
        }
    },
    {
        "model": "api.convertedimage",
        "pk": 15,
        "fields": {
            "created_by_user": null,
            "deleted": "b'\\x00'",
            "modified_by_user": null,
            "path": "catalog-badpa/13.jpeg",
            "resource_id": 48
        }
    },
    {
        "model": "api.convertedimage",
        "pk": 16,
        "fields": {
            "created_by_user": null,
            "deleted": "b'\\x00'",
            "modified_by_user": null,
            "path": "catalog-badpa/14.jpeg",
            "resource_id": 48
        }
    },
    {
        "model": "api.convertedimage",
        "pk": 17,
        "fields": {
            "created_by_user": null,
            "deleted": "b'\\x00'",
            "modified_by_user": null,
            "path": "\u0627\u0628\u0644\u0627\u063a\u06cc\u0647_\u0628\u06cc\u0645\u0647_\u062f\u0627\u0646\u0634_\u0628\u0646\u06cc\u0627\u0646/1.jpeg",
            "resource_id": 49
        }
    },
    {
        "model": "api.convertedimage",
        "pk": 18,
        "fields": {
            "created_by_user": null,
            "deleted": "b'\\x00'",
            "modified_by_user": null,
            "path": "\u0627\u0628\u0644\u0627\u063a\u06cc\u0647_\u0628\u06cc\u0645\u0647_\u062f\u0627\u0646\u0634_\u0628\u0646\u06cc\u0627\u0646/2.jpeg",
            "resource_id": 49
        }
    },
    {
        "model": "api.convertedimage",
        "pk": 19,
        "fields": {
            "created_by_user": null,
            "deleted": "b'\\x00'",
            "modified_by_user": null,
            "path": "\u0627\u0628\u0644\u0627\u063a\u06cc\u0647_\u0628\u06cc\u0645\u0647_\u062f\u0627\u0646\u0634_\u0628\u0646\u06cc\u0627\u0646/3.jpeg",
            "resource_id": 49
        }
    },
    {
        "model": "api.convertedimage",
        "pk": 20,
        "fields": {
            "created_by_user": null,
            "deleted": "b'\\x00'",
            "modified_by_user": null,
            "path": "AyeenNameh961018(1)/1.jpeg",
            "resource_id": 51
        }
    },
    {
        "model": "api.convertedimage",
        "pk": 21,
        "fields": {
            "created_by_user": null,
            "deleted": "b'\\x00'",
            "modified_by_user": null,
            "path": "AyeenNameh961018(1)/2.jpeg",
            "resource_id": 51
        }
    },
    {
        "model": "api.convertedimage",
        "pk": 22,
        "fields": {
            "created_by_user": null,
            "deleted": "b'\\x00'",
            "modified_by_user": null,
            "path": "AyeenNameh961018(1)/3.jpeg",
            "resource_id": 51
        }
    },
    {
        "model": "api.convertedimage",
        "pk": 23,
        "fields": {
            "created_by_user": null,
            "deleted": "b'\\x00'",
            "modified_by_user": null,
            "path": "AyeenNameh961018(1)/4.jpeg",
            "resource_id": 51
        }
    },
    {
        "model": "api.convertedimage",
        "pk": 24,
        "fields": {
            "created_by_user": null,
            "deleted": "b'\\x00'",
            "modified_by_user": null,
            "path": "AyeenNameh961018(1)/5.jpeg",
            "resource_id": 51
        }
    },
    {
        "model": "api.convertedimage",
        "pk": 25,
        "fields": {
            "created_by_user": null,
            "deleted": "b'\\x00'",
            "modified_by_user": null,
            "path": "AyeenNameh961018(1)/6.jpeg",
            "resource_id": 51
        }
    },
    {
        "model": "api.convertedimage",
        "pk": 26,
        "fields": {
            "created_by_user": null,
            "deleted": "b'\\x00'",
            "modified_by_user": null,
            "path": "AyeenNameh961018(1)/7.jpeg",
            "resource_id": 51
        }
    },
    {
        "model": "api.convertedimage",
        "pk": 27,
        "fields": {
            "created_by_user": null,
            "deleted": "b'\\x00'",
            "modified_by_user": null,
            "path": "AyeenNameh961018(1)/8.jpeg",
            "resource_id": 51
        }
    },
    {
        "model": "api.convertedimage",
        "pk": 28,
        "fields": {
            "created_by_user": null,
            "deleted": "b'\\x00'",
            "modified_by_user": null,
            "path": "AyeenNameh961018(1)/9.jpeg",
            "resource_id": 51
        }
    },
    {
        "model": "api.convertedimage",
        "pk": 29,
        "fields": {
            "created_by_user": null,
            "deleted": "b'\\x00'",
            "modified_by_user": null,
            "path": "AyeenNameh961018(1)/10.jpeg",
            "resource_id": 51
        }
    },
    {
        "model": "api.convertedimage",
        "pk": 30,
        "fields": {
            "created_by_user": null,
            "deleted": "b'\\x00'",
            "modified_by_user": null,
            "path": "AyeenNameh961018(1)/11.jpeg",
            "resource_id": 51
        }
    },
    {
        "model": "api.convertedimage",
        "pk": 31,
        "fields": {
            "created_by_user": null,
            "deleted": "b'\\x00'",
            "modified_by_user": null,
            "path": "AyeenNameh961018(1)/12.jpeg",
            "resource_id": 51
        }
    },
    {
        "model": "api.convertedimage",
        "pk": 32,
        "fields": {
            "created_by_user": null,
            "deleted": "b'\\x00'",
            "modified_by_user": null,
            "path": "AyeenNameh961018(1)/13.jpeg",
            "resource_id": 51
        }
    },
    {
        "model": "api.convertedimage",
        "pk": 33,
        "fields": {
            "created_by_user": null,
            "deleted": "b'\\x00'",
            "modified_by_user": null,
            "path": "AyeenNameh961018(1)/14.jpeg",
            "resource_id": 51
        }
    },
    {
        "model": "api.convertedimage",
        "pk": 34,
        "fields": {
            "created_by_user": null,
            "deleted": "b'\\x00'",
            "modified_by_user": null,
            "path": "AyeenNameh961018(1)/15.jpeg",
            "resource_id": 51
        }
    },
    {
        "model": "api.convertedimage",
        "pk": 35,
        "fields": {
            "created_by_user": null,
            "deleted": "b'\\x00'",
            "modified_by_user": null,
            "path": "AyeenNameh961018(1)/16.jpeg",
            "resource_id": 51
        }
    },
    {
        "model": "api.convertedimage",
        "pk": 36,
        "fields": {
            "created_by_user": null,
            "deleted": "b'\\x00'",
            "modified_by_user": null,
            "path": "_\u0645\u0639\u0631\u0641\u06cc_\u067e\u0644\u062a\u0641\u0631\u0645_\u0632\u0644\u06a9\u0627(5)/1.jpeg",
            "resource_id": 67
        }
    },
    {
        "model": "api.convertedimage",
        "pk": 37,
        "fields": {
            "created_by_user": null,
            "deleted": "b'\\x00'",
            "modified_by_user": null,
            "path": "_\u0645\u0639\u0631\u0641\u06cc_\u067e\u0644\u062a\u0641\u0631\u0645_\u0632\u0644\u06a9\u0627(5)/2.jpeg",
            "resource_id": 67
        }
    },
    {
        "model": "api.convertedimage",
        "pk": 38,
        "fields": {
            "created_by_user": null,
            "deleted": "b'\\x00'",
            "modified_by_user": null,
            "path": "_\u0645\u0639\u0631\u0641\u06cc_\u067e\u0644\u062a\u0641\u0631\u0645_\u0632\u0644\u06a9\u0627(5)/3.jpeg",
            "resource_id": 67
        }
    },
    {
        "model": "api.lesson",
        "pk": 1,
        "fields": {
            "created_by_user": null,
            "deleted": "b'\\x00'",
            "modified_by_user": null,
            "school_id": 1,
            "code": "101",
            "course_unit": 2,
            "degree": 1,
            "field": null,
            "gender": 3,
            "level": 1,
            "name": "\u0622\u0645\u0648\u0632\u0634 \u0642\u0631\u0622\u0646 \u0627\u0648\u0644",
            "state": 1,
            "time_in_week": 2
        }
    },
    {
        "model": "api.lesson",
        "pk": 2,
        "fields": {
            "created_by_user": null,
            "deleted": "b'\\x00'",
            "modified_by_user": null,
            "school_id": 1,
            "code": "103",
            "course_unit": 6,
            "degree": 1,
            "field": null,
            "gender": 3,
            "level": 1,
            "name": "\u0641\u0627\u0631\u0633\u06cc \u0627\u0648\u0644",
            "state": 1,
            "time_in_week": 6
        }
    },
    {
        "model": "api.lesson",
        "pk": 3,
        "fields": {
            "created_by_user": null,
            "deleted": "b'\\x00'",
            "modified_by_user": null,
            "school_id": 1,
            "code": "104",
            "course_unit": 5,
            "degree": 1,
            "field": null,
            "gender": 3,
            "level": 1,
            "name": "\u0646\u06af\u0627\u0631\u0634 \u0641\u0627\u0631\u0633\u06cc \u0627\u0648\u0644",
            "state": 1,
            "time_in_week": 5
        }
    },
    {
        "model": "api.lesson",
        "pk": 4,
        "fields": {
            "created_by_user": null,
            "deleted": "b'\\x00'",
            "modified_by_user": null,
            "school_id": 1,
            "code": "105",
            "course_unit": 5,
            "degree": 1,
            "field": null,
            "gender": 3,
            "level": 1,
            "name": "\u0631\u06cc\u0627\u0636\u06cc \u0627\u0648\u0644",
            "state": 1,
            "time_in_week": 5
        }
    },
    {
        "model": "api.lesson",
        "pk": 5,
        "fields": {
            "created_by_user": null,
            "deleted": "b'\\x00'",
            "modified_by_user": null,
            "school_id": 1,
            "code": "106",
            "course_unit": 3,
            "degree": 1,
            "field": null,
            "gender": 3,
            "level": 1,
            "name": "\u0639\u0644\u0648\u0645 \u062a\u062c\u0631\u0628\u06cc \u0627\u0648\u0644",
            "state": 1,
            "time_in_week": 3
        }
    },
    {
        "model": "api.lesson",
        "pk": 6,
        "fields": {
            "created_by_user": null,
            "deleted": "b'\\x00'",
            "modified_by_user": null,
            "school_id": 1,
            "code": "107",
            "course_unit": 2,
            "degree": 1,
            "field": null,
            "gender": 3,
            "level": 1,
            "name": "\u0647\u0646\u0631",
            "state": 1,
            "time_in_week": 2
        }
    },
    {
        "model": "api.lesson",
        "pk": 7,
        "fields": {
            "created_by_user": null,
            "deleted": "b'\\x00'",
            "modified_by_user": null,
            "school_id": 1,
            "code": "108",
            "course_unit": 2,
            "degree": 1,
            "field": null,
            "gender": 3,
            "level": 1,
            "name": "\u0648\u0631\u0632\u0634",
            "state": 1,
            "time_in_week": 2
        }
    },
    {
        "model": "api.lesson",
        "pk": 8,
        "fields": {
            "created_by_user": null,
            "deleted": "b'\\x00'",
            "modified_by_user": null,
            "school_id": 1,
            "code": "105",
            "course_unit": 5,
            "degree": 1,
            "field": null,
            "gender": 3,
            "level": 1,
            "name": "\u0631\u06cc\u0627\u0636\u06cc \u0627\u0648\u0644",
            "state": 1,
            "time_in_week": 5
        }
    },
    {
        "model": "api.lesson",
        "pk": 9,
        "fields": {
            "created_by_user": null,
            "deleted": "b'\\x00'",
            "modified_by_user": null,
            "school_id": 1,
            "code": "201",
            "course_unit": 3,
            "degree": 1,
            "field": null,
            "gender": 3,
            "level": 2,
            "name": "\u0622\u0645\u0648\u0632\u0634 \u0642\u0631\u0622\u0646 \u062f\u0648\u0645",
            "state": 1,
            "time_in_week": 3
        }
    },
    {
        "model": "api.lesson",
        "pk": 10,
        "fields": {
            "created_by_user": null,
            "deleted": "b'\\x00'",
            "modified_by_user": null,
            "school_id": 1,
            "code": "202",
            "course_unit": 2,
            "degree": 1,
            "field": null,
            "gender": 3,
            "level": 2,
            "name": "\u0647\u062f\u06cc\u0647\u200c\u0647\u0627\u06cc \u0622\u0633\u0645\u0627\u0646",
            "state": 1,
            "time_in_week": 2
        }
    },
    {
        "model": "api.lesson",
        "pk": 11,
        "fields": {
            "created_by_user": null,
            "deleted": "b'\\x00'",
            "modified_by_user": null,
            "school_id": 1,
            "code": "203",
            "course_unit": 5,
            "degree": 1,
            "field": null,
            "gender": 3,
            "level": 2,
            "name": "\u0641\u0627\u0631\u0633\u06cc \u062f\u0648\u0645",
            "state": 1,
            "time_in_week": 5
        }
    },
    {
        "model": "api.lesson",
        "pk": 12,
        "fields": {
            "created_by_user": null,
            "deleted": "b'\\x00'",
            "modified_by_user": null,
            "school_id": 1,
            "code": "204",
            "course_unit": 3,
            "degree": 1,
            "field": null,
            "gender": 3,
            "level": 2,
            "name": "\u0646\u06af\u0627\u0631\u0634 \u0641\u0627\u0631\u0633\u06cc \u062f\u0648\u0645",
            "state": 1,
            "time_in_week": 3
        }
    },
    {
        "model": "api.lesson",
        "pk": 13,
        "fields": {
            "created_by_user": null,
            "deleted": "b'\\x00'",
            "modified_by_user": null,
            "school_id": 1,
            "code": "205",
            "course_unit": 5,
            "degree": 1,
            "field": null,
            "gender": 3,
            "level": 2,
            "name": "\u0631\u06cc\u0627\u0636\u06cc \u062f\u0648\u0645",
            "state": 1,
            "time_in_week": 5
        }
    },
    {
        "model": "api.lesson",
        "pk": 14,
        "fields": {
            "created_by_user": null,
            "deleted": "b'\\x00'",
            "modified_by_user": null,
            "school_id": 1,
            "code": "206",
            "course_unit": 3,
            "degree": 1,
            "field": null,
            "gender": 3,
            "level": 2,
            "name": "\u0639\u0644\u0648\u0645 \u062a\u062c\u0631\u0628\u06cc \u062f\u0648\u0645",
            "state": 1,
            "time_in_week": 3
        }
    },
    {
        "model": "api.lesson",
        "pk": 15,
        "fields": {
            "created_by_user": null,
            "deleted": "b'\\x00'",
            "modified_by_user": null,
            "school_id": 1,
            "code": "208",
            "course_unit": 2,
            "degree": 1,
            "field": null,
            "gender": 3,
            "level": 2,
            "name": "\u0648\u0631\u0632\u0634",
            "state": 1,
            "time_in_week": 2
        }
    },
    {
        "model": "api.lesson",
        "pk": 16,
        "fields": {
            "created_by_user": null,
            "deleted": "b'\\x00'",
            "modified_by_user": null,
            "school_id": 1,
            "code": "207",
            "course_unit": 2,
            "degree": 1,
            "field": null,
            "gender": 3,
            "level": 2,
            "name": "\u0647\u0646\u0631",
            "state": 1,
            "time_in_week": 2
        }
    },
    {
        "model": "api.lesson",
        "pk": 17,
        "fields": {
            "created_by_user": null,
            "deleted": "b'\\x00'",
            "modified_by_user": null,
            "school_id": 1,
            "code": "301",
            "course_unit": 3,
            "degree": 1,
            "field": null,
            "gender": 3,
            "level": 3,
            "name": "\u0622\u0645\u0648\u0632\u0634 \u0642\u0631\u0622\u0646 \u0633\u0648\u0645",
            "state": 1,
            "time_in_week": 3
        }
    },
    {
        "model": "api.lesson",
        "pk": 18,
        "fields": {
            "created_by_user": null,
            "deleted": "b'\\x00'",
            "modified_by_user": null,
            "school_id": 1,
            "code": "302",
            "course_unit": 2,
            "degree": 1,
            "field": null,
            "gender": 3,
            "level": 3,
            "name": "\u0647\u062f\u06cc\u0647\u200c\u0647\u0627\u06cc \u0622\u0633\u0645\u0627\u0646",
            "state": 1,
            "time_in_week": 2
        }
    },
    {
        "model": "api.lesson",
        "pk": 19,
        "fields": {
            "created_by_user": null,
            "deleted": "b'\\x00'",
            "modified_by_user": null,
            "school_id": 1,
            "code": "303",
            "course_unit": 5,
            "degree": 1,
            "field": null,
            "gender": 3,
            "level": 3,
            "name": "\u0641\u0627\u0631\u0633\u06cc \u0633\u0648\u0645",
            "state": 1,
            "time_in_week": 5
        }
    },
    {
        "model": "api.lesson",
        "pk": 20,
        "fields": {
            "created_by_user": null,
            "deleted": "b'\\x00'",
            "modified_by_user": null,
            "school_id": 1,
            "code": "304",
            "course_unit": 3,
            "degree": 1,
            "field": null,
            "gender": 3,
            "level": 3,
            "name": "\u0646\u06af\u0627\u0631\u0634 \u0641\u0627\u0631\u0633\u06cc \u0633\u0648\u0645",
            "state": 1,
            "time_in_week": 3
        }
    },
    {
        "model": "api.lesson",
        "pk": 21,
        "fields": {
            "created_by_user": null,
            "deleted": "b'\\x00'",
            "modified_by_user": null,
            "school_id": 1,
            "code": "305",
            "course_unit": 4,
            "degree": 1,
            "field": null,
            "gender": 3,
            "level": 3,
            "name": "\u0631\u06cc\u0627\u0636\u06cc \u0633\u0648\u0645",
            "state": 1,
            "time_in_week": 4
        }
    },
    {
        "model": "api.lesson",
        "pk": 22,
        "fields": {
            "created_by_user": null,
            "deleted": "b'\\x00'",
            "modified_by_user": null,
            "school_id": 1,
            "code": "306",
            "course_unit": 3,
            "degree": 1,
            "field": null,
            "gender": 3,
            "level": 3,
            "name": "\u0639\u0644\u0648\u0645 \u062a\u062c\u0631\u0628\u06cc \u0633\u0648\u0645",
            "state": 1,
            "time_in_week": 3
        }
    },
    {
        "model": "api.lesson",
        "pk": 23,
        "fields": {
            "created_by_user": null,
            "deleted": "b'\\x00'",
            "modified_by_user": null,
            "school_id": 1,
            "code": "309",
            "course_unit": 2,
            "degree": 1,
            "field": null,
            "gender": 3,
            "level": 3,
            "name": "\u0648\u0631\u0632\u0634",
            "state": 1,
            "time_in_week": 2
        }
    },
    {
        "model": "api.lesson",
        "pk": 24,
        "fields": {
            "created_by_user": null,
            "deleted": "b'\\x00'",
            "modified_by_user": null,
            "school_id": 1,
            "code": "308",
            "course_unit": 2,
            "degree": 1,
            "field": null,
            "gender": 3,
            "level": 3,
            "name": "\u0647\u0646\u0631",
            "state": 1,
            "time_in_week": 2
        }
    },
    {
        "model": "api.lesson",
        "pk": 25,
        "fields": {
            "created_by_user": null,
            "deleted": "b'\\x00'",
            "modified_by_user": null,
            "school_id": 1,
            "code": "307",
            "course_unit": 2,
            "degree": 1,
            "field": null,
            "gender": 3,
            "level": 3,
            "name": "\u0645\u0637\u0627\u0644\u0639\u0627\u062a \u0627\u062c\u062a\u0645\u0627\u0639\u06cc \u0633\u0648\u0645",
            "state": 1,
            "time_in_week": 2
        }
    },
    {
        "model": "api.lesson",
        "pk": 26,
        "fields": {
            "created_by_user": null,
            "deleted": "b'\\x00'",
            "modified_by_user": null,
            "school_id": 1,
            "code": "401",
            "course_unit": 3,
            "degree": 1,
            "field": null,
            "gender": 3,
            "level": 4,
            "name": "\u0622\u0645\u0648\u0632\u0634 \u0642\u0631\u0622\u0646 \u0686\u0647\u0627\u0631\u0645",
            "state": 1,
            "time_in_week": 3
        }
    },
    {
        "model": "api.lesson",
        "pk": 27,
        "fields": {
            "created_by_user": null,
            "deleted": "b'\\x00'",
            "modified_by_user": null,
            "school_id": 1,
            "code": "402",
            "course_unit": 2,
            "degree": 1,
            "field": null,
            "gender": 3,
            "level": 4,
            "name": "\u0647\u062f\u06cc\u0647\u200c\u0647\u0627\u06cc \u0622\u0633\u0645\u0627\u0646",
            "state": 1,
            "time_in_week": 2
        }
    },
    {
        "model": "api.lesson",
        "pk": 28,
        "fields": {
            "created_by_user": null,
            "deleted": "b'\\x00'",
            "modified_by_user": null,
            "school_id": 1,
            "code": "403",
            "course_unit": 4,
            "degree": 1,
            "field": null,
            "gender": 3,
            "level": 4,
            "name": "\u0641\u0627\u0631\u0633\u06cc \u0686\u0647\u0627\u0631\u0645",
            "state": 1,
            "time_in_week": 4
        }
    },
    {
        "model": "api.lesson",
        "pk": 29,
        "fields": {
            "created_by_user": null,
            "deleted": "b'\\x00'",
            "modified_by_user": null,
            "school_id": 1,
            "code": "404",
            "course_unit": 3,
            "degree": 1,
            "field": null,
            "gender": 3,
            "level": 4,
            "name": "\u0646\u06af\u0627\u0631\u0634 \u0641\u0627\u0631\u0633\u06cc \u0686\u0647\u0627\u0631\u0645",
            "state": 1,
            "time_in_week": 3
        }
    },
    {
        "model": "api.lesson",
        "pk": 30,
        "fields": {
            "created_by_user": null,
            "deleted": "b'\\x00'",
            "modified_by_user": null,
            "school_id": 1,
            "code": "405",
            "course_unit": 4,
            "degree": 1,
            "field": null,
            "gender": 3,
            "level": 4,
            "name": "\u0631\u06cc\u0627\u0636\u06cc \u0686\u0647\u0627\u0631\u0645",
            "state": 1,
            "time_in_week": 4
        }
    },
    {
        "model": "api.lesson",
        "pk": 31,
        "fields": {
            "created_by_user": null,
            "deleted": "b'\\x00'",
            "modified_by_user": null,
            "school_id": 1,
            "code": "406",
            "course_unit": 3,
            "degree": 1,
            "field": null,
            "gender": 3,
            "level": 4,
            "name": "\u0639\u0644\u0648\u0645 \u062a\u062c\u0631\u0628\u06cc \u0686\u0647\u0627\u0631\u0645",
            "state": 1,
            "time_in_week": 3
        }
    },
    {
        "model": "api.lesson",
        "pk": 32,
        "fields": {
            "created_by_user": null,
            "deleted": "b'\\x00'",
            "modified_by_user": null,
            "school_id": 1,
            "code": "409",
            "course_unit": 2,
            "degree": 1,
            "field": null,
            "gender": 3,
            "level": 4,
            "name": "\u0648\u0631\u0632\u0634",
            "state": 1,
            "time_in_week": 2
        }
    },
    {
        "model": "api.lesson",
        "pk": 33,
        "fields": {
            "created_by_user": null,
            "deleted": "b'\\x00'",
            "modified_by_user": null,
            "school_id": 1,
            "code": "408",
            "course_unit": 2,
            "degree": 1,
            "field": null,
            "gender": 3,
            "level": 4,
            "name": "\u0647\u0646\u0631",
            "state": 1,
            "time_in_week": 2
        }
    },
    {
        "model": "api.lesson",
        "pk": 34,
        "fields": {
            "created_by_user": null,
            "deleted": "b'\\x00'",
            "modified_by_user": null,
            "school_id": 1,
            "code": "407",
            "course_unit": 3,
            "degree": 1,
            "field": null,
            "gender": 3,
            "level": 4,
            "name": "\u0645\u0637\u0627\u0644\u0639\u0627\u062a \u0627\u062c\u062a\u0645\u0627\u0639\u06cc \u0686\u0647\u0627\u0631\u0645",
            "state": 1,
            "time_in_week": 3
        }
    },
    {
        "model": "api.lesson",
        "pk": 35,
        "fields": {
            "created_by_user": null,
            "deleted": "b'\\x00'",
            "modified_by_user": null,
            "school_id": 1,
            "code": "501",
            "course_unit": 3,
            "degree": 1,
            "field": null,
            "gender": 3,
            "level": 5,
            "name": "\u0622\u0645\u0648\u0632\u0634 \u0642\u0631\u0622\u0646 \u067e\u0646\u062c\u0645",
            "state": 1,
            "time_in_week": 3
        }
    },
    {
        "model": "api.lesson",
        "pk": 36,
        "fields": {
            "created_by_user": null,
            "deleted": "b'\\x00'",
            "modified_by_user": null,
            "school_id": 1,
            "code": "502",
            "course_unit": 2,
            "degree": 1,
            "field": null,
            "gender": 3,
            "level": 5,
            "name": "\u0647\u062f\u06cc\u0647\u200c\u0647\u0627\u06cc \u0622\u0633\u0645\u0627\u0646",
            "state": 1,
            "time_in_week": 2
        }
    },
    {
        "model": "api.lesson",
        "pk": 37,
        "fields": {
            "created_by_user": null,
            "deleted": "b'\\x00'",
            "modified_by_user": null,
            "school_id": 1,
            "code": "503",
            "course_unit": 4,
            "degree": 1,
            "field": null,
            "gender": 3,
            "level": 5,
            "name": "\u0641\u0627\u0631\u0633\u06cc \u067e\u0646\u062c\u0645",
            "state": 1,
            "time_in_week": 4
        }
    },
    {
        "model": "api.lesson",
        "pk": 38,
        "fields": {
            "created_by_user": null,
            "deleted": "b'\\x00'",
            "modified_by_user": null,
            "school_id": 1,
            "code": "504",
            "course_unit": 3,
            "degree": 1,
            "field": null,
            "gender": 3,
            "level": 5,
            "name": "\u0646\u06af\u0627\u0631\u0634 \u0641\u0627\u0631\u0633\u06cc \u067e\u0646\u062c\u0645",
            "state": 1,
            "time_in_week": 3
        }
    },
    {
        "model": "api.lesson",
        "pk": 39,
        "fields": {
            "created_by_user": null,
            "deleted": "b'\\x00'",
            "modified_by_user": null,
            "school_id": 1,
            "code": "505",
            "course_unit": 4,
            "degree": 1,
            "field": null,
            "gender": 3,
            "level": 5,
            "name": "\u0631\u06cc\u0627\u0636\u06cc \u067e\u0646\u062c\u0645",
            "state": 1,
            "time_in_week": 4
        }
    },
    {
        "model": "api.lesson",
        "pk": 40,
        "fields": {
            "created_by_user": null,
            "deleted": "b'\\x00'",
            "modified_by_user": null,
            "school_id": 1,
            "code": "506",
            "course_unit": 3,
            "degree": 1,
            "field": null,
            "gender": 3,
            "level": 5,
            "name": "\u0639\u0644\u0648\u0645 \u062a\u062c\u0631\u0628\u06cc \u067e\u0646\u062c\u0645",
            "state": 1,
            "time_in_week": 3
        }
    },
    {
        "model": "api.lesson",
        "pk": 41,
        "fields": {
            "created_by_user": null,
            "deleted": "b'\\x00'",
            "modified_by_user": null,
            "school_id": 1,
            "code": "509",
            "course_unit": 2,
            "degree": 1,
            "field": null,
            "gender": 3,
            "level": 5,
            "name": "\u0648\u0631\u0632\u0634",
            "state": 1,
            "time_in_week": 2
        }
    },
    {
        "model": "api.lesson",
        "pk": 42,
        "fields": {
            "created_by_user": null,
            "deleted": "b'\\x00'",
            "modified_by_user": null,
            "school_id": 1,
            "code": "508",
            "course_unit": 2,
            "degree": 1,
            "field": null,
            "gender": 3,
            "level": 5,
            "name": "\u0647\u0646\u0631",
            "state": 1,
            "time_in_week": 2
        }
    },
    {
        "model": "api.lesson",
        "pk": 43,
        "fields": {
            "created_by_user": null,
            "deleted": "b'\\x00'",
            "modified_by_user": null,
            "school_id": 1,
            "code": "507",
            "course_unit": 3,
            "degree": 1,
            "field": null,
            "gender": 3,
            "level": 5,
            "name": "\u0645\u0637\u0627\u0644\u0639\u0627\u062a \u0627\u062c\u062a\u0645\u0627\u0639\u06cc \u067e\u0646\u062c\u0645",
            "state": 1,
            "time_in_week": 3
        }
    },
    {
        "model": "api.lesson",
        "pk": 44,
        "fields": {
            "created_by_user": null,
            "deleted": "b'\\x00'",
            "modified_by_user": null,
            "school_id": 1,
            "code": "601",
            "course_unit": 3,
            "degree": 1,
            "field": null,
            "gender": 3,
            "level": 6,
            "name": "\u0622\u0645\u0648\u0632\u0634 \u0642\u0631\u0622\u0646 \u0634\u0634\u0645",
            "state": 1,
            "time_in_week": 3
        }
    },
    {
        "model": "api.lesson",
        "pk": 45,
        "fields": {
            "created_by_user": null,
            "deleted": "b'\\x00'",
            "modified_by_user": null,
            "school_id": 1,
            "code": "602",
            "course_unit": 2,
            "degree": 1,
            "field": null,
            "gender": 3,
            "level": 6,
            "name": "\u0647\u062f\u06cc\u0647\u200c\u0647\u0627\u06cc \u0622\u0633\u0645\u0627\u0646",
            "state": 1,
            "time_in_week": 2
        }
    },
    {
        "model": "api.lesson",
        "pk": 46,
        "fields": {
            "created_by_user": null,
            "deleted": "b'\\x00'",
            "modified_by_user": null,
            "school_id": 1,
            "code": "603",
            "course_unit": 5,
            "degree": 1,
            "field": null,
            "gender": 3,
            "level": 6,
            "name": "\u0641\u0627\u0631\u0633\u06cc \u0634\u0634\u0645",
            "state": 1,
            "time_in_week": 5
        }
    },
    {
        "model": "api.lesson",
        "pk": 47,
        "fields": {
            "created_by_user": null,
            "deleted": "b'\\x00'",
            "modified_by_user": null,
            "school_id": 1,
            "code": "604",
            "course_unit": 3,
            "degree": 1,
            "field": null,
            "gender": 3,
            "level": 6,
            "name": "\u0646\u06af\u0627\u0631\u0634 \u0641\u0627\u0631\u0633\u06cc \u0634\u0634\u0645",
            "state": 1,
            "time_in_week": 3
        }
    },
    {
        "model": "api.lesson",
        "pk": 48,
        "fields": {
            "created_by_user": null,
            "deleted": "b'\\x00'",
            "modified_by_user": null,
            "school_id": 1,
            "code": "605",
            "course_unit": 4,
            "degree": 1,
            "field": null,
            "gender": 3,
            "level": 6,
            "name": "\u0631\u06cc\u0627\u0636\u06cc \u0634\u0634\u0645",
            "state": 1,
            "time_in_week": 4
        }
    },
    {
        "model": "api.lesson",
        "pk": 49,
        "fields": {
            "created_by_user": null,
            "deleted": "b'\\x00'",
            "modified_by_user": null,
            "school_id": 1,
            "code": "606",
            "course_unit": 2,
            "degree": 1,
            "field": null,
            "gender": 3,
            "level": 6,
            "name": "\u0639\u0644\u0648\u0645 \u062a\u062c\u0631\u0628\u06cc \u0634\u0634\u0645",
            "state": 1,
            "time_in_week": 2
        }
    },
    {
        "model": "api.lesson",
        "pk": 50,
        "fields": {
            "created_by_user": null,
            "deleted": "b'\\x00'",
            "modified_by_user": null,
            "school_id": 1,
            "code": "609",
            "course_unit": 2,
            "degree": 1,
            "field": null,
            "gender": 3,
            "level": 6,
            "name": "\u0648\u0631\u0632\u0634",
            "state": 1,
            "time_in_week": 2
        }
    },
    {
        "model": "api.lesson",
        "pk": 51,
        "fields": {
            "created_by_user": null,
            "deleted": "b'\\x00'",
            "modified_by_user": null,
            "school_id": 1,
            "code": "608",
            "course_unit": 2,
            "degree": 1,
            "field": null,
            "gender": 3,
            "level": 6,
            "name": "\u0647\u0646\u0631",
            "state": 1,
            "time_in_week": 2
        }
    },
    {
        "model": "api.lesson",
        "pk": 52,
        "fields": {
            "created_by_user": null,
            "deleted": "b'\\x00'",
            "modified_by_user": null,
            "school_id": 1,
            "code": "607",
            "course_unit": 3,
            "degree": 1,
            "field": null,
            "gender": 3,
            "level": 6,
            "name": "\u0645\u0637\u0627\u0644\u0639\u0627\u062a \u0627\u062c\u062a\u0645\u0627\u0639\u06cc \u0634\u0634\u0645",
            "state": 1,
            "time_in_week": 3
        }
    },
    {
        "model": "api.lesson",
        "pk": 53,
        "fields": {
            "created_by_user": null,
            "deleted": "b'\\x00'",
            "modified_by_user": null,
            "school_id": 1,
            "code": "612",
            "course_unit": 1,
            "degree": 1,
            "field": null,
            "gender": 3,
            "level": 6,
            "name": "\u062a\u0641\u06a9\u0631 \u0648 \u067e\u0698\u0648\u0647\u0634",
            "state": 1,
            "time_in_week": 1
        }
    },
    {
        "model": "api.lesson",
        "pk": 54,
        "fields": {
            "created_by_user": null,
            "deleted": "b'\\x00'",
            "modified_by_user": null,
            "school_id": 1,
            "code": "617",
            "course_unit": 1,
            "degree": 1,
            "field": null,
            "gender": 3,
            "level": 6,
            "name": "\u06a9\u0627\u0631 \u0648 \u0641\u0646\u0627\u0648\u0631\u06cc",
            "state": 1,
            "time_in_week": 1
        }
    },
    {
        "model": "api.lesson",
        "pk": 55,
        "fields": {
            "created_by_user": null,
            "deleted": "b'\\x00'",
            "modified_by_user": null,
            "school_id": 1,
            "code": "701",
            "course_unit": 2,
            "degree": 2,
            "field": null,
            "gender": 3,
            "level": 7,
            "name": "\u0622\u0645\u0648\u0632\u0634 \u0642\u0631\u0622\u0646 \u0647\u0641\u062a\u0645",
            "state": 1,
            "time_in_week": 2
        }
    },
    {
        "model": "api.lesson",
        "pk": 56,
        "fields": {
            "created_by_user": null,
            "deleted": "b'\\x00'",
            "modified_by_user": null,
            "school_id": 1,
            "code": "702",
            "course_unit": 2,
            "degree": 2,
            "field": null,
            "gender": 3,
            "level": 7,
            "name": "\u067e\u06cc\u0627\u0645 \u0647\u0627\u06cc \u0622\u0633\u0645\u0627\u0646 \u0647\u0641\u062a\u0645",
            "state": 1,
            "time_in_week": 2
        }
    },
    {
        "model": "api.lesson",
        "pk": 57,
        "fields": {
            "created_by_user": null,
            "deleted": "b'\\x00'",
            "modified_by_user": null,
            "school_id": 1,
            "code": "703",
            "course_unit": 2,
            "degree": 2,
            "field": null,
            "gender": 3,
            "level": 7,
            "name": "\u0641\u0627\u0631\u0633\u06cc \u0647\u0641\u062a\u0645",
            "state": 1,
            "time_in_week": 2
        }
    },
    {
        "model": "api.lesson",
        "pk": 58,
        "fields": {
            "created_by_user": null,
            "deleted": "b'\\x00'",
            "modified_by_user": null,
            "school_id": 1,
            "code": "704",
            "course_unit": 2,
            "degree": 2,
            "field": null,
            "gender": 3,
            "level": 7,
            "name": "\u0646\u06af\u0627\u0631\u0634 \u0641\u0627\u0631\u0633\u06cc \u0647\u0641\u062a\u0645",
            "state": 1,
            "time_in_week": 2
        }
    },
    {
        "model": "api.lesson",
        "pk": 59,
        "fields": {
            "created_by_user": null,
            "deleted": "b'\\x00'",
            "modified_by_user": null,
            "school_id": 1,
            "code": "705",
            "course_unit": 4,
            "degree": 2,
            "field": null,
            "gender": 3,
            "level": 7,
            "name": "\u0631\u06cc\u0627\u0636\u06cc \u0647\u0641\u062a\u0645",
            "state": 1,
            "time_in_week": 4
        }
    },
    {
        "model": "api.lesson",
        "pk": 60,
        "fields": {
            "created_by_user": null,
            "deleted": "b'\\x00'",
            "modified_by_user": null,
            "school_id": 1,
            "code": "706",
            "course_unit": 3,
            "degree": 2,
            "field": null,
            "gender": 3,
            "level": 7,
            "name": "\u0639\u0644\u0648\u0645 \u062a\u062c\u0631\u0628\u06cc \u0647\u0641\u062a\u0645",
            "state": 1,
            "time_in_week": 3
        }
    },
    {
        "model": "api.lesson",
        "pk": 61,
        "fields": {
            "created_by_user": null,
            "deleted": "b'\\x00'",
            "modified_by_user": null,
            "school_id": 1,
            "code": "707",
            "course_unit": 3,
            "degree": 2,
            "field": null,
            "gender": 3,
            "level": 7,
            "name": "\u0645\u0637\u0627\u0644\u0639\u0627\u062a \u0627\u062c\u062a\u0645\u0627\u0639\u06cc \u0647\u0641\u062a\u0645",
            "state": 1,
            "time_in_week": 3
        }
    },
    {
        "model": "api.lesson",
        "pk": 62,
        "fields": {
            "created_by_user": null,
            "deleted": "b'\\x00'",
            "modified_by_user": null,
            "school_id": 1,
            "code": "708",
            "course_unit": 2,
            "degree": 2,
            "field": null,
            "gender": 3,
            "level": 7,
            "name": "\u0641\u0631\u0647\u0646\u06af \u0648 \u0647\u0646\u0631 \u0647\u0641\u062a\u0645",
            "state": 1,
            "time_in_week": 2
        }
    },
    {
        "model": "api.lesson",
        "pk": 63,
        "fields": {
            "created_by_user": null,
            "deleted": "b'\\x00'",
            "modified_by_user": null,
            "school_id": 1,
            "code": "709",
            "course_unit": 2,
            "degree": 2,
            "field": null,
            "gender": 3,
            "level": 7,
            "name": "\u0639\u0631\u0628\u06cc \u0647\u0641\u062a\u0645",
            "state": 1,
            "time_in_week": 2
        }
    },
    {
        "model": "api.lesson",
        "pk": 64,
        "fields": {
            "created_by_user": null,
            "deleted": "b'\\x00'",
            "modified_by_user": null,
            "school_id": 1,
            "code": "710",
            "course_unit": 2,
            "degree": 2,
            "field": null,
            "gender": 3,
            "level": 7,
            "name": "\u0627\u0646\u06af\u0644\u06cc\u0633\u06cc 1",
            "state": 1,
            "time_in_week": 2
        }
    },
    {
        "model": "api.lesson",
        "pk": 65,
        "fields": {
            "created_by_user": null,
            "deleted": "b'\\x00'",
            "modified_by_user": null,
            "school_id": 1,
            "code": "712",
            "course_unit": 2,
            "degree": 2,
            "field": null,
            "gender": 1,
            "level": 7,
            "name": "\u062a\u0641\u06a9\u0631 \u0648 \u0633\u0628\u06a9 \u0632\u0646\u062f\u06af\u06cc \u0647\u0641\u062a\u0645",
            "state": 1,
            "time_in_week": 2
        }
    },
    {
        "model": "api.lesson",
        "pk": 66,
        "fields": {
            "created_by_user": null,
            "deleted": "b'\\x00'",
            "modified_by_user": null,
            "school_id": 1,
            "code": "713",
            "course_unit": 2,
            "degree": 2,
            "field": null,
            "gender": 2,
            "level": 7,
            "name": "(\u062a\u0641\u06a9\u0631 \u0648 \u0633\u0628\u06a9 \u0632\u0646\u062f\u06af\u06cc \u0647\u0641\u062a\u0645(\u062f\u062e\u062a\u0631\u0627\u0646",
            "state": 1,
            "time_in_week": 2
        }
    },
    {
        "model": "api.lesson",
        "pk": 67,
        "fields": {
            "created_by_user": null,
            "deleted": "b'\\x00'",
            "modified_by_user": null,
            "school_id": 1,
            "code": "717",
            "course_unit": 2,
            "degree": 2,
            "field": null,
            "gender": 3,
            "level": 7,
            "name": "\u06a9\u0627\u0631 \u0648 \u0641\u0646\u0627\u0648\u0631\u06cc \u0647\u0641\u062a\u0645",
            "state": 1,
            "time_in_week": 2
        }
    },
    {
        "model": "api.lesson",
        "pk": 68,
        "fields": {
            "created_by_user": null,
            "deleted": "b'\\x00'",
            "modified_by_user": null,
            "school_id": 1,
            "code": "718",
            "course_unit": 2,
            "degree": 2,
            "field": null,
            "gender": 3,
            "level": 8,
            "name": "\u062a\u0631\u0628\u06cc\u062a \u0628\u062f\u0646\u06cc \u0648 \u0633\u0644\u0627\u0645\u062a",
            "state": 1,
            "time_in_week": 2
        }
    },
    {
        "model": "api.lesson",
        "pk": 69,
        "fields": {
            "created_by_user": null,
            "deleted": "b'\\x00'",
            "modified_by_user": null,
            "school_id": 1,
            "code": "801",
            "course_unit": 2,
            "degree": 2,
            "field": null,
            "gender": 3,
            "level": 8,
            "name": "\u0622\u0645\u0648\u0632\u0634 \u0642\u0631\u0622\u0646 \u0647\u0634\u062a\u0645",
            "state": 1,
            "time_in_week": 2
        }
    },
    {
        "model": "api.lesson",
        "pk": 70,
        "fields": {
            "created_by_user": null,
            "deleted": "b'\\x00'",
            "modified_by_user": null,
            "school_id": 1,
            "code": "802",
            "course_unit": 2,
            "degree": 2,
            "field": null,
            "gender": 3,
            "level": 8,
            "name": "\u067e\u06cc\u0627\u0645 \u0647\u0627\u06cc \u0622\u0633\u0645\u0627\u0646 \u0647\u0634\u062a\u0645",
            "state": 1,
            "time_in_week": 2
        }
    },
    {
        "model": "api.lesson",
        "pk": 71,
        "fields": {
            "created_by_user": null,
            "deleted": "b'\\x00'",
            "modified_by_user": null,
            "school_id": 1,
            "code": "803",
            "course_unit": 2,
            "degree": 2,
            "field": null,
            "gender": 3,
            "level": 8,
            "name": "\u0641\u0627\u0631\u0633\u06cc \u0647\u0634\u062a\u0645",
            "state": 1,
            "time_in_week": 2
        }
    },
    {
        "model": "api.lesson",
        "pk": 72,
        "fields": {
            "created_by_user": null,
            "deleted": "b'\\x00'",
            "modified_by_user": null,
            "school_id": 1,
            "code": "804",
            "course_unit": 2,
            "degree": 2,
            "field": null,
            "gender": 3,
            "level": 8,
            "name": "\u0646\u06af\u0627\u0631\u0634 \u0641\u0627\u0631\u0633\u06cc \u0647\u0634\u062a\u0645",
            "state": 1,
            "time_in_week": 2
        }
    },
    {
        "model": "api.lesson",
        "pk": 73,
        "fields": {
            "created_by_user": null,
            "deleted": "b'\\x00'",
            "modified_by_user": null,
            "school_id": 1,
            "code": "805",
            "course_unit": 4,
            "degree": 2,
            "field": null,
            "gender": 3,
            "level": 8,
            "name": "\u0631\u06cc\u0627\u0636\u06cc \u0647\u0634\u062a\u0645",
            "state": 1,
            "time_in_week": 4
        }
    },
    {
        "model": "api.lesson",
        "pk": 74,
        "fields": {
            "created_by_user": null,
            "deleted": "b'\\x00'",
            "modified_by_user": null,
            "school_id": 1,
            "code": "806",
            "course_unit": 3,
            "degree": 2,
            "field": null,
            "gender": 3,
            "level": 8,
            "name": "\u0639\u0644\u0648\u0645 \u062a\u062c\u0631\u0628\u06cc \u0647\u0634\u062a\u0645",
            "state": 1,
            "time_in_week": 3
        }
    },
    {
        "model": "api.lesson",
        "pk": 75,
        "fields": {
            "created_by_user": null,
            "deleted": "b'\\x00'",
            "modified_by_user": null,
            "school_id": 1,
            "code": "807",
            "course_unit": 3,
            "degree": 2,
            "field": null,
            "gender": 3,
            "level": 8,
            "name": "\u0645\u0637\u0627\u0644\u0639\u0627\u062a \u0627\u062c\u062a\u0645\u0627\u0639\u06cc \u0647\u0634\u062a\u0645",
            "state": 1,
            "time_in_week": 3
        }
    },
    {
        "model": "api.lesson",
        "pk": 76,
        "fields": {
            "created_by_user": null,
            "deleted": "b'\\x00'",
            "modified_by_user": null,
            "school_id": 1,
            "code": "808",
            "course_unit": 2,
            "degree": 2,
            "field": null,
            "gender": 3,
            "level": 8,
            "name": "\u0641\u0631\u0647\u0646\u06af \u0648 \u0647\u0646\u0631 \u0647\u0634\u062a\u0645",
            "state": 1,
            "time_in_week": 2
        }
    },
    {
        "model": "api.lesson",
        "pk": 77,
        "fields": {
            "created_by_user": null,
            "deleted": "b'\\x00'",
            "modified_by_user": null,
            "school_id": 1,
            "code": "809",
            "course_unit": 2,
            "degree": 2,
            "field": null,
            "gender": 3,
            "level": 8,
            "name": "\u0639\u0631\u0628\u06cc \u0647\u0634\u062a\u0645",
            "state": 1,
            "time_in_week": 2
        }
    },
    {
        "model": "api.lesson",
        "pk": 78,
        "fields": {
            "created_by_user": null,
            "deleted": "b'\\x00'",
            "modified_by_user": null,
            "school_id": 1,
            "code": "810",
            "course_unit": 2,
            "degree": 2,
            "field": null,
            "gender": 3,
            "level": 8,
            "name": "\u0627\u0646\u06af\u0644\u06cc\u0633\u06cc 2",
            "state": 1,
            "time_in_week": 2
        }
    },
    {
        "model": "api.lesson",
        "pk": 79,
        "fields": {
            "created_by_user": null,
            "deleted": "b'\\x00'",
            "modified_by_user": null,
            "school_id": 1,
            "code": "812",
            "course_unit": 2,
            "degree": 2,
            "field": null,
            "gender": 2,
            "level": 8,
            "name": "\u062a\u0641\u06a9\u0631 \u0648 \u0633\u0628\u06a9 \u0632\u0646\u062f\u06af\u06cc \u0647\u0634\u062a\u0645",
            "state": 1,
            "time_in_week": 2
        }
    },
    {
        "model": "api.lesson",
        "pk": 80,
        "fields": {
            "created_by_user": null,
            "deleted": "b'\\x00'",
            "modified_by_user": null,
            "school_id": 1,
            "code": "813",
            "course_unit": 2,
            "degree": 2,
            "field": null,
            "gender": 1,
            "level": 8,
            "name": "(\u062a\u0641\u06a9\u0631 \u0648 \u0633\u0628\u06a9 \u0632\u0646\u062f\u06af\u06cc \u0647\u0634\u062a\u0645(\u067e\u0633\u0631\u0627\u0646",
            "state": 1,
            "time_in_week": 2
        }
    },
    {
        "model": "api.lesson",
        "pk": 81,
        "fields": {
            "created_by_user": null,
            "deleted": "b'\\x00'",
            "modified_by_user": null,
            "school_id": 1,
            "code": "817",
            "course_unit": 2,
            "degree": 2,
            "field": null,
            "gender": 3,
            "level": 8,
            "name": "\u06a9\u0627\u0631 \u0648 \u0641\u0646\u0627\u0648\u0631\u06cc \u0647\u0634\u062a\u0645",
            "state": 1,
            "time_in_week": 2
        }
    },
    {
        "model": "api.lesson",
        "pk": 82,
        "fields": {
            "created_by_user": null,
            "deleted": "b'\\x00'",
            "modified_by_user": null,
            "school_id": 1,
            "code": "818",
            "course_unit": 2,
            "degree": 2,
            "field": null,
            "gender": 3,
            "level": 8,
            "name": "\u062a\u0631\u0628\u06cc\u062a \u0628\u062f\u0646\u06cc \u0648 \u0633\u0644\u0627\u0645\u062a",
            "state": 1,
            "time_in_week": 2
        }
    },
    {
        "model": "api.lesson",
        "pk": 83,
        "fields": {
            "created_by_user": null,
            "deleted": "b'\\x00'",
            "modified_by_user": null,
            "school_id": 1,
            "code": "901",
            "course_unit": 2,
            "degree": 2,
            "field": null,
            "gender": 3,
            "level": 9,
            "name": "\u0622\u0645\u0648\u0632\u0634 \u0642\u0631\u0622\u0646 \u0646\u0647\u0645",
            "state": 1,
            "time_in_week": 2
        }
    },
    {
        "model": "api.lesson",
        "pk": 84,
        "fields": {
            "created_by_user": null,
            "deleted": "b'\\x00'",
            "modified_by_user": null,
            "school_id": 1,
            "code": "902",
            "course_unit": 2,
            "degree": 2,
            "field": null,
            "gender": 3,
            "level": 9,
            "name": "\u067e\u06cc\u0627\u0645 \u0647\u0627\u06cc \u0622\u0633\u0645\u0627\u0646 \u0646\u0647\u0645",
            "state": 1,
            "time_in_week": 2
        }
    },
    {
        "model": "api.lesson",
        "pk": 85,
        "fields": {
            "created_by_user": null,
            "deleted": "b'\\x00'",
            "modified_by_user": null,
            "school_id": 1,
            "code": "903",
            "course_unit": 2,
            "degree": 2,
            "field": null,
            "gender": 3,
            "level": 9,
            "name": "\u0641\u0627\u0631\u0633\u06cc \u0646\u0647\u0645",
            "state": 1,
            "time_in_week": 2
        }
    },
    {
        "model": "api.lesson",
        "pk": 86,
        "fields": {
            "created_by_user": null,
            "deleted": "b'\\x00'",
            "modified_by_user": null,
            "school_id": 1,
            "code": "904",
            "course_unit": 2,
            "degree": 2,
            "field": null,
            "gender": 3,
            "level": 9,
            "name": "\u0646\u06af\u0627\u0631\u0634 \u0641\u0627\u0631\u0633\u06cc \u0646\u0647\u0645",
            "state": 1,
            "time_in_week": 2
        }
    },
    {
        "model": "api.lesson",
        "pk": 87,
        "fields": {
            "created_by_user": null,
            "deleted": "b'\\x00'",
            "modified_by_user": null,
            "school_id": 1,
            "code": "905",
            "course_unit": 4,
            "degree": 2,
            "field": null,
            "gender": 3,
            "level": 9,
            "name": "\u0631\u06cc\u0627\u0636\u06cc \u0646\u0647\u0645",
            "state": 1,
            "time_in_week": 4
        }
    },
    {
        "model": "api.lesson",
        "pk": 88,
        "fields": {
            "created_by_user": null,
            "deleted": "b'\\x00'",
            "modified_by_user": null,
            "school_id": 1,
            "code": "906",
            "course_unit": 3,
            "degree": 2,
            "field": null,
            "gender": 3,
            "level": 9,
            "name": "\u0639\u0644\u0648\u0645 \u062a\u062c\u0631\u0628\u06cc \u0646\u0647\u0645",
            "state": 1,
            "time_in_week": 3
        }
    },
    {
        "model": "api.lesson",
        "pk": 89,
        "fields": {
            "created_by_user": null,
            "deleted": "b'\\x00'",
            "modified_by_user": null,
            "school_id": 1,
            "code": "907",
            "course_unit": 3,
            "degree": 2,
            "field": null,
            "gender": 3,
            "level": 9,
            "name": "\u0645\u0637\u0627\u0644\u0639\u0627\u062a \u0627\u062c\u062a\u0645\u0627\u0639\u06cc \u0646\u0647\u0645",
            "state": 1,
            "time_in_week": 3
        }
    },
    {
        "model": "api.lesson",
        "pk": 90,
        "fields": {
            "created_by_user": null,
            "deleted": "b'\\x00'",
            "modified_by_user": null,
            "school_id": 1,
            "code": "908",
            "course_unit": 2,
            "degree": 2,
            "field": null,
            "gender": 3,
            "level": 9,
            "name": "\u0641\u0631\u0647\u0646\u06af \u0648 \u0647\u0646\u0631 \u0646\u0647\u0645",
            "state": 1,
            "time_in_week": 2
        }
    },
    {
        "model": "api.lesson",
        "pk": 91,
        "fields": {
            "created_by_user": null,
            "deleted": "b'\\x00'",
            "modified_by_user": null,
            "school_id": 1,
            "code": "909",
            "course_unit": 2,
            "degree": 2,
            "field": null,
            "gender": 3,
            "level": 9,
            "name": "\u0639\u0631\u0628\u06cc \u0646\u0647\u0645",
            "state": 1,
            "time_in_week": 2
        }
    },
    {
        "model": "api.lesson",
        "pk": 92,
        "fields": {
            "created_by_user": null,
            "deleted": "b'\\x00'",
            "modified_by_user": null,
            "school_id": 1,
            "code": "910",
            "course_unit": 2,
            "degree": 2,
            "field": null,
            "gender": 3,
            "level": 9,
            "name": "\u0627\u0646\u06af\u0644\u06cc\u0633\u06cc 3",
            "state": 1,
            "time_in_week": 2
        }
    },
    {
        "model": "api.lesson",
        "pk": 93,
        "fields": {
            "created_by_user": null,
            "deleted": "b'\\x00'",
            "modified_by_user": null,
            "school_id": 1,
            "code": "917",
            "course_unit": 2,
            "degree": 2,
            "field": null,
            "gender": 3,
            "level": 9,
            "name": "\u06a9\u0627\u0631 \u0648 \u0641\u0646\u0627\u0648\u0631\u06cc \u0646\u0647\u0645",
            "state": 1,
            "time_in_week": 2
        }
    },
    {
        "model": "api.lesson",
        "pk": 94,
        "fields": {
            "created_by_user": null,
            "deleted": "b'\\x00'",
            "modified_by_user": null,
            "school_id": 1,
            "code": "915",
            "course_unit": 2,
            "degree": 2,
            "field": null,
            "gender": 3,
            "level": 9,
            "name": "\u0622\u0645\u0627\u062f\u06af\u06cc \u062f\u0641\u0627\u0639\u06cc \u0646\u0647\u0645",
            "state": 1,
            "time_in_week": 2
        }
    },
    {
        "model": "api.lesson",
        "pk": 95,
        "fields": {
            "created_by_user": null,
            "deleted": "b'\\x00'",
            "modified_by_user": null,
            "school_id": 1,
            "code": "916",
            "course_unit": 2,
            "degree": 2,
            "field": null,
            "gender": 3,
            "level": 9,
            "name": " \u062a\u0631\u0628\u06cc\u062a \u0628\u062f\u0646\u06cc \u0648 \u0633\u0644\u0627\u0645\u062a",
            "state": 1,
            "time_in_week": 2
        }
    },
    {
        "model": "api.lesson",
        "pk": 96,
        "fields": {
            "created_by_user": null,
            "deleted": "b'\\x00'",
            "modified_by_user": null,
            "school_id": 1,
            "code": "110231",
            "course_unit": 2,
            "degree": 3,
            "field": 1,
            "gender": 3,
            "level": 10,
            "name": "\u062a\u0631\u0628\u06cc\u062a \u0628\u062f\u0646\u06cc 1",
            "state": 1,
            "time_in_week": 2
        }
    },
    {
        "model": "api.lesson",
        "pk": 97,
        "fields": {
            "created_by_user": null,
            "deleted": "b'\\x00'",
            "modified_by_user": null,
            "school_id": 1,
            "code": "110201",
            "course_unit": 2,
            "degree": 3,
            "field": 1,
            "gender": 3,
            "level": 10,
            "name": "\u0641\u0627\u0631\u0633\u06cc 1",
            "state": 1,
            "time_in_week": 2
        }
    },
    {
        "model": "api.lesson",
        "pk": 98,
        "fields": {
            "created_by_user": null,
            "deleted": "b'\\x00'",
            "modified_by_user": null,
            "school_id": 1,
            "code": "110202",
            "course_unit": 2,
            "degree": 3,
            "field": 1,
            "gender": 3,
            "level": 10,
            "name": "\u0646\u06af\u0627\u0631\u0634 1",
            "state": 1,
            "time_in_week": 2
        }
    },
    {
        "model": "api.lesson",
        "pk": 99,
        "fields": {
            "created_by_user": null,
            "deleted": "b'\\x00'",
            "modified_by_user": null,
            "school_id": 1,
            "code": "110204",
            "course_unit": 2,
            "degree": 3,
            "field": 1,
            "gender": 3,
            "level": 10,
            "name": "\u062f\u06cc\u0646 \u0648 \u0632\u0646\u062f\u06af\u06cc 1",
            "state": 1,
            "time_in_week": 2
        }
    },
    {
        "model": "api.lesson",
        "pk": 100,
        "fields": {
            "created_by_user": null,
            "deleted": "b'\\x00'",
            "modified_by_user": null,
            "school_id": 1,
            "code": "110206",
            "course_unit": 2,
            "degree": 3,
            "field": 1,
            "gender": 3,
            "level": 10,
            "name": "\u0639\u0631\u0628\u06cc 1",
            "state": 1,
            "time_in_week": 2
        }
    },
    {
        "model": "api.lesson",
        "pk": 101,
        "fields": {
            "created_by_user": null,
            "deleted": "b'\\x00'",
            "modified_by_user": null,
            "school_id": 1,
            "code": "110209",
            "course_unit": 4,
            "degree": 3,
            "field": 1,
            "gender": 3,
            "level": 10,
            "name": "\u0641\u06cc\u0632\u06cc\u06a9 1",
            "state": 1,
            "time_in_week": 4
        }
    },
    {
        "model": "api.lesson",
        "pk": 102,
        "fields": {
            "created_by_user": null,
            "deleted": "b'\\x00'",
            "modified_by_user": null,
            "school_id": 1,
            "code": "110210",
            "course_unit": 3,
            "degree": 3,
            "field": null,
            "gender": 3,
            "level": 10,
            "name": "\u0634\u06cc\u0645\u06cc 1",
            "state": 1,
            "time_in_week": 3
        }
    },
    {
        "model": "api.lesson",
        "pk": 103,
        "fields": {
            "created_by_user": null,
            "deleted": "b'\\x00'",
            "modified_by_user": null,
            "school_id": 1,
            "code": "110211",
            "course_unit": 4,
            "degree": 3,
            "field": 1,
            "gender": 3,
            "level": 10,
            "name": "\u0631\u06cc\u0627\u0636\u06cc 1",
            "state": 1,
            "time_in_week": 4
        }
    },
    {
        "model": "api.lesson",
        "pk": 104,
        "fields": {
            "created_by_user": null,
            "deleted": "b'\\x00'",
            "modified_by_user": null,
            "school_id": 1,
            "code": "110212",
            "course_unit": 2,
            "degree": 3,
            "field": 1,
            "gender": 3,
            "level": 10,
            "name": "\u0631\u06cc\u0627\u0636\u06cc \u0648 \u0622\u0645\u0627\u0631 1",
            "state": 1,
            "time_in_week": 2
        }
    },
    {
        "model": "api.lesson",
        "pk": 105,
        "fields": {
            "created_by_user": null,
            "deleted": "b'\\x00'",
            "modified_by_user": null,
            "school_id": 1,
            "code": "110213",
            "course_unit": 2,
            "degree": 3,
            "field": 1,
            "gender": 3,
            "level": 10,
            "name": "\u0647\u0646\u062f\u0633\u0647 1",
            "state": 1,
            "time_in_week": 2
        }
    },
    {
        "model": "api.lesson",
        "pk": 106,
        "fields": {
            "created_by_user": null,
            "deleted": "b'\\x00'",
            "modified_by_user": null,
            "school_id": 1,
            "code": "110215",
            "course_unit": 3,
            "degree": 3,
            "field": 1,
            "gender": 3,
            "level": 10,
            "name": "\u0627\u0645\u0627\u062f\u06af\u06cc \u062f\u0641\u0627\u0639\u06cc 1",
            "state": 1,
            "time_in_week": 3
        }
    },
    {
        "model": "api.lesson",
        "pk": 107,
        "fields": {
            "created_by_user": null,
            "deleted": "b'\\x00'",
            "modified_by_user": null,
            "school_id": 1,
            "code": "110217",
            "course_unit": 2,
            "degree": 3,
            "field": 1,
            "gender": 3,
            "level": 10,
            "name": "\u0622\u0632\u0645\u0627\u06cc\u0634\u06af\u0627\u0647 \u0639\u0644\u0648\u0645 \u062a\u062c\u0631\u0628\u06cc 1",
            "state": 1,
            "time_in_week": 2
        }
    },
    {
        "model": "api.lesson",
        "pk": 108,
        "fields": {
            "created_by_user": null,
            "deleted": "b'\\x00'",
            "modified_by_user": null,
            "school_id": 1,
            "code": "110218",
            "course_unit": 2,
            "degree": 3,
            "field": 1,
            "gender": 3,
            "level": 10,
            "name": "\u062c\u063a\u0631\u0627\u0641\u06cc\u0627\u06cc \u0627\u06cc\u0631\u0627\u0646",
            "state": 1,
            "time_in_week": 2
        }
    },
    {
        "model": "api.lesson",
        "pk": 109,
        "fields": {
            "created_by_user": null,
            "deleted": "b'\\x00'",
            "modified_by_user": null,
            "school_id": 1,
            "code": "110222",
            "course_unit": 2,
            "degree": 3,
            "field": 1,
            "gender": 3,
            "level": 10,
            "name": "\u0647\u0646\u0631",
            "state": 1,
            "time_in_week": 2
        }
    },
    {
        "model": "api.lesson",
        "pk": 110,
        "fields": {
            "created_by_user": null,
            "deleted": "b'\\x00'",
            "modified_by_user": null,
            "school_id": 1,
            "code": "110224",
            "course_unit": 2,
            "degree": 3,
            "field": 1,
            "gender": 3,
            "level": 10,
            "name": "\u06a9\u0627\u0631\u06af\u0627\u0647 \u06a9\u0627\u0631\u0622\u0641\u0631\u06cc\u0646\u06cc \u0648 \u062a\u0648\u0644\u06cc\u062f",
            "state": 1,
            "time_in_week": 2
        }
    },
    {
        "model": "api.lesson",
        "pk": 111,
        "fields": {
            "created_by_user": null,
            "deleted": "b'\\x00'",
            "modified_by_user": null,
            "school_id": 1,
            "code": "110225",
            "course_unit": 2,
            "degree": 3,
            "field": 1,
            "gender": 3,
            "level": 10,
            "name": "\u062a\u0641\u06a9\u0631 \u0648 \u0633\u0648\u0627\u062f \u0631\u0633\u0627\u0646\u0647 \u0627\u06cc",
            "state": 1,
            "time_in_week": 2
        }
    },
    {
        "model": "api.lesson",
        "pk": 112,
        "fields": {
            "created_by_user": null,
            "deleted": "b'\\x00'",
            "modified_by_user": null,
            "school_id": 1,
            "code": "110230",
            "course_unit": 3,
            "degree": 3,
            "field": 1,
            "gender": 3,
            "level": 10,
            "name": "\u0627\u0646\u06af\u0644\u06cc\u0633\u06cc 1",
            "state": 1,
            "time_in_week": 3
        }
    },
    {
        "model": "api.lesson",
        "pk": 113,
        "fields": {
            "created_by_user": null,
            "deleted": "b'\\x00'",
            "modified_by_user": null,
            "school_id": 1,
            "code": "110231",
            "course_unit": 2,
            "degree": 3,
            "field": 1,
            "gender": 3,
            "level": 10,
            "name": "\u062a\u0631\u0628\u06cc\u062a \u0628\u062f\u0646\u06cc 1",
            "state": 1,
            "time_in_week": 2
        }
    },
    {
        "model": "api.lesson",
        "pk": 114,
        "fields": {
            "created_by_user": null,
            "deleted": "b'\\x00'",
            "modified_by_user": null,
            "school_id": 1,
            "code": "110201",
            "course_unit": 2,
            "degree": 3,
            "field": 1,
            "gender": 3,
            "level": 11,
            "name": "\u0641\u0627\u0631\u0633\u06cc 2",
            "state": 1,
            "time_in_week": 2
        }
    },
    {
        "model": "api.lesson",
        "pk": 115,
        "fields": {
            "created_by_user": null,
            "deleted": "b'\\x00'",
            "modified_by_user": null,
            "school_id": 1,
            "code": "110202",
            "course_unit": 1,
            "degree": 3,
            "field": 1,
            "gender": 3,
            "level": 11,
            "name": "\u0646\u06af\u0627\u0631\u0634 2",
            "state": 1,
            "time_in_week": 1
        }
    },
    {
        "model": "api.lesson",
        "pk": 116,
        "fields": {
            "created_by_user": null,
            "deleted": "b'\\x00'",
            "modified_by_user": null,
            "school_id": 1,
            "code": "110204",
            "course_unit": 2,
            "degree": 3,
            "field": 1,
            "gender": 3,
            "level": 11,
            "name": "\u062f\u06cc\u0646 \u0648 \u0632\u0646\u062f\u06af\u06cc 2",
            "state": 1,
            "time_in_week": 2
        }
    },
    {
        "model": "api.lesson",
        "pk": 117,
        "fields": {
            "created_by_user": null,
            "deleted": "b'\\x00'",
            "modified_by_user": null,
            "school_id": 1,
            "code": "110206",
            "course_unit": 2,
            "degree": 3,
            "field": 1,
            "gender": 3,
            "level": 11,
            "name": "\u0639\u0631\u0628\u06cc 2",
            "state": 1,
            "time_in_week": 2
        }
    },
    {
        "model": "api.lesson",
        "pk": 118,
        "fields": {
            "created_by_user": null,
            "deleted": "b'\\x00'",
            "modified_by_user": null,
            "school_id": 1,
            "code": "110209",
            "course_unit": 4,
            "degree": 3,
            "field": 1,
            "gender": 3,
            "level": 11,
            "name": "\u0641\u06cc\u0632\u06cc\u06a9 2",
            "state": 1,
            "time_in_week": 4
        }
    },
    {
        "model": "api.lesson",
        "pk": 119,
        "fields": {
            "created_by_user": null,
            "deleted": "b'\\x00'",
            "modified_by_user": null,
            "school_id": 1,
            "code": "110210",
            "course_unit": 3,
            "degree": 3,
            "field": 1,
            "gender": 3,
            "level": 11,
            "name": "\u0634\u06cc\u0645\u06cc 2",
            "state": 1,
            "time_in_week": 3
        }
    },
    {
        "model": "api.lesson",
        "pk": 120,
        "fields": {
            "created_by_user": null,
            "deleted": "b'\\x00'",
            "modified_by_user": null,
            "school_id": 1,
            "code": "110211",
            "course_unit": 3,
            "degree": 3,
            "field": 1,
            "gender": 3,
            "level": 11,
            "name": "\u062d\u0633\u0627\u0628\u0627\u0646 1",
            "state": 1,
            "time_in_week": 3
        }
    },
    {
        "model": "api.lesson",
        "pk": 121,
        "fields": {
            "created_by_user": null,
            "deleted": "b'\\x00'",
            "modified_by_user": null,
            "school_id": 1,
            "code": "110212",
            "course_unit": 2,
            "degree": 3,
            "field": 1,
            "gender": 3,
            "level": 11,
            "name": "\u0622\u0645\u0627\u0631 \u0648 \u0627\u062d\u062a\u0645\u0627\u0644",
            "state": 1,
            "time_in_week": 2
        }
    },
    {
        "model": "api.lesson",
        "pk": 122,
        "fields": {
            "created_by_user": null,
            "deleted": "b'\\x00'",
            "modified_by_user": null,
            "school_id": 1,
            "code": "110213",
            "course_unit": 2,
            "degree": 3,
            "field": 1,
            "gender": 3,
            "level": 11,
            "name": "\u0647\u0646\u062f\u0633\u0647 2",
            "state": 1,
            "time_in_week": 2
        }
    },
    {
        "model": "api.lesson",
        "pk": 123,
        "fields": {
            "created_by_user": null,
            "deleted": "b'\\x00'",
            "modified_by_user": null,
            "school_id": 1,
            "code": "110215",
            "course_unit": 1,
            "degree": 3,
            "field": 1,
            "gender": 3,
            "level": 11,
            "name": "\u0627\u0646\u0633\u0627\u0646 \u0648 \u0645\u062d\u06cc\u0637 \u0632\u06cc\u0633\u062a",
            "state": 1,
            "time_in_week": 1
        }
    },
    {
        "model": "api.lesson",
        "pk": 124,
        "fields": {
            "created_by_user": null,
            "deleted": "b'\\x00'",
            "modified_by_user": null,
            "school_id": 1,
            "code": "110217",
            "course_unit": 1,
            "degree": 3,
            "field": 1,
            "gender": 3,
            "level": 11,
            "name": "\u0622\u0632\u0645\u0627\u06cc\u0634\u06af\u0627\u0647 \u0639\u0644\u0648\u0645 \u062a\u062c\u0631\u0628\u06cc 2",
            "state": 1,
            "time_in_week": 1
        }
    },
    {
        "model": "api.lesson",
        "pk": 125,
        "fields": {
            "created_by_user": null,
            "deleted": "b'\\x00'",
            "modified_by_user": null,
            "school_id": 1,
            "code": "110218",
            "course_unit": 2,
            "degree": 3,
            "field": 1,
            "gender": 3,
            "level": 11,
            "name": "\u062a\u0627\u0631\u06cc\u062e \u0645\u0639\u0627\u0635\u0631 \u0627\u06cc\u0631\u0627\u0646",
            "state": 1,
            "time_in_week": 2
        }
    },
    {
        "model": "api.lesson",
        "pk": 126,
        "fields": {
            "created_by_user": null,
            "deleted": "b'\\x00'",
            "modified_by_user": null,
            "school_id": 1,
            "code": "110222",
            "course_unit": 2,
            "degree": 3,
            "field": 1,
            "gender": 3,
            "level": 11,
            "name": "\u0647\u0646\u0631",
            "state": 1,
            "time_in_week": 2
        }
    },
    {
        "model": "api.lesson",
        "pk": 127,
        "fields": {
            "created_by_user": null,
            "deleted": "b'\\x00'",
            "modified_by_user": null,
            "school_id": 1,
            "code": "110224",
            "course_unit": 2,
            "degree": 3,
            "field": 1,
            "gender": 3,
            "level": 11,
            "name": "\u06a9\u0627\u0631\u06af\u0627\u0647 \u06a9\u0627\u0631\u0622\u0641\u0631\u06cc\u0646\u06cc \u0648 \u062a\u0648\u0644\u06cc\u062f",
            "state": 1,
            "time_in_week": 2
        }
    },
    {
        "model": "api.lesson",
        "pk": 128,
        "fields": {
            "created_by_user": null,
            "deleted": "b'\\x00'",
            "modified_by_user": null,
            "school_id": 1,
            "code": "110225",
            "course_unit": 2,
            "degree": 3,
            "field": 1,
            "gender": 3,
            "level": 11,
            "name": "\u062a\u0641\u06a9\u0631 \u0648 \u0633\u0648\u0627\u062f \u0631\u0633\u0627\u0646\u0647 \u0627\u06cc",
            "state": 1,
            "time_in_week": 2
        }
    },
    {
        "model": "api.lesson",
        "pk": 129,
        "fields": {
            "created_by_user": null,
            "deleted": "b'\\x00'",
            "modified_by_user": null,
            "school_id": 1,
            "code": "110230",
            "course_unit": 3,
            "degree": 3,
            "field": 1,
            "gender": 3,
            "level": 11,
            "name": "\u0627\u0646\u06af\u0644\u06cc\u0633\u06cc 2",
            "state": 1,
            "time_in_week": 3
        }
    },
    {
        "model": "api.lesson",
        "pk": 130,
        "fields": {
            "created_by_user": null,
            "deleted": "b'\\x00'",
            "modified_by_user": null,
            "school_id": 1,
            "code": "110231",
            "course_unit": 2,
            "degree": 3,
            "field": 1,
            "gender": 3,
            "level": 11,
            "name": "\u062a\u0631\u0628\u06cc\u062a \u0628\u062f\u0646\u06cc 2",
            "state": 1,
            "time_in_week": 2
        }
    },
    {
        "model": "api.lesson",
        "pk": 131,
        "fields": {
            "created_by_user": null,
            "deleted": "b'\\x00'",
            "modified_by_user": null,
            "school_id": 1,
            "code": "110231",
            "course_unit": 2,
            "degree": 3,
            "field": 1,
            "gender": 3,
            "level": 11,
            "name": "\u0632\u0645\u06cc\u0646 \u0634\u0646\u0627\u0633\u06cc",
            "state": 1,
            "time_in_week": 2
        }
    },
    {
        "model": "api.lesson",
        "pk": 132,
        "fields": {
            "created_by_user": null,
            "deleted": "b'\\x00'",
            "modified_by_user": null,
            "school_id": 1,
            "code": "110201",
            "course_unit": 2,
            "degree": 3,
            "field": 1,
            "gender": 3,
            "level": 12,
            "name": "\u0641\u0627\u0631\u0633\u06cc 3",
            "state": 1,
            "time_in_week": 2
        }
    },
    {
        "model": "api.lesson",
        "pk": 133,
        "fields": {
            "created_by_user": null,
            "deleted": "b'\\x00'",
            "modified_by_user": null,
            "school_id": 1,
            "code": "110202",
            "course_unit": 2,
            "degree": 3,
            "field": 1,
            "gender": 3,
            "level": 12,
            "name": "\u0646\u06af\u0627\u0631\u0634 3",
            "state": 1,
            "time_in_week": 2
        }
    },
    {
        "model": "api.lesson",
        "pk": 134,
        "fields": {
            "created_by_user": null,
            "deleted": "b'\\x00'",
            "modified_by_user": null,
            "school_id": 1,
            "code": "110204",
            "course_unit": 2,
            "degree": 3,
            "field": 1,
            "gender": 3,
            "level": 12,
            "name": "\u062f\u06cc\u0646 \u0648 \u0632\u0646\u062f\u06af\u06cc 3",
            "state": 1,
            "time_in_week": 2
        }
    },
    {
        "model": "api.lesson",
        "pk": 135,
        "fields": {
            "created_by_user": null,
            "deleted": "b'\\x00'",
            "modified_by_user": null,
            "school_id": 1,
            "code": "110206",
            "course_unit": 2,
            "degree": 3,
            "field": 1,
            "gender": 3,
            "level": 12,
            "name": "\u0639\u0631\u0628\u06cc 3",
            "state": 1,
            "time_in_week": 2
        }
    },
    {
        "model": "api.lesson",
        "pk": 136,
        "fields": {
            "created_by_user": null,
            "deleted": "b'\\x00'",
            "modified_by_user": null,
            "school_id": 1,
            "code": "110209",
            "course_unit": 4,
            "degree": 3,
            "field": 1,
            "gender": 3,
            "level": 12,
            "name": "\u0641\u06cc\u0632\u06cc\u06a9 3",
            "state": 1,
            "time_in_week": 4
        }
    },
    {
        "model": "api.lesson",
        "pk": 137,
        "fields": {
            "created_by_user": null,
            "deleted": "b'\\x00'",
            "modified_by_user": null,
            "school_id": 1,
            "code": "110210",
            "course_unit": 4,
            "degree": 3,
            "field": 1,
            "gender": 3,
            "level": 12,
            "name": "\u0634\u06cc\u0645\u06cc 3",
            "state": 1,
            "time_in_week": 4
        }
    },
    {
        "model": "api.lesson",
        "pk": 138,
        "fields": {
            "created_by_user": null,
            "deleted": "b'\\x00'",
            "modified_by_user": null,
            "school_id": 1,
            "code": "110211",
            "course_unit": 3,
            "degree": 3,
            "field": 1,
            "gender": 3,
            "level": 12,
            "name": "\u062d\u0633\u0627\u0628\u0627\u0646 2",
            "state": 1,
            "time_in_week": 3
        }
    },
    {
        "model": "api.lesson",
        "pk": 139,
        "fields": {
            "created_by_user": null,
            "deleted": "b'\\x00'",
            "modified_by_user": null,
            "school_id": 1,
            "code": "110212",
            "course_unit": 2,
            "degree": 3,
            "field": 1,
            "gender": 3,
            "level": 12,
            "name": "\u0647\u0648\u06cc\u062a \u0627\u062c\u062a\u0645\u0627\u0639\u06cc",
            "state": 1,
            "time_in_week": 2
        }
    },
    {
        "model": "api.lesson",
        "pk": 140,
        "fields": {
            "created_by_user": null,
            "deleted": "b'\\x00'",
            "modified_by_user": null,
            "school_id": 1,
            "code": "110213",
            "course_unit": 2,
            "degree": 3,
            "field": 1,
            "gender": 3,
            "level": 12,
            "name": "\u0647\u0646\u062f\u0633\u0647 3",
            "state": 1,
            "time_in_week": 2
        }
    },
    {
        "model": "api.lesson",
        "pk": 141,
        "fields": {
            "created_by_user": null,
            "deleted": "b'\\x00'",
            "modified_by_user": null,
            "school_id": 1,
            "code": "110215",
            "course_unit": 2,
            "degree": 3,
            "field": 1,
            "gender": 3,
            "level": 12,
            "name": "\u0633\u0644\u0627\u0645\u062a \u0648 \u0628\u0647\u062f\u0627\u0634\u062a",
            "state": 1,
            "time_in_week": 2
        }
    },
    {
        "model": "api.lesson",
        "pk": 142,
        "fields": {
            "created_by_user": null,
            "deleted": "b'\\x00'",
            "modified_by_user": null,
            "school_id": 1,
            "code": "110222",
            "course_unit": 2,
            "degree": 3,
            "field": 1,
            "gender": 1,
            "level": 12,
            "name": "\u0645\u062f\u06cc\u0631\u06cc\u062a \u062e\u0627\u0646\u0648\u0627\u062f\u0647 \u0648 \u0633\u0628\u06a9 \u0632\u0646\u062f\u06af\u06cc-\u067e\u0633\u0631\u0627\u0646",
            "state": 1,
            "time_in_week": 2
        }
    },
    {
        "model": "api.lesson",
        "pk": 143,
        "fields": {
            "created_by_user": null,
            "deleted": "b'\\x00'",
            "modified_by_user": null,
            "school_id": 1,
            "code": "110224",
            "course_unit": 2,
            "degree": 3,
            "field": 1,
            "gender": 2,
            "level": 12,
            "name": "\u0645\u062f\u06cc\u0631\u06cc\u062a \u062e\u0627\u0646\u0648\u0627\u062f\u0647 \u0648 \u0633\u0628\u06a9 \u0632\u0646\u062f\u06af\u06cc-\u062f\u062e\u062a\u0631\u0627\u0646",
            "state": 1,
            "time_in_week": 2
        }
    },
    {
        "model": "api.lesson",
        "pk": 144,
        "fields": {
            "created_by_user": null,
            "deleted": "b'\\x00'",
            "modified_by_user": null,
            "school_id": 1,
            "code": "110225",
            "course_unit": 2,
            "degree": 3,
            "field": 1,
            "gender": 3,
            "level": 12,
            "name": "\u0631\u06cc\u0627\u0636\u06cc\u0627\u062a \u06af\u0633\u0633\u062a\u0647",
            "state": 1,
            "time_in_week": 2
        }
    },
    {
        "model": "api.lesson",
        "pk": 145,
        "fields": {
            "created_by_user": null,
            "deleted": "b'\\x00'",
            "modified_by_user": null,
            "school_id": 1,
            "code": "110230",
            "course_unit": 4,
            "degree": 3,
            "field": 1,
            "gender": 3,
            "level": 12,
            "name": "\u0627\u0646\u06af\u0644\u06cc\u0633\u06cc 3",
            "state": 1,
            "time_in_week": 4
        }
    },
    {
        "model": "api.lesson",
        "pk": 146,
        "fields": {
            "created_by_user": null,
            "deleted": "b'\\x00'",
            "modified_by_user": null,
            "school_id": 1,
            "code": "110231",
            "course_unit": 2,
            "degree": 3,
            "field": 1,
            "gender": 3,
            "level": 12,
            "name": "\u062a\u0631\u0628\u06cc\u062a \u0628\u062f\u0646\u06cc 3",
            "state": 1,
            "time_in_week": 2
        }
    },
    {
        "model": "api.lesson",
        "pk": 147,
        "fields": {
            "created_by_user": null,
            "deleted": "b'\\x00'",
            "modified_by_user": null,
            "school_id": 1,
            "code": "110231",
            "course_unit": 2,
            "degree": 3,
            "field": 2,
            "gender": 3,
            "level": 12,
            "name": "\u062a\u0631\u0628\u06cc\u062a \u0628\u062f\u0646\u06cc 3",
            "state": 1,
            "time_in_week": 2
        }
    },
    {
        "model": "api.lesson",
        "pk": 148,
        "fields": {
            "created_by_user": null,
            "deleted": "b'\\x00'",
            "modified_by_user": null,
            "school_id": 1,
            "code": "110201",
            "course_unit": 2,
            "degree": 3,
            "field": 2,
            "gender": 3,
            "level": 10,
            "name": "\u0641\u0627\u0631\u0633\u06cc 1",
            "state": 1,
            "time_in_week": 2
        }
    },
    {
        "model": "api.lesson",
        "pk": 149,
        "fields": {
            "created_by_user": null,
            "deleted": "b'\\x00'",
            "modified_by_user": null,
            "school_id": 1,
            "code": "110202",
            "course_unit": 2,
            "degree": 3,
            "field": 2,
            "gender": 3,
            "level": 10,
            "name": "\u0646\u06af\u0627\u0631\u0634 1",
            "state": 1,
            "time_in_week": 2
        }
    },
    {
        "model": "api.lesson",
        "pk": 150,
        "fields": {
            "created_by_user": null,
            "deleted": "b'\\x00'",
            "modified_by_user": null,
            "school_id": 1,
            "code": "110204",
            "course_unit": 2,
            "degree": 3,
            "field": 2,
            "gender": 3,
            "level": 10,
            "name": "\u062f\u06cc\u0646 \u0648 \u0632\u0646\u062f\u06af\u06cc 1",
            "state": 1,
            "time_in_week": 2
        }
    },
    {
        "model": "api.lesson",
        "pk": 151,
        "fields": {
            "created_by_user": null,
            "deleted": "b'\\x00'",
            "modified_by_user": null,
            "school_id": 1,
            "code": "110206",
            "course_unit": 2,
            "degree": 3,
            "field": 2,
            "gender": 3,
            "level": 10,
            "name": "\u0639\u0631\u0628\u06cc 1",
            "state": 1,
            "time_in_week": 2
        }
    },
    {
        "model": "api.lesson",
        "pk": 152,
        "fields": {
            "created_by_user": null,
            "deleted": "b'\\x00'",
            "modified_by_user": null,
            "school_id": 1,
            "code": "110214",
            "course_unit": 3,
            "degree": 3,
            "field": 2,
            "gender": 3,
            "level": 10,
            "name": "\u0641\u06cc\u0632\u06cc\u06a9 1",
            "state": 1,
            "time_in_week": 3
        }
    },
    {
        "model": "api.lesson",
        "pk": 153,
        "fields": {
            "created_by_user": null,
            "deleted": "b'\\x00'",
            "modified_by_user": null,
            "school_id": 1,
            "code": "110210",
            "course_unit": 3,
            "degree": 3,
            "field": 2,
            "gender": 3,
            "level": 10,
            "name": "\u0634\u06cc\u0645\u06cc 1",
            "state": 1,
            "time_in_week": 3
        }
    },
    {
        "model": "api.lesson",
        "pk": 154,
        "fields": {
            "created_by_user": null,
            "deleted": "b'\\x00'",
            "modified_by_user": null,
            "school_id": 1,
            "code": "110211",
            "course_unit": 4,
            "degree": 3,
            "field": 2,
            "gender": 3,
            "level": 10,
            "name": "\u0631\u06cc\u0627\u0636\u06cc 1",
            "state": 1,
            "time_in_week": 4
        }
    },
    {
        "model": "api.lesson",
        "pk": 155,
        "fields": {
            "created_by_user": null,
            "deleted": "b'\\x00'",
            "modified_by_user": null,
            "school_id": 1,
            "code": "110216",
            "course_unit": 3,
            "degree": 3,
            "field": 2,
            "gender": 3,
            "level": 10,
            "name": "\u0632\u06cc\u0633\u062a\u200c \u0634\u0646\u0627\u0633\u06cc 1",
            "state": 1,
            "time_in_week": 3
        }
    },
    {
        "model": "api.lesson",
        "pk": 156,
        "fields": {
            "created_by_user": null,
            "deleted": "b'\\x00'",
            "modified_by_user": null,
            "school_id": 1,
            "code": "110215",
            "course_unit": 3,
            "degree": 3,
            "field": 2,
            "gender": 3,
            "level": 10,
            "name": "\u0627\u0645\u0627\u062f\u06af\u06cc \u062f\u0641\u0627\u0639\u06cc 1",
            "state": 1,
            "time_in_week": 3
        }
    },
    {
        "model": "api.lesson",
        "pk": 157,
        "fields": {
            "created_by_user": null,
            "deleted": "b'\\x00'",
            "modified_by_user": null,
            "school_id": 1,
            "code": "110217",
            "course_unit": 2,
            "degree": 3,
            "field": 2,
            "gender": 3,
            "level": 10,
            "name": "\u0622\u0632\u0645\u0627\u06cc\u0634\u06af\u0627\u0647 \u0639\u0644\u0648\u0645 \u062a\u062c\u0631\u0628\u06cc 1",
            "state": 1,
            "time_in_week": 2
        }
    },
    {
        "model": "api.lesson",
        "pk": 158,
        "fields": {
            "created_by_user": null,
            "deleted": "b'\\x00'",
            "modified_by_user": null,
            "school_id": 1,
            "code": "110218",
            "course_unit": 2,
            "degree": 3,
            "field": 2,
            "gender": 3,
            "level": 10,
            "name": "\u062c\u063a\u0631\u0627\u0641\u06cc\u0627\u06cc \u0627\u06cc\u0631\u0627\u0646",
            "state": 1,
            "time_in_week": 2
        }
    },
    {
        "model": "api.lesson",
        "pk": 159,
        "fields": {
            "created_by_user": null,
            "deleted": "b'\\x00'",
            "modified_by_user": null,
            "school_id": 1,
            "code": "110222",
            "course_unit": 2,
            "degree": 3,
            "field": 2,
            "gender": 3,
            "level": 10,
            "name": "\u0647\u0646\u0631",
            "state": 1,
            "time_in_week": 2
        }
    },
    {
        "model": "api.lesson",
        "pk": 160,
        "fields": {
            "created_by_user": null,
            "deleted": "b'\\x00'",
            "modified_by_user": null,
            "school_id": 1,
            "code": "110224",
            "course_unit": 2,
            "degree": 3,
            "field": 2,
            "gender": 3,
            "level": 10,
            "name": "\u06a9\u0627\u0631\u06af\u0627\u0647 \u06a9\u0627\u0631\u0622\u0641\u0631\u06cc\u0646\u06cc \u0648 \u062a\u0648\u0644\u06cc\u062f",
            "state": 1,
            "time_in_week": 2
        }
    },
    {
        "model": "api.lesson",
        "pk": 161,
        "fields": {
            "created_by_user": null,
            "deleted": "b'\\x00'",
            "modified_by_user": null,
            "school_id": 1,
            "code": "110225",
            "course_unit": 2,
            "degree": 3,
            "field": 2,
            "gender": 3,
            "level": 10,
            "name": "\u062a\u0641\u06a9\u0631 \u0648 \u0633\u0648\u0627\u062f \u0631\u0633\u0627\u0646\u0647 \u0627\u06cc",
            "state": 1,
            "time_in_week": 2
        }
    },
    {
        "model": "api.lesson",
        "pk": 162,
        "fields": {
            "created_by_user": null,
            "deleted": "b'\\x00'",
            "modified_by_user": null,
            "school_id": 1,
            "code": "110230",
            "course_unit": 3,
            "degree": 3,
            "field": 2,
            "gender": 3,
            "level": 10,
            "name": "\u0627\u0646\u06af\u0644\u06cc\u0633\u06cc 1",
            "state": 1,
            "time_in_week": 3
        }
    },
    {
        "model": "api.lesson",
        "pk": 163,
        "fields": {
            "created_by_user": null,
            "deleted": "b'\\x00'",
            "modified_by_user": null,
            "school_id": 1,
            "code": "110231",
            "course_unit": 2,
            "degree": 3,
            "field": 2,
            "gender": 3,
            "level": 10,
            "name": "\u062a\u0631\u0628\u06cc\u062a \u0628\u062f\u0646\u06cc 1",
            "state": 1,
            "time_in_week": 2
        }
    },
    {
        "model": "api.lesson",
        "pk": 164,
        "fields": {
            "created_by_user": null,
            "deleted": "b'\\x00'",
            "modified_by_user": null,
            "school_id": 1,
            "code": "111211",
            "course_unit": 4,
            "degree": 3,
            "field": 2,
            "gender": 3,
            "level": 11,
            "name": "\u0631\u06cc\u0627\u0636\u06cc 2",
            "state": 1,
            "time_in_week": 4
        }
    },
    {
        "model": "api.lesson",
        "pk": 165,
        "fields": {
            "created_by_user": null,
            "deleted": "b'\\x00'",
            "modified_by_user": null,
            "school_id": 1,
            "code": "111201",
            "course_unit": 2,
            "degree": 3,
            "field": 2,
            "gender": 3,
            "level": 11,
            "name": "\u0641\u0627\u0631\u0633\u06cc 2",
            "state": 1,
            "time_in_week": 2
        }
    },
    {
        "model": "api.lesson",
        "pk": 166,
        "fields": {
            "created_by_user": null,
            "deleted": "b'\\x00'",
            "modified_by_user": null,
            "school_id": 1,
            "code": "111202",
            "course_unit": 1,
            "degree": 3,
            "field": 2,
            "gender": 3,
            "level": 11,
            "name": "\u0646\u06af\u0627\u0631\u0634 2",
            "state": 1,
            "time_in_week": 1
        }
    },
    {
        "model": "api.lesson",
        "pk": 167,
        "fields": {
            "created_by_user": null,
            "deleted": "b'\\x00'",
            "modified_by_user": null,
            "school_id": 1,
            "code": "111204",
            "course_unit": 2,
            "degree": 3,
            "field": 2,
            "gender": 3,
            "level": 11,
            "name": "\u062f\u06cc\u0646 \u0648 \u0632\u0646\u062f\u06af\u06cc 2",
            "state": 1,
            "time_in_week": 2
        }
    },
    {
        "model": "api.lesson",
        "pk": 168,
        "fields": {
            "created_by_user": null,
            "deleted": "b'\\x00'",
            "modified_by_user": null,
            "school_id": 1,
            "code": "111206",
            "course_unit": 2,
            "degree": 3,
            "field": 2,
            "gender": 3,
            "level": 11,
            "name": "\u0639\u0631\u0628\u06cc 2",
            "state": 1,
            "time_in_week": 2
        }
    },
    {
        "model": "api.lesson",
        "pk": 169,
        "fields": {
            "created_by_user": null,
            "deleted": "b'\\x00'",
            "modified_by_user": null,
            "school_id": 1,
            "code": "111209",
            "course_unit": 3,
            "degree": 3,
            "field": 2,
            "gender": 3,
            "level": 11,
            "name": "\u0641\u06cc\u0632\u06cc\u06a9 2",
            "state": 1,
            "time_in_week": 3
        }
    },
    {
        "model": "api.lesson",
        "pk": 170,
        "fields": {
            "created_by_user": null,
            "deleted": "b'\\x00'",
            "modified_by_user": null,
            "school_id": 1,
            "code": "111210",
            "course_unit": 3,
            "degree": 3,
            "field": 2,
            "gender": 3,
            "level": 11,
            "name": "\u0634\u06cc\u0645\u06cc 2",
            "state": 1,
            "time_in_week": 3
        }
    },
    {
        "model": "api.lesson",
        "pk": 171,
        "fields": {
            "created_by_user": null,
            "deleted": "b'\\x00'",
            "modified_by_user": null,
            "school_id": 1,
            "code": "111211",
            "course_unit": 4,
            "degree": 3,
            "field": 2,
            "gender": 3,
            "level": 11,
            "name": "\u0632\u06cc\u0633\u062a\u200c \u0634\u0646\u0627\u0633\u06cc 2",
            "state": 1,
            "time_in_week": 4
        }
    },
    {
        "model": "api.lesson",
        "pk": 172,
        "fields": {
            "created_by_user": null,
            "deleted": "b'\\x00'",
            "modified_by_user": null,
            "school_id": 1,
            "code": "111237",
            "course_unit": 2,
            "degree": 3,
            "field": 2,
            "gender": 3,
            "level": 11,
            "name": "\u0632\u0645\u06cc\u0646 \u0634\u0646\u0627\u0633\u06cc",
            "state": 1,
            "time_in_week": 2
        }
    },
    {
        "model": "api.lesson",
        "pk": 173,
        "fields": {
            "created_by_user": null,
            "deleted": "b'\\x00'",
            "modified_by_user": null,
            "school_id": 1,
            "code": "111217",
            "course_unit": 1,
            "degree": 3,
            "field": 2,
            "gender": 3,
            "level": 11,
            "name": "\u0622\u0632\u0645\u0627\u06cc\u0634\u06af\u0627\u0647 \u0639\u0644\u0648\u0645 \u062a\u062c\u0631\u0628\u06cc 2",
            "state": 1,
            "time_in_week": 1
        }
    },
    {
        "model": "api.lesson",
        "pk": 174,
        "fields": {
            "created_by_user": null,
            "deleted": "b'\\x00'",
            "modified_by_user": null,
            "school_id": 1,
            "code": "111220",
            "course_unit": 2,
            "degree": 3,
            "field": 2,
            "gender": 3,
            "level": 11,
            "name": "\u062a\u0627\u0631\u06cc\u062e \u0645\u0639\u0627\u0635\u0631 \u0627\u06cc\u0631\u0627\u0646",
            "state": 1,
            "time_in_week": 2
        }
    },
    {
        "model": "api.lesson",
        "pk": 175,
        "fields": {
            "created_by_user": null,
            "deleted": "b'\\x00'",
            "modified_by_user": null,
            "school_id": 1,
            "code": "111268",
            "course_unit": 2,
            "degree": 3,
            "field": 2,
            "gender": 3,
            "level": 11,
            "name": "\u0627\u0646\u0633\u0627\u0646 \u0648 \u0645\u062d\u06cc\u0637 \u0632\u06cc\u0633\u062a",
            "state": 1,
            "time_in_week": 2
        }
    },
    {
        "model": "api.lesson",
        "pk": 176,
        "fields": {
            "created_by_user": null,
            "deleted": "b'\\x00'",
            "modified_by_user": null,
            "school_id": 1,
            "code": "111222",
            "course_unit": 2,
            "degree": 3,
            "field": 2,
            "gender": 3,
            "level": 11,
            "name": "\u0647\u0646\u0631",
            "state": 1,
            "time_in_week": 2
        }
    },
    {
        "model": "api.lesson",
        "pk": 177,
        "fields": {
            "created_by_user": null,
            "deleted": "b'\\x00'",
            "modified_by_user": null,
            "school_id": 1,
            "code": "111224",
            "course_unit": 2,
            "degree": 3,
            "field": 2,
            "gender": 3,
            "level": 11,
            "name": "\u06a9\u0627\u0631\u06af\u0627\u0647 \u06a9\u0627\u0631\u0622\u0641\u0631\u06cc\u0646\u06cc \u0648 \u062a\u0648\u0644\u06cc\u062f",
            "state": 1,
            "time_in_week": 2
        }
    },
    {
        "model": "api.lesson",
        "pk": 178,
        "fields": {
            "created_by_user": null,
            "deleted": "b'\\x00'",
            "modified_by_user": null,
            "school_id": 1,
            "code": "111225",
            "course_unit": 2,
            "degree": 3,
            "field": 2,
            "gender": 3,
            "level": 11,
            "name": "\u062a\u0641\u06a9\u0631 \u0648 \u0633\u0648\u0627\u062f \u0631\u0633\u0627\u0646\u0647 \u0627\u06cc",
            "state": 1,
            "time_in_week": 2
        }
    },
    {
        "model": "api.lesson",
        "pk": 179,
        "fields": {
            "created_by_user": null,
            "deleted": "b'\\x00'",
            "modified_by_user": null,
            "school_id": 1,
            "code": "111230",
            "course_unit": 3,
            "degree": 3,
            "field": 2,
            "gender": 3,
            "level": 11,
            "name": "\u0627\u0646\u06af\u0644\u06cc\u0633\u06cc 2",
            "state": 1,
            "time_in_week": 3
        }
    },
    {
        "model": "api.lesson",
        "pk": 180,
        "fields": {
            "created_by_user": null,
            "deleted": "b'\\x00'",
            "modified_by_user": null,
            "school_id": 1,
            "code": "111231",
            "course_unit": 2,
            "degree": 3,
            "field": 2,
            "gender": 3,
            "level": 11,
            "name": "\u062a\u0631\u0628\u06cc\u062a \u0628\u062f\u0646\u06cc 2",
            "state": 1,
            "time_in_week": 2
        }
    },
    {
        "model": "api.lesson",
        "pk": 181,
        "fields": {
            "created_by_user": null,
            "deleted": "b'\\x00'",
            "modified_by_user": null,
            "school_id": 1,
            "code": "112211",
            "course_unit": 4,
            "degree": 3,
            "field": 2,
            "gender": 3,
            "level": 12,
            "name": "\u0631\u06cc\u0627\u0636\u06cc 3",
            "state": 1,
            "time_in_week": 4
        }
    },
    {
        "model": "api.lesson",
        "pk": 182,
        "fields": {
            "created_by_user": null,
            "deleted": "b'\\x00'",
            "modified_by_user": null,
            "school_id": 1,
            "code": "112201",
            "course_unit": 2,
            "degree": 3,
            "field": 2,
            "gender": 3,
            "level": 12,
            "name": "\u0641\u0627\u0631\u0633\u06cc 3",
            "state": 1,
            "time_in_week": 2
        }
    },
    {
        "model": "api.lesson",
        "pk": 183,
        "fields": {
            "created_by_user": null,
            "deleted": "b'\\x00'",
            "modified_by_user": null,
            "school_id": 1,
            "code": "112202",
            "course_unit": 2,
            "degree": 3,
            "field": 2,
            "gender": 3,
            "level": 12,
            "name": "\u0646\u06af\u0627\u0631\u0634 3",
            "state": 1,
            "time_in_week": 2
        }
    },
    {
        "model": "api.lesson",
        "pk": 184,
        "fields": {
            "created_by_user": null,
            "deleted": "b'\\x00'",
            "modified_by_user": null,
            "school_id": 1,
            "code": "112204",
            "course_unit": 2,
            "degree": 3,
            "field": 2,
            "gender": 3,
            "level": 12,
            "name": "\u062f\u06cc\u0646 \u0648 \u0632\u0646\u062f\u06af\u06cc 3",
            "state": 1,
            "time_in_week": 2
        }
    },
    {
        "model": "api.lesson",
        "pk": 185,
        "fields": {
            "created_by_user": null,
            "deleted": "b'\\x00'",
            "modified_by_user": null,
            "school_id": 1,
            "code": "112206",
            "course_unit": 2,
            "degree": 3,
            "field": 2,
            "gender": 3,
            "level": 12,
            "name": "\u0639\u0631\u0628\u06cc 3",
            "state": 1,
            "time_in_week": 2
        }
    },
    {
        "model": "api.lesson",
        "pk": 186,
        "fields": {
            "created_by_user": null,
            "deleted": "b'\\x00'",
            "modified_by_user": null,
            "school_id": 1,
            "code": "112209",
            "course_unit": 3,
            "degree": 3,
            "field": 2,
            "gender": 3,
            "level": 12,
            "name": "\u0641\u06cc\u0632\u06cc\u06a9 3",
            "state": 1,
            "time_in_week": 3
        }
    },
    {
        "model": "api.lesson",
        "pk": 187,
        "fields": {
            "created_by_user": null,
            "deleted": "b'\\x00'",
            "modified_by_user": null,
            "school_id": 1,
            "code": "112210",
            "course_unit": 4,
            "degree": 3,
            "field": 2,
            "gender": 3,
            "level": 12,
            "name": "\u0634\u06cc\u0645\u06cc 3",
            "state": 1,
            "time_in_week": 4
        }
    },
    {
        "model": "api.lesson",
        "pk": 188,
        "fields": {
            "created_by_user": null,
            "deleted": "b'\\x00'",
            "modified_by_user": null,
            "school_id": 1,
            "code": "112216",
            "course_unit": 4,
            "degree": 3,
            "field": 2,
            "gender": 3,
            "level": 12,
            "name": "\u0632\u06cc\u0633\u062a\u200c \u0634\u0646\u0627\u0633\u06cc 3",
            "state": 1,
            "time_in_week": 4
        }
    },
    {
        "model": "api.lesson",
        "pk": 189,
        "fields": {
            "created_by_user": null,
            "deleted": "b'\\x00'",
            "modified_by_user": null,
            "school_id": 1,
            "code": "112220",
            "course_unit": 2,
            "degree": 3,
            "field": 2,
            "gender": 3,
            "level": 12,
            "name": "\u0639\u0644\u0648\u0645 \u0627\u062c\u062a\u0645\u0627\u0639\u06cc",
            "state": 1,
            "time_in_week": 2
        }
    },
    {
        "model": "api.lesson",
        "pk": 190,
        "fields": {
            "created_by_user": null,
            "deleted": "b'\\x00'",
            "modified_by_user": null,
            "school_id": 1,
            "code": "112268",
            "course_unit": 2,
            "degree": 3,
            "field": 2,
            "gender": 3,
            "level": 12,
            "name": "\u0633\u0644\u0627\u0645\u062a \u0648 \u0628\u0647\u062f\u0627\u0634\u062a",
            "state": 1,
            "time_in_week": 2
        }
    },
    {
        "model": "api.lesson",
        "pk": 191,
        "fields": {
            "created_by_user": null,
            "deleted": "b'\\x00'",
            "modified_by_user": null,
            "school_id": 1,
            "code": "112240",
            "course_unit": 2,
            "degree": 3,
            "field": 2,
            "gender": 1,
            "level": 12,
            "name": "\u0645\u062f\u06cc\u0631\u06cc\u062a \u062e\u0627\u0646\u0648\u0627\u062f\u0647 \u0648 \u0633\u0628\u06a9 \u0632\u0646\u062f\u06af\u06cc",
            "state": 1,
            "time_in_week": 2
        }
    },
    {
        "model": "api.lesson",
        "pk": 192,
        "fields": {
            "created_by_user": null,
            "deleted": "b'\\x00'",
            "modified_by_user": null,
            "school_id": 1,
            "code": "112241",
            "course_unit": 2,
            "degree": 3,
            "field": 2,
            "gender": 2,
            "level": 12,
            "name": "\u0645\u062f\u06cc\u0631\u06cc\u062a \u062e\u0627\u0646\u0648\u0627\u062f\u0647 \u0648 \u0633\u0628\u06a9 \u0632\u0646\u062f\u06af\u06cc",
            "state": 1,
            "time_in_week": 2
        }
    },
    {
        "model": "api.lesson",
        "pk": 193,
        "fields": {
            "created_by_user": null,
            "deleted": "b'\\x00'",
            "modified_by_user": null,
            "school_id": 1,
            "code": "112230",
            "course_unit": 4,
            "degree": 3,
            "field": 2,
            "gender": 3,
            "level": 12,
            "name": "\u0627\u0646\u06af\u0644\u06cc\u0633\u06cc 3",
            "state": 1,
            "time_in_week": 4
        }
    },
    {
        "model": "api.lesson",
        "pk": 194,
        "fields": {
            "created_by_user": null,
            "deleted": "b'\\x00'",
            "modified_by_user": null,
            "school_id": 1,
            "code": "112231",
            "course_unit": 2,
            "degree": 3,
            "field": 2,
            "gender": 3,
            "level": 12,
            "name": "\u062a\u0631\u0628\u06cc\u062a \u0628\u062f\u0646\u06cc 3",
            "state": 1,
            "time_in_week": 2
        }
    },
    {
        "model": "api.lesson",
        "pk": 195,
        "fields": {
            "created_by_user": null,
            "deleted": "b'\\x00'",
            "modified_by_user": null,
            "school_id": 1,
            "code": "110201",
            "course_unit": 2,
            "degree": 3,
            "field": 3,
            "gender": 3,
            "level": 10,
            "name": "\u0641\u0627\u0631\u0633\u06cc 1",
            "state": 1,
            "time_in_week": 2
        }
    },
    {
        "model": "api.lesson",
        "pk": 196,
        "fields": {
            "created_by_user": null,
            "deleted": "b'\\x00'",
            "modified_by_user": null,
            "school_id": 1,
            "code": "110103",
            "course_unit": 2,
            "degree": 3,
            "field": 3,
            "gender": 3,
            "level": 10,
            "name": "\u0639\u0644\u0648\u0645 \u0648 \u0641\u0646\u0648\u0646 \u0627\u062f\u0628\u06cc 1",
            "state": 1,
            "time_in_week": 2
        }
    },
    {
        "model": "api.lesson",
        "pk": 197,
        "fields": {
            "created_by_user": null,
            "deleted": "b'\\x00'",
            "modified_by_user": null,
            "school_id": 1,
            "code": "110219",
            "course_unit": 3,
            "degree": 3,
            "field": 3,
            "gender": 3,
            "level": 10,
            "name": "\u062a\u0627\u0631\u06cc\u062e 1",
            "state": 1,
            "time_in_week": 3
        }
    },
    {
        "model": "api.lesson",
        "pk": 198,
        "fields": {
            "created_by_user": null,
            "deleted": "b'\\x00'",
            "modified_by_user": null,
            "school_id": 1,
            "code": "110220",
            "course_unit": 2,
            "degree": 3,
            "field": 3,
            "gender": 3,
            "level": 10,
            "name": "\u062c\u0627\u0645\u0639\u0647 \u0634\u0646\u0627\u0633\u06cc 1",
            "state": 1,
            "time_in_week": 2
        }
    },
    {
        "model": "api.lesson",
        "pk": 199,
        "fields": {
            "created_by_user": null,
            "deleted": "b'\\x00'",
            "modified_by_user": null,
            "school_id": 1,
            "code": "110202",
            "course_unit": 2,
            "degree": 3,
            "field": 3,
            "gender": 3,
            "level": 10,
            "name": "\u0646\u06af\u0627\u0631\u0634 1",
            "state": 1,
            "time_in_week": 2
        }
    },
    {
        "model": "api.lesson",
        "pk": 200,
        "fields": {
            "created_by_user": null,
            "deleted": "b'\\x00'",
            "modified_by_user": null,
            "school_id": 1,
            "code": "110204",
            "course_unit": 3,
            "degree": 3,
            "field": 3,
            "gender": 3,
            "level": 10,
            "name": "\u062f\u06cc\u0646 \u0648 \u0632\u0646\u062f\u06af\u06cc 1",
            "state": 1,
            "time_in_week": 3
        }
    },
    {
        "model": "api.lesson",
        "pk": 201,
        "fields": {
            "created_by_user": null,
            "deleted": "b'\\x00'",
            "modified_by_user": null,
            "school_id": 1,
            "code": "110206",
            "course_unit": 2,
            "degree": 3,
            "field": 3,
            "gender": 3,
            "level": 10,
            "name": "\u0639\u0631\u0628\u06cc 1",
            "state": 1,
            "time_in_week": 2
        }
    },
    {
        "model": "api.lesson",
        "pk": 202,
        "fields": {
            "created_by_user": null,
            "deleted": "b'\\x00'",
            "modified_by_user": null,
            "school_id": 1,
            "code": "110211",
            "course_unit": 3,
            "degree": 3,
            "field": 3,
            "gender": 3,
            "level": 10,
            "name": "\u0631\u06cc\u0627\u0636\u06cc \u0648 \u0622\u0645\u0627\u0631 1",
            "state": 1,
            "time_in_week": 3
        }
    },
    {
        "model": "api.lesson",
        "pk": 203,
        "fields": {
            "created_by_user": null,
            "deleted": "b'\\x00'",
            "modified_by_user": null,
            "school_id": 1,
            "code": "110215",
            "course_unit": 3,
            "degree": 3,
            "field": 3,
            "gender": 3,
            "level": 10,
            "name": "\u0627\u0645\u0627\u062f\u06af\u06cc \u062f\u0641\u0627\u0639\u06cc 1",
            "state": 1,
            "time_in_week": 3
        }
    },
    {
        "model": "api.lesson",
        "pk": 204,
        "fields": {
            "created_by_user": null,
            "deleted": "b'\\x00'",
            "modified_by_user": null,
            "school_id": 1,
            "code": "110218",
            "course_unit": 2,
            "degree": 3,
            "field": 3,
            "gender": 3,
            "level": 10,
            "name": "\u062c\u063a\u0631\u0627\u0641\u06cc\u0627\u06cc \u0627\u06cc\u0631\u0627\u0646",
            "state": 1,
            "time_in_week": 2
        }
    },
    {
        "model": "api.lesson",
        "pk": 205,
        "fields": {
            "created_by_user": null,
            "deleted": "b'\\x00'",
            "modified_by_user": null,
            "school_id": 1,
            "code": "110221",
            "course_unit": 2,
            "degree": 3,
            "field": 3,
            "gender": 3,
            "level": 10,
            "name": "\u0627\u0642\u062a\u0635\u0627\u062f",
            "state": 1,
            "time_in_week": 2
        }
    },
    {
        "model": "api.lesson",
        "pk": 206,
        "fields": {
            "created_by_user": null,
            "deleted": "b'\\x00'",
            "modified_by_user": null,
            "school_id": 1,
            "code": "110223",
            "course_unit": 2,
            "degree": 3,
            "field": 3,
            "gender": 3,
            "level": 10,
            "name": "\u0645\u0646\u0637\u0642",
            "state": 1,
            "time_in_week": 2
        }
    },
    {
        "model": "api.lesson",
        "pk": 207,
        "fields": {
            "created_by_user": null,
            "deleted": "b'\\x00'",
            "modified_by_user": null,
            "school_id": 1,
            "code": "110222",
            "course_unit": 2,
            "degree": 3,
            "field": 3,
            "gender": 3,
            "level": 10,
            "name": "\u0647\u0646\u0631",
            "state": 1,
            "time_in_week": 2
        }
    },
    {
        "model": "api.lesson",
        "pk": 208,
        "fields": {
            "created_by_user": null,
            "deleted": "b'\\x00'",
            "modified_by_user": null,
            "school_id": 1,
            "code": "110224",
            "course_unit": 2,
            "degree": 3,
            "field": 3,
            "gender": 3,
            "level": 10,
            "name": "\u06a9\u0627\u0631\u06af\u0627\u0647 \u06a9\u0627\u0631\u0622\u0641\u0631\u06cc\u0646\u06cc \u0648 \u062a\u0648\u0644\u06cc\u062f",
            "state": 1,
            "time_in_week": 2
        }
    },
    {
        "model": "api.lesson",
        "pk": 209,
        "fields": {
            "created_by_user": null,
            "deleted": "b'\\x00'",
            "modified_by_user": null,
            "school_id": 1,
            "code": "110225",
            "course_unit": 2,
            "degree": 3,
            "field": 3,
            "gender": 3,
            "level": 10,
            "name": "\u062a\u0641\u06a9\u0631 \u0648 \u0633\u0648\u0627\u062f \u0631\u0633\u0627\u0646\u0647 \u0627\u06cc",
            "state": 1,
            "time_in_week": 2
        }
    },
    {
        "model": "api.lesson",
        "pk": 210,
        "fields": {
            "created_by_user": null,
            "deleted": "b'\\x00'",
            "modified_by_user": null,
            "school_id": 1,
            "code": "110230",
            "course_unit": 3,
            "degree": 3,
            "field": 3,
            "gender": 3,
            "level": 10,
            "name": "\u0627\u0646\u06af\u0644\u06cc\u0633\u06cc 1",
            "state": 1,
            "time_in_week": 3
        }
    },
    {
        "model": "api.lesson",
        "pk": 211,
        "fields": {
            "created_by_user": null,
            "deleted": "b'\\x00'",
            "modified_by_user": null,
            "school_id": 1,
            "code": "110231",
            "course_unit": 2,
            "degree": 3,
            "field": 3,
            "gender": 3,
            "level": 10,
            "name": "\u062a\u0631\u0628\u06cc\u062a \u0628\u062f\u0646\u06cc 1",
            "state": 1,
            "time_in_week": 2
        }
    },
    {
        "model": "api.lesson",
        "pk": 212,
        "fields": {
            "created_by_user": null,
            "deleted": "b'\\x00'",
            "modified_by_user": null,
            "school_id": 1,
            "code": "111201",
            "course_unit": 2,
            "degree": 3,
            "field": 3,
            "gender": 3,
            "level": 11,
            "name": "\u0641\u0627\u0631\u0633\u06cc 2",
            "state": 1,
            "time_in_week": 2
        }
    },
    {
        "model": "api.lesson",
        "pk": 213,
        "fields": {
            "created_by_user": null,
            "deleted": "b'\\x00'",
            "modified_by_user": null,
            "school_id": 1,
            "code": "111203",
            "course_unit": 2,
            "degree": 3,
            "field": 3,
            "gender": 3,
            "level": 11,
            "name": "\u0639\u0644\u0648\u0645 \u0648 \u0641\u0646\u0648\u0646 \u0627\u062f\u0628\u06cc 2",
            "state": 1,
            "time_in_week": 2
        }
    },
    {
        "model": "api.lesson",
        "pk": 214,
        "fields": {
            "created_by_user": null,
            "deleted": "b'\\x00'",
            "modified_by_user": null,
            "school_id": 1,
            "code": "111219",
            "course_unit": 3,
            "degree": 3,
            "field": 3,
            "gender": 3,
            "level": 11,
            "name": "\u062a\u0627\u0631\u06cc\u062e 2",
            "state": 1,
            "time_in_week": 3
        }
    },
    {
        "model": "api.lesson",
        "pk": 215,
        "fields": {
            "created_by_user": null,
            "deleted": "b'\\x00'",
            "modified_by_user": null,
            "school_id": 1,
            "code": "111222",
            "course_unit": 3,
            "degree": 3,
            "field": 3,
            "gender": 3,
            "level": 11,
            "name": "\u062c\u0627\u0645\u0639\u0647 \u0634\u0646\u0627\u0633\u06cc 2",
            "state": 1,
            "time_in_week": 3
        }
    },
    {
        "model": "api.lesson",
        "pk": 216,
        "fields": {
            "created_by_user": null,
            "deleted": "b'\\x00'",
            "modified_by_user": null,
            "school_id": 1,
            "code": "111202",
            "course_unit": 2,
            "degree": 3,
            "field": 3,
            "gender": 3,
            "level": 11,
            "name": "\u0646\u06af\u0627\u0631\u0634 2",
            "state": 1,
            "time_in_week": 2
        }
    },
    {
        "model": "api.lesson",
        "pk": 217,
        "fields": {
            "created_by_user": null,
            "deleted": "b'\\x00'",
            "modified_by_user": null,
            "school_id": 1,
            "code": "111204",
            "course_unit": 3,
            "degree": 3,
            "field": 3,
            "gender": 3,
            "level": 11,
            "name": "\u062f\u06cc\u0646 \u0648 \u0632\u0646\u062f\u06af\u06cc 2",
            "state": 1,
            "time_in_week": 3
        }
    },
    {
        "model": "api.lesson",
        "pk": 218,
        "fields": {
            "created_by_user": null,
            "deleted": "b'\\x00'",
            "modified_by_user": null,
            "school_id": 1,
            "code": "111206",
            "course_unit": 2,
            "degree": 3,
            "field": 3,
            "gender": 3,
            "level": 11,
            "name": "\u0639\u0631\u0628\u06cc 2",
            "state": 1,
            "time_in_week": 2
        }
    },
    {
        "model": "api.lesson",
        "pk": 219,
        "fields": {
            "created_by_user": null,
            "deleted": "b'\\x00'",
            "modified_by_user": null,
            "school_id": 1,
            "code": "111212",
            "course_unit": 2,
            "degree": 3,
            "field": 3,
            "gender": 3,
            "level": 11,
            "name": "\u0631\u06cc\u0627\u0636\u06cc \u0648 \u0622\u0645\u0627\u0631 2",
            "state": 1,
            "time_in_week": 2
        }
    },
    {
        "model": "api.lesson",
        "pk": 220,
        "fields": {
            "created_by_user": null,
            "deleted": "b'\\x00'",
            "modified_by_user": null,
            "school_id": 1,
            "code": "111268",
            "course_unit": 2,
            "degree": 3,
            "field": 3,
            "gender": 3,
            "level": 11,
            "name": "\u0627\u0646\u0633\u0627\u0646 \u0648 \u0645\u062d\u06cc\u0638 \u0632\u06cc\u0633\u062a",
            "state": 1,
            "time_in_week": 2
        }
    },
    {
        "model": "api.lesson",
        "pk": 221,
        "fields": {
            "created_by_user": null,
            "deleted": "b'\\x00'",
            "modified_by_user": null,
            "school_id": 1,
            "code": "111218",
            "course_unit": 3,
            "degree": 3,
            "field": 3,
            "gender": 3,
            "level": 11,
            "name": "\u062c\u063a\u0631\u0627\u0641\u06cc\u0627 2",
            "state": 1,
            "time_in_week": 3
        }
    },
    {
        "model": "api.lesson",
        "pk": 222,
        "fields": {
            "created_by_user": null,
            "deleted": "b'\\x00'",
            "modified_by_user": null,
            "school_id": 1,
            "code": "111224",
            "course_unit": 2,
            "degree": 3,
            "field": 3,
            "gender": 3,
            "level": 11,
            "name": "\u0631\u0648\u0627\u0646\u0634\u0646\u0627\u0633\u06cc",
            "state": 1,
            "time_in_week": 2
        }
    },
    {
        "model": "api.lesson",
        "pk": 223,
        "fields": {
            "created_by_user": null,
            "deleted": "b'\\x00'",
            "modified_by_user": null,
            "school_id": 1,
            "code": "111226",
            "course_unit": 2,
            "degree": 3,
            "field": 3,
            "gender": 3,
            "level": 11,
            "name": "\u0641\u0644\u0633\u0641\u0647 1",
            "state": 1,
            "time_in_week": 2
        }
    },
    {
        "model": "api.lesson",
        "pk": 224,
        "fields": {
            "created_by_user": null,
            "deleted": "b'\\x00'",
            "modified_by_user": null,
            "school_id": 1,
            "code": "110222",
            "course_unit": 2,
            "degree": 3,
            "field": 3,
            "gender": 3,
            "level": 11,
            "name": "\u0647\u0646\u0631",
            "state": 1,
            "time_in_week": 2
        }
    },
    {
        "model": "api.lesson",
        "pk": 225,
        "fields": {
            "created_by_user": null,
            "deleted": "b'\\x00'",
            "modified_by_user": null,
            "school_id": 1,
            "code": "110224",
            "course_unit": 2,
            "degree": 3,
            "field": 3,
            "gender": 3,
            "level": 11,
            "name": "\u06a9\u0627\u0631\u06af\u0627\u0647 \u06a9\u0627\u0631\u0622\u0641\u0631\u06cc\u0646\u06cc \u0648 \u062a\u0648\u0644\u06cc\u062f",
            "state": 1,
            "time_in_week": 2
        }
    },
    {
        "model": "api.lesson",
        "pk": 226,
        "fields": {
            "created_by_user": null,
            "deleted": "b'\\x00'",
            "modified_by_user": null,
            "school_id": 1,
            "code": "110225",
            "course_unit": 2,
            "degree": 3,
            "field": 3,
            "gender": 3,
            "level": 11,
            "name": "\u062a\u0641\u06a9\u0631 \u0648 \u0633\u0648\u0627\u062f \u0631\u0633\u0627\u0646\u0647 \u0627\u06cc",
            "state": 1,
            "time_in_week": 2
        }
    },
    {
        "model": "api.lesson",
        "pk": 227,
        "fields": {
            "created_by_user": null,
            "deleted": "b'\\x00'",
            "modified_by_user": null,
            "school_id": 1,
            "code": "111230",
            "course_unit": 3,
            "degree": 3,
            "field": 3,
            "gender": 3,
            "level": 11,
            "name": "\u0627\u0646\u06af\u0644\u06cc\u0633\u06cc 2",
            "state": 1,
            "time_in_week": 3
        }
    },
    {
        "model": "api.lesson",
        "pk": 228,
        "fields": {
            "created_by_user": null,
            "deleted": "b'\\x00'",
            "modified_by_user": null,
            "school_id": 1,
            "code": "110231",
            "course_unit": 2,
            "degree": 3,
            "field": 3,
            "gender": 3,
            "level": 11,
            "name": "\u062a\u0631\u0628\u06cc\u062a \u0628\u062f\u0646\u06cc 2",
            "state": 1,
            "time_in_week": 2
        }
    },
    {
        "model": "api.lesson",
        "pk": 229,
        "fields": {
            "created_by_user": null,
            "deleted": "b'\\x00'",
            "modified_by_user": null,
            "school_id": 1,
            "code": "112201",
            "course_unit": 2,
            "degree": 3,
            "field": 3,
            "gender": 3,
            "level": 12,
            "name": "\u0641\u0627\u0631\u0633\u06cc 3",
            "state": 1,
            "time_in_week": 2
        }
    },
    {
        "model": "api.lesson",
        "pk": 230,
        "fields": {
            "created_by_user": null,
            "deleted": "b'\\x00'",
            "modified_by_user": null,
            "school_id": 1,
            "code": "112203",
            "course_unit": 2,
            "degree": 3,
            "field": 3,
            "gender": 3,
            "level": 12,
            "name": "\u0639\u0644\u0648\u0645 \u0648 \u0641\u0646\u0648\u0646 \u0627\u062f\u0628\u06cc 3",
            "state": 1,
            "time_in_week": 2
        }
    },
    {
        "model": "api.lesson",
        "pk": 231,
        "fields": {
            "created_by_user": null,
            "deleted": "b'\\x00'",
            "modified_by_user": null,
            "school_id": 1,
            "code": "112219",
            "course_unit": 2,
            "degree": 3,
            "field": 3,
            "gender": 3,
            "level": 12,
            "name": "\u062a\u0627\u0631\u06cc\u062e 3",
            "state": 1,
            "time_in_week": 2
        }
    },
    {
        "model": "api.lesson",
        "pk": 232,
        "fields": {
            "created_by_user": null,
            "deleted": "b'\\x00'",
            "modified_by_user": null,
            "school_id": 1,
            "code": "112222",
            "course_unit": 3,
            "degree": 3,
            "field": 3,
            "gender": 3,
            "level": 12,
            "name": "\u062c\u0627\u0645\u0639\u0647 \u0634\u0646\u0627\u0633\u06cc 3",
            "state": 1,
            "time_in_week": 3
        }
    },
    {
        "model": "api.lesson",
        "pk": 233,
        "fields": {
            "created_by_user": null,
            "deleted": "b'\\x00'",
            "modified_by_user": null,
            "school_id": 1,
            "code": "112202",
            "course_unit": 2,
            "degree": 3,
            "field": 3,
            "gender": 3,
            "level": 12,
            "name": "\u0646\u06af\u0627\u0631\u0634 3",
            "state": 1,
            "time_in_week": 2
        }
    },
    {
        "model": "api.lesson",
        "pk": 234,
        "fields": {
            "created_by_user": null,
            "deleted": "b'\\x00'",
            "modified_by_user": null,
            "school_id": 1,
            "code": "112204",
            "course_unit": 3,
            "degree": 3,
            "field": 3,
            "gender": 3,
            "level": 12,
            "name": "\u062f\u06cc\u0646 \u0648 \u0632\u0646\u062f\u06af\u06cc 3",
            "state": 1,
            "time_in_week": 3
        }
    },
    {
        "model": "api.lesson",
        "pk": 235,
        "fields": {
            "created_by_user": null,
            "deleted": "b'\\x00'",
            "modified_by_user": null,
            "school_id": 1,
            "code": "112207",
            "course_unit": 2,
            "degree": 3,
            "field": 3,
            "gender": 3,
            "level": 12,
            "name": "\u0639\u0631\u0628\u06cc 3",
            "state": 1,
            "time_in_week": 2
        }
    },
    {
        "model": "api.lesson",
        "pk": 236,
        "fields": {
            "created_by_user": null,
            "deleted": "b'\\x00'",
            "modified_by_user": null,
            "school_id": 1,
            "code": "112212",
            "course_unit": 2,
            "degree": 3,
            "field": 3,
            "gender": 3,
            "level": 12,
            "name": "\u0631\u06cc\u0627\u0636\u06cc \u0648 \u0622\u0645\u0627\u0631 3",
            "state": 1,
            "time_in_week": 2
        }
    },
    {
        "model": "api.lesson",
        "pk": 237,
        "fields": {
            "created_by_user": null,
            "deleted": "b'\\x00'",
            "modified_by_user": null,
            "school_id": 1,
            "code": "112268",
            "course_unit": 2,
            "degree": 3,
            "field": 3,
            "gender": 3,
            "level": 12,
            "name": "\u0633\u0644\u0627\u0645\u062a \u0648 \u0628\u0647\u062f\u0627\u0634\u062a",
            "state": 1,
            "time_in_week": 2
        }
    },
    {
        "model": "api.lesson",
        "pk": 238,
        "fields": {
            "created_by_user": null,
            "deleted": "b'\\x00'",
            "modified_by_user": null,
            "school_id": 1,
            "code": "112218",
            "course_unit": 2,
            "degree": 3,
            "field": 3,
            "gender": 3,
            "level": 12,
            "name": "\u062c\u063a\u0631\u0627\u0641\u06cc\u0627 3",
            "state": 1,
            "time_in_week": 2
        }
    },
    {
        "model": "api.lesson",
        "pk": 239,
        "fields": {
            "created_by_user": null,
            "deleted": "b'\\x00'",
            "modified_by_user": null,
            "school_id": 1,
            "code": "112223",
            "course_unit": 2,
            "degree": 3,
            "field": 3,
            "gender": 3,
            "level": 12,
            "name": "\u0645\u0637\u0627\u0644\u0639\u0627\u062a \u0641\u0631\u0647\u0646\u06af\u06cc",
            "state": 1,
            "time_in_week": 2
        }
    },
    {
        "model": "api.lesson",
        "pk": 240,
        "fields": {
            "created_by_user": null,
            "deleted": "b'\\x00'",
            "modified_by_user": null,
            "school_id": 1,
            "code": "112226",
            "course_unit": 2,
            "degree": 3,
            "field": 3,
            "gender": 3,
            "level": 12,
            "name": "\u0641\u0644\u0633\u0641\u0647 2",
            "state": 1,
            "time_in_week": 2
        }
    },
    {
        "model": "api.lesson",
        "pk": 241,
        "fields": {
            "created_by_user": null,
            "deleted": "b'\\x00'",
            "modified_by_user": null,
            "school_id": 1,
            "code": "1112241",
            "course_unit": 2,
            "degree": 3,
            "field": 3,
            "gender": 1,
            "level": 12,
            "name": "\u0645\u062f\u06cc\u0631\u06cc\u062a \u062e\u0627\u0646\u0648\u0627\u062f\u0647 \u0648 \u0633\u0628\u06a9 \u0632\u0646\u062f\u06af\u06cc",
            "state": 1,
            "time_in_week": 2
        }
    },
    {
        "model": "api.lesson",
        "pk": 242,
        "fields": {
            "created_by_user": null,
            "deleted": "b'\\x00'",
            "modified_by_user": null,
            "school_id": 1,
            "code": "1112240",
            "course_unit": 2,
            "degree": 3,
            "field": 3,
            "gender": 2,
            "level": 12,
            "name": "\u0645\u062f\u06cc\u0631\u06cc\u062a \u062e\u0627\u0646\u0648\u0627\u062f\u0647 \u0648 \u0633\u0628\u06a9 \u0632\u0646\u062f\u06af\u06cc",
            "state": 1,
            "time_in_week": 2
        }
    },
    {
        "model": "api.lesson",
        "pk": 243,
        "fields": {
            "created_by_user": null,
            "deleted": "b'\\x00'",
            "modified_by_user": null,
            "school_id": 1,
            "code": "112230",
            "course_unit": 4,
            "degree": 3,
            "field": 3,
            "gender": 3,
            "level": 12,
            "name": "\u0627\u0646\u06af\u0644\u06cc\u0633\u06cc 3",
            "state": 1,
            "time_in_week": 4
        }
    },
    {
        "model": "api.lesson",
        "pk": 244,
        "fields": {
            "created_by_user": null,
            "deleted": "b'\\x00'",
            "modified_by_user": null,
            "school_id": 1,
            "code": "110231",
            "course_unit": 2,
            "degree": 3,
            "field": 3,
            "gender": 3,
            "level": 12,
            "name": "\u062a\u0631\u0628\u06cc\u062a \u0628\u062f\u0646\u06cc 3",
            "state": 1,
            "time_in_week": 2
        }
    },
    {
        "model": "api.lesson",
        "pk": 245,
        "fields": {
            "created_by_user": null,
            "deleted": "b'\\x00'",
            "modified_by_user": null,
            "school_id": 1,
            "code": "110226",
            "course_unit": 1,
            "degree": 3,
            "field": 4,
            "gender": 1,
            "level": 10,
            "name": "\u0627\u062d\u06a9\u0627\u0645 1",
            "state": 1,
            "time_in_week": 1
        }
    },
    {
        "model": "api.lesson",
        "pk": 246,
        "fields": {
            "created_by_user": null,
            "deleted": "b'\\x00'",
            "modified_by_user": null,
            "school_id": 1,
            "code": "110227",
            "course_unit": 3,
            "degree": 3,
            "field": 4,
            "gender": 3,
            "level": 10,
            "name": "\u0627\u0635\u0648\u0644 \u0639\u0642\u0627\u06cc\u062f 1",
            "state": 1,
            "time_in_week": 3
        }
    },
    {
        "model": "api.lesson",
        "pk": 247,
        "fields": {
            "created_by_user": null,
            "deleted": "b'\\x00'",
            "modified_by_user": null,
            "school_id": 1,
            "code": "110225",
            "course_unit": 1,
            "degree": 3,
            "field": 4,
            "gender": 3,
            "level": 10,
            "name": "\u0627\u062e\u0644\u0627\u0642 1",
            "state": 1,
            "time_in_week": 1
        }
    },
    {
        "model": "api.lesson",
        "pk": 248,
        "fields": {
            "created_by_user": null,
            "deleted": "b'\\x00'",
            "modified_by_user": null,
            "school_id": 1,
            "code": "110224",
            "course_unit": 2,
            "degree": 3,
            "field": 4,
            "gender": 3,
            "level": 10,
            "name": "\u0639\u0644\u0648\u0645 \u0648 \u0645\u0639\u0627\u0631\u0641 \u0642\u0631\u0622\u0646\u06cc 1",
            "state": 1,
            "time_in_week": 2
        }
    },
    {
        "model": "api.lesson",
        "pk": 249,
        "fields": {
            "created_by_user": null,
            "deleted": "b'\\x00'",
            "modified_by_user": null,
            "school_id": 1,
            "code": "110202",
            "course_unit": 2,
            "degree": 3,
            "field": 4,
            "gender": 3,
            "level": 10,
            "name": "\u0646\u06af\u0627\u0631\u0634 1",
            "state": 1,
            "time_in_week": 2
        }
    },
    {
        "model": "api.lesson",
        "pk": 250,
        "fields": {
            "created_by_user": null,
            "deleted": "b'\\x00'",
            "modified_by_user": null,
            "school_id": 1,
            "code": "110204",
            "course_unit": 2,
            "degree": 3,
            "field": 4,
            "gender": 3,
            "level": 10,
            "name": "\u0641\u0627\u0631\u0633\u06cc 1",
            "state": 1,
            "time_in_week": 2
        }
    },
    {
        "model": "api.lesson",
        "pk": 251,
        "fields": {
            "created_by_user": null,
            "deleted": "b'\\x00'",
            "modified_by_user": null,
            "school_id": 1,
            "code": "110208",
            "course_unit": 3,
            "degree": 3,
            "field": 4,
            "gender": 3,
            "level": 10,
            "name": "\u0639\u0631\u0628\u06cc 1",
            "state": 1,
            "time_in_week": 3
        }
    },
    {
        "model": "api.lesson",
        "pk": 252,
        "fields": {
            "created_by_user": null,
            "deleted": "b'\\x00'",
            "modified_by_user": null,
            "school_id": 1,
            "code": "110211",
            "course_unit": 3,
            "degree": 3,
            "field": 4,
            "gender": 3,
            "level": 10,
            "name": "\u0631\u06cc\u0627\u0636\u06cc \u0648 \u0622\u0645\u0627\u0631 1",
            "state": 1,
            "time_in_week": 3
        }
    },
    {
        "model": "api.lesson",
        "pk": 253,
        "fields": {
            "created_by_user": null,
            "deleted": "b'\\x00'",
            "modified_by_user": null,
            "school_id": 1,
            "code": "110215",
            "course_unit": 3,
            "degree": 3,
            "field": 4,
            "gender": 3,
            "level": 10,
            "name": "\u0627\u0645\u0627\u062f\u06af\u06cc \u062f\u0641\u0627\u0639\u06cc 1",
            "state": 1,
            "time_in_week": 3
        }
    },
    {
        "model": "api.lesson",
        "pk": 254,
        "fields": {
            "created_by_user": null,
            "deleted": "b'\\x00'",
            "modified_by_user": null,
            "school_id": 1,
            "code": "110218",
            "course_unit": 2,
            "degree": 3,
            "field": 4,
            "gender": 3,
            "level": 10,
            "name": "\u062c\u063a\u0631\u0627\u0641\u06cc\u0627\u06cc \u0627\u06cc\u0631\u0627\u0646",
            "state": 1,
            "time_in_week": 2
        }
    },
    {
        "model": "api.lesson",
        "pk": 255,
        "fields": {
            "created_by_user": null,
            "deleted": "b'\\x00'",
            "modified_by_user": null,
            "school_id": 1,
            "code": "110233",
            "course_unit": 2,
            "degree": 3,
            "field": 4,
            "gender": 3,
            "level": 10,
            "name": "\u062a\u0627\u0631\u06cc\u062e 1",
            "state": 1,
            "time_in_week": 2
        }
    },
    {
        "model": "api.lesson",
        "pk": 256,
        "fields": {
            "created_by_user": null,
            "deleted": "b'\\x00'",
            "modified_by_user": null,
            "school_id": 1,
            "code": "110223",
            "course_unit": 2,
            "degree": 3,
            "field": 4,
            "gender": 3,
            "level": 10,
            "name": "\u0645\u0646\u0637\u0642",
            "state": 1,
            "time_in_week": 2
        }
    },
    {
        "model": "api.lesson",
        "pk": 257,
        "fields": {
            "created_by_user": null,
            "deleted": "b'\\x00'",
            "modified_by_user": null,
            "school_id": 1,
            "code": "110222",
            "course_unit": 2,
            "degree": 3,
            "field": 4,
            "gender": 3,
            "level": 10,
            "name": "\u0647\u0646\u0631",
            "state": 1,
            "time_in_week": 2
        }
    },
    {
        "model": "api.lesson",
        "pk": 258,
        "fields": {
            "created_by_user": null,
            "deleted": "b'\\x00'",
            "modified_by_user": null,
            "school_id": 1,
            "code": "110224",
            "course_unit": 2,
            "degree": 3,
            "field": 4,
            "gender": 3,
            "level": 10,
            "name": "\u06a9\u0627\u0631\u06af\u0627\u0647 \u06a9\u0627\u0631\u0622\u0641\u0631\u06cc\u0646\u06cc \u0648 \u062a\u0648\u0644\u06cc\u062f",
            "state": 1,
            "time_in_week": 2
        }
    },
    {
        "model": "api.lesson",
        "pk": 259,
        "fields": {
            "created_by_user": null,
            "deleted": "b'\\x00'",
            "modified_by_user": null,
            "school_id": 1,
            "code": "110225",
            "course_unit": 2,
            "degree": 3,
            "field": 4,
            "gender": 3,
            "level": 10,
            "name": "\u062a\u0641\u06a9\u0631 \u0648 \u0633\u0648\u0627\u062f \u0631\u0633\u0627\u0646\u0647 \u0627\u06cc",
            "state": 1,
            "time_in_week": 2
        }
    },
    {
        "model": "api.lesson",
        "pk": 260,
        "fields": {
            "created_by_user": null,
            "deleted": "b'\\x00'",
            "modified_by_user": null,
            "school_id": 1,
            "code": "110220",
            "course_unit": 2,
            "degree": 3,
            "field": 4,
            "gender": 3,
            "level": 10,
            "name": "\u062c\u0627\u0645\u0639\u0647 \u0634\u0646\u0627\u0633\u06cc",
            "state": 1,
            "time_in_week": 2
        }
    },
    {
        "model": "api.lesson",
        "pk": 261,
        "fields": {
            "created_by_user": null,
            "deleted": "b'\\x00'",
            "modified_by_user": null,
            "school_id": 1,
            "code": "110230",
            "course_unit": 3,
            "degree": 3,
            "field": 4,
            "gender": 3,
            "level": 10,
            "name": "\u0627\u0646\u06af\u0644\u06cc\u0633\u06cc 1",
            "state": 1,
            "time_in_week": 3
        }
    },
    {
        "model": "api.lesson",
        "pk": 262,
        "fields": {
            "created_by_user": null,
            "deleted": "b'\\x00'",
            "modified_by_user": null,
            "school_id": 1,
            "code": "110231",
            "course_unit": 2,
            "degree": 3,
            "field": 4,
            "gender": 3,
            "level": 10,
            "name": "\u062a\u0631\u0628\u06cc\u062a \u0628\u062f\u0646\u06cc 1",
            "state": 1,
            "time_in_week": 2
        }
    },
    {
        "model": "api.lesson",
        "pk": 263,
        "fields": {
            "created_by_user": null,
            "deleted": "b'\\x00'",
            "modified_by_user": null,
            "school_id": 1,
            "code": "110203",
            "course_unit": 2,
            "degree": 3,
            "field": 4,
            "gender": 3,
            "level": 10,
            "name": "\u0639\u0644\u0648\u0645 \u0648 \u0641\u0646\u0648\u0646 \u0627\u062f\u0628\u06cc 1",
            "state": 1,
            "time_in_week": 2
        }
    },
    {
        "model": "api.lesson",
        "pk": 264,
        "fields": {
            "created_by_user": null,
            "deleted": "b'\\x00'",
            "modified_by_user": null,
            "school_id": 1,
            "code": "111227",
            "course_unit": 1,
            "degree": 3,
            "field": 4,
            "gender": 1,
            "level": 11,
            "name": "\u0627\u062d\u06a9\u0627\u0645 2",
            "state": 1,
            "time_in_week": 1
        }
    },
    {
        "model": "api.lesson",
        "pk": 265,
        "fields": {
            "created_by_user": null,
            "deleted": "b'\\x00'",
            "modified_by_user": null,
            "school_id": 1,
            "code": "111232",
            "course_unit": 3,
            "degree": 3,
            "field": 4,
            "gender": 3,
            "level": 11,
            "name": "\u0627\u0635\u0648\u0644 \u0639\u0642\u0627\u06cc\u062f 2",
            "state": 1,
            "time_in_week": 3
        }
    },
    {
        "model": "api.lesson",
        "pk": 266,
        "fields": {
            "created_by_user": null,
            "deleted": "b'\\x00'",
            "modified_by_user": null,
            "school_id": 1,
            "code": "111235",
            "course_unit": 1,
            "degree": 3,
            "field": 4,
            "gender": 3,
            "level": 11,
            "name": "\u0627\u062e\u0644\u0627\u0642 2",
            "state": 1,
            "time_in_week": 1
        }
    },
    {
        "model": "api.lesson",
        "pk": 267,
        "fields": {
            "created_by_user": null,
            "deleted": "b'\\x00'",
            "modified_by_user": null,
            "school_id": 1,
            "code": "111234",
            "course_unit": 2,
            "degree": 3,
            "field": 4,
            "gender": 3,
            "level": 11,
            "name": "\u0639\u0644\u0648\u0645 \u0648 \u0645\u0639\u0627\u0631\u0641 \u0642\u0631\u0622\u0646\u06cc 2",
            "state": 1,
            "time_in_week": 2
        }
    },
    {
        "model": "api.lesson",
        "pk": 268,
        "fields": {
            "created_by_user": null,
            "deleted": "b'\\x00'",
            "modified_by_user": null,
            "school_id": 1,
            "code": "110202",
            "course_unit": 2,
            "degree": 3,
            "field": 4,
            "gender": 3,
            "level": 11,
            "name": "\u0639\u0644\u0648\u0645 \u0648 \u0641\u0646\u0648\u0646 \u0627\u062f\u0628\u06cc 2",
            "state": 1,
            "time_in_week": 2
        }
    },
    {
        "model": "api.lesson",
        "pk": 269,
        "fields": {
            "created_by_user": null,
            "deleted": "b'\\x00'",
            "modified_by_user": null,
            "school_id": 1,
            "code": "111202",
            "course_unit": 2,
            "degree": 3,
            "field": 4,
            "gender": 3,
            "level": 11,
            "name": "\u0646\u06af\u0627\u0631\u0634 2",
            "state": 1,
            "time_in_week": 2
        }
    },
    {
        "model": "api.lesson",
        "pk": 270,
        "fields": {
            "created_by_user": null,
            "deleted": "b'\\x00'",
            "modified_by_user": null,
            "school_id": 1,
            "code": "111201",
            "course_unit": 2,
            "degree": 3,
            "field": 4,
            "gender": 3,
            "level": 11,
            "name": "\u0641\u0627\u0631\u0633\u06cc 2",
            "state": 1,
            "time_in_week": 2
        }
    },
    {
        "model": "api.lesson",
        "pk": 271,
        "fields": {
            "created_by_user": null,
            "deleted": "b'\\x00'",
            "modified_by_user": null,
            "school_id": 1,
            "code": "111208",
            "course_unit": 3,
            "degree": 3,
            "field": 4,
            "gender": 3,
            "level": 11,
            "name": "\u0639\u0631\u0628\u06cc 2",
            "state": 1,
            "time_in_week": 3
        }
    },
    {
        "model": "api.lesson",
        "pk": 272,
        "fields": {
            "created_by_user": null,
            "deleted": "b'\\x00'",
            "modified_by_user": null,
            "school_id": 1,
            "code": "111212",
            "course_unit": 2,
            "degree": 3,
            "field": 4,
            "gender": 3,
            "level": 11,
            "name": "\u0631\u06cc\u0627\u0636\u06cc \u0648 \u0622\u0645\u0627\u0631 2",
            "state": 1,
            "time_in_week": 2
        }
    },
    {
        "model": "api.lesson",
        "pk": 273,
        "fields": {
            "created_by_user": null,
            "deleted": "b'\\x00'",
            "modified_by_user": null,
            "school_id": 1,
            "code": "111268",
            "course_unit": 2,
            "degree": 3,
            "field": 4,
            "gender": 3,
            "level": 11,
            "name": "\u0627\u0646\u0633\u0627\u0646 \u0648 \u0645\u062d\u06cc\u0637 \u0632\u06cc\u0633\u062a",
            "state": 1,
            "time_in_week": 2
        }
    },
    {
        "model": "api.lesson",
        "pk": 274,
        "fields": {
            "created_by_user": null,
            "deleted": "b'\\x00'",
            "modified_by_user": null,
            "school_id": 1,
            "code": "111233",
            "course_unit": 2,
            "degree": 3,
            "field": 4,
            "gender": 3,
            "level": 11,
            "name": "\u062a\u0627\u0631\u06cc\u062e 2",
            "state": 1,
            "time_in_week": 2
        }
    },
    {
        "model": "api.lesson",
        "pk": 275,
        "fields": {
            "created_by_user": null,
            "deleted": "b'\\x00'",
            "modified_by_user": null,
            "school_id": 1,
            "code": "111226",
            "course_unit": 2,
            "degree": 3,
            "field": 4,
            "gender": 3,
            "level": 11,
            "name": "\u0641\u0644\u0633\u0641\u0647 1",
            "state": 1,
            "time_in_week": 2
        }
    },
    {
        "model": "api.lesson",
        "pk": 276,
        "fields": {
            "created_by_user": null,
            "deleted": "b'\\x00'",
            "modified_by_user": null,
            "school_id": 1,
            "code": "110221",
            "course_unit": 2,
            "degree": 3,
            "field": 4,
            "gender": 3,
            "level": 11,
            "name": "\u0627\u0642\u062a\u0635\u0627\u062f",
            "state": 1,
            "time_in_week": 2
        }
    },
    {
        "model": "api.lesson",
        "pk": 277,
        "fields": {
            "created_by_user": null,
            "deleted": "b'\\x00'",
            "modified_by_user": null,
            "school_id": 1,
            "code": "110222",
            "course_unit": 2,
            "degree": 3,
            "field": 4,
            "gender": 3,
            "level": 11,
            "name": "\u0647\u0646\u0631",
            "state": 1,
            "time_in_week": 2
        }
    },
    {
        "model": "api.lesson",
        "pk": 278,
        "fields": {
            "created_by_user": null,
            "deleted": "b'\\x00'",
            "modified_by_user": null,
            "school_id": 1,
            "code": "110224",
            "course_unit": 2,
            "degree": 3,
            "field": 4,
            "gender": 3,
            "level": 11,
            "name": "\u06a9\u0627\u0631\u06af\u0627\u0647 \u06a9\u0627\u0631\u0622\u0641\u0631\u06cc\u0646\u06cc \u0648 \u062a\u0648\u0644\u06cc\u062f",
            "state": 1,
            "time_in_week": 2
        }
    },
    {
        "model": "api.lesson",
        "pk": 279,
        "fields": {
            "created_by_user": null,
            "deleted": "b'\\x00'",
            "modified_by_user": null,
            "school_id": 1,
            "code": "110225",
            "course_unit": 2,
            "degree": 3,
            "field": 4,
            "gender": 3,
            "level": 11,
            "name": "\u062a\u0641\u06a9\u0631 \u0648 \u0633\u0648\u0627\u062f \u0631\u0633\u0627\u0646\u0647 \u0627\u06cc",
            "state": 1,
            "time_in_week": 2
        }
    },
    {
        "model": "api.lesson",
        "pk": 280,
        "fields": {
            "created_by_user": null,
            "deleted": "b'\\x00'",
            "modified_by_user": null,
            "school_id": 1,
            "code": "110220",
            "course_unit": 2,
            "degree": 3,
            "field": 4,
            "gender": 3,
            "level": 11,
            "name": "\u0631\u0648\u0627\u0646\u0634\u0646\u0627\u0633\u06cc",
            "state": 1,
            "time_in_week": 2
        }
    },
    {
        "model": "api.lesson",
        "pk": 281,
        "fields": {
            "created_by_user": null,
            "deleted": "b'\\x00'",
            "modified_by_user": null,
            "school_id": 1,
            "code": "110220",
            "course_unit": 2,
            "degree": 3,
            "field": 4,
            "gender": 3,
            "level": 11,
            "name": "\u0645\u0637\u0627\u0644\u0639\u0627\u062a \u0641\u0631\u0647\u0646\u06af\u06cc",
            "state": 1,
            "time_in_week": 2
        }
    },
    {
        "model": "api.lesson",
        "pk": 282,
        "fields": {
            "created_by_user": null,
            "deleted": "b'\\x00'",
            "modified_by_user": null,
            "school_id": 1,
            "code": "110230",
            "course_unit": 3,
            "degree": 3,
            "field": 4,
            "gender": 3,
            "level": 11,
            "name": "\u0627\u0646\u06af\u0644\u06cc\u0633\u06cc 2",
            "state": 1,
            "time_in_week": 3
        }
    },
    {
        "model": "api.lesson",
        "pk": 283,
        "fields": {
            "created_by_user": null,
            "deleted": "b'\\x00'",
            "modified_by_user": null,
            "school_id": 1,
            "code": "110231",
            "course_unit": 2,
            "degree": 3,
            "field": 4,
            "gender": 3,
            "level": 11,
            "name": "\u062a\u0631\u0628\u06cc\u062a \u0628\u062f\u0646\u06cc 2",
            "state": 1,
            "time_in_week": 2
        }
    },
    {
        "model": "api.lesson",
        "pk": 284,
        "fields": {
            "created_by_user": null,
            "deleted": "b'\\x00'",
            "modified_by_user": null,
            "school_id": 1,
            "code": "111227",
            "course_unit": 1,
            "degree": 3,
            "field": 4,
            "gender": 1,
            "level": 12,
            "name": "\u0627\u062d\u06a9\u0627\u0645 3",
            "state": 1,
            "time_in_week": 1
        }
    },
    {
        "model": "api.lesson",
        "pk": 285,
        "fields": {
            "created_by_user": null,
            "deleted": "b'\\x00'",
            "modified_by_user": null,
            "school_id": 1,
            "code": "111232",
            "course_unit": 3,
            "degree": 3,
            "field": 4,
            "gender": 3,
            "level": 12,
            "name": "\u0627\u0635\u0648\u0644 \u0639\u0642\u0627\u06cc\u062f 3",
            "state": 1,
            "time_in_week": 3
        }
    },
    {
        "model": "api.lesson",
        "pk": 286,
        "fields": {
            "created_by_user": null,
            "deleted": "b'\\x00'",
            "modified_by_user": null,
            "school_id": 1,
            "code": "111235",
            "course_unit": 1,
            "degree": 3,
            "field": 4,
            "gender": 3,
            "level": 12,
            "name": "\u0627\u062e\u0644\u0627\u0642 3",
            "state": 1,
            "time_in_week": 1
        }
    },
    {
        "model": "api.lesson",
        "pk": 287,
        "fields": {
            "created_by_user": null,
            "deleted": "b'\\x00'",
            "modified_by_user": null,
            "school_id": 1,
            "code": "111234",
            "course_unit": 2,
            "degree": 3,
            "field": 4,
            "gender": 3,
            "level": 12,
            "name": "\u0639\u0644\u0648\u0645 \u0648 \u0645\u0639\u0627\u0631\u0641 \u0642\u0631\u0622\u0646\u06cc 3",
            "state": 1,
            "time_in_week": 2
        }
    },
    {
        "model": "api.lesson",
        "pk": 288,
        "fields": {
            "created_by_user": null,
            "deleted": "b'\\x00'",
            "modified_by_user": null,
            "school_id": 1,
            "code": "110202",
            "course_unit": 2,
            "degree": 3,
            "field": 4,
            "gender": 3,
            "level": 12,
            "name": "\u0639\u0644\u0648\u0645 \u0648 \u0641\u0646\u0648\u0646 \u0627\u062f\u0628\u06cc 3",
            "state": 1,
            "time_in_week": 2
        }
    },
    {
        "model": "api.lesson",
        "pk": 289,
        "fields": {
            "created_by_user": null,
            "deleted": "b'\\x00'",
            "modified_by_user": null,
            "school_id": 1,
            "code": "111202",
            "course_unit": 2,
            "degree": 3,
            "field": 4,
            "gender": 3,
            "level": 12,
            "name": "\u0646\u06af\u0627\u0631\u0634 3",
            "state": 1,
            "time_in_week": 2
        }
    },
    {
        "model": "api.lesson",
        "pk": 290,
        "fields": {
            "created_by_user": null,
            "deleted": "b'\\x00'",
            "modified_by_user": null,
            "school_id": 1,
            "code": "111201",
            "course_unit": 2,
            "degree": 3,
            "field": 4,
            "gender": 3,
            "level": 12,
            "name": "\u0641\u0627\u0631\u0633\u06cc 3",
            "state": 1,
            "time_in_week": 2
        }
    },
    {
        "model": "api.lesson",
        "pk": 291,
        "fields": {
            "created_by_user": null,
            "deleted": "b'\\x00'",
            "modified_by_user": null,
            "school_id": 1,
            "code": "111208",
            "course_unit": 4,
            "degree": 3,
            "field": 4,
            "gender": 3,
            "level": 12,
            "name": "\u0639\u0631\u0628\u06cc 3",
            "state": 1,
            "time_in_week": 4
        }
    },
    {
        "model": "api.lesson",
        "pk": 292,
        "fields": {
            "created_by_user": null,
            "deleted": "b'\\x00'",
            "modified_by_user": null,
            "school_id": 1,
            "code": "111212",
            "course_unit": 2,
            "degree": 3,
            "field": 4,
            "gender": 3,
            "level": 12,
            "name": "\u0631\u06cc\u0627\u0636\u06cc \u0648 \u0622\u0645\u0627\u0631 3",
            "state": 1,
            "time_in_week": 2
        }
    },
    {
        "model": "api.lesson",
        "pk": 293,
        "fields": {
            "created_by_user": null,
            "deleted": "b'\\x00'",
            "modified_by_user": null,
            "school_id": 1,
            "code": "111268",
            "course_unit": 2,
            "degree": 3,
            "field": 4,
            "gender": 3,
            "level": 12,
            "name": "\u0633\u0644\u0627\u0645\u062a \u0648 \u0628\u0647\u062f\u0627\u0634\u062a",
            "state": 1,
            "time_in_week": 2
        }
    },
    {
        "model": "api.lesson",
        "pk": 294,
        "fields": {
            "created_by_user": null,
            "deleted": "b'\\x00'",
            "modified_by_user": null,
            "school_id": 1,
            "code": "111233",
            "course_unit": 2,
            "degree": 3,
            "field": 4,
            "gender": 3,
            "level": 12,
            "name": "\u062a\u0627\u0631\u06cc\u062e 3",
            "state": 1,
            "time_in_week": 2
        }
    },
    {
        "model": "api.lesson",
        "pk": 295,
        "fields": {
            "created_by_user": null,
            "deleted": "b'\\x00'",
            "modified_by_user": null,
            "school_id": 1,
            "code": "111226",
            "course_unit": 2,
            "degree": 3,
            "field": 4,
            "gender": 3,
            "level": 12,
            "name": "\u0641\u0644\u0633\u0641\u0647 2",
            "state": 1,
            "time_in_week": 2
        }
    },
    {
        "model": "api.lesson",
        "pk": 296,
        "fields": {
            "created_by_user": null,
            "deleted": "b'\\x00'",
            "modified_by_user": null,
            "school_id": 1,
            "code": "1112240",
            "course_unit": 2,
            "degree": 3,
            "field": 4,
            "gender": 2,
            "level": 12,
            "name": "\u0645\u062f\u06cc\u0631\u06cc\u062a \u062e\u0627\u0646\u0648\u0627\u062f\u0647 \u0648 \u0633\u0628\u06a9 \u0632\u0646\u062f\u06af\u06cc",
            "state": 1,
            "time_in_week": 2
        }
    },
    {
        "model": "api.lesson",
        "pk": 297,
        "fields": {
            "created_by_user": null,
            "deleted": "b'\\x00'",
            "modified_by_user": null,
            "school_id": 1,
            "code": "1112241",
            "course_unit": 2,
            "degree": 3,
            "field": 4,
            "gender": 1,
            "level": 12,
            "name": "\u0645\u062f\u06cc\u0631\u06cc\u062a \u062e\u0627\u0646\u0648\u0627\u062f\u0647 \u0648 \u0633\u0628\u06a9 \u0632\u0646\u062f\u06af\u06cc",
            "state": 1,
            "time_in_week": 2
        }
    },
    {
        "model": "api.lesson",
        "pk": 298,
        "fields": {
            "created_by_user": null,
            "deleted": "b'\\x00'",
            "modified_by_user": null,
            "school_id": 1,
            "code": "112242",
            "course_unit": 2,
            "degree": 3,
            "field": 4,
            "gender": 3,
            "level": 12,
            "name": "\u062c\u0631\u06cc\u0627\u0646 \u0634\u0646\u0627\u0633\u06cc \u0627\u0646\u062f\u06cc\u0634\u0647 \u0647\u0627\u06cc \u0645\u0639\u0627\u0635\u0631",
            "state": 1,
            "time_in_week": 2
        }
    },
    {
        "model": "api.lesson",
        "pk": 299,
        "fields": {
            "created_by_user": null,
            "deleted": "b'\\x00'",
            "modified_by_user": null,
            "school_id": 1,
            "code": "110230",
            "course_unit": 4,
            "degree": 3,
            "field": 4,
            "gender": 3,
            "level": 12,
            "name": "\u0627\u0646\u06af\u0644\u06cc\u0633\u06cc 3",
            "state": 1,
            "time_in_week": 4
        }
    },
    {
        "model": "api.lesson",
        "pk": 300,
        "fields": {
            "created_by_user": null,
            "deleted": "b'\\x00'",
            "modified_by_user": null,
            "school_id": 1,
            "code": "110231",
            "course_unit": 2,
            "degree": 3,
            "field": 4,
            "gender": 3,
            "level": 12,
            "name": "\u062a\u0631\u0628\u06cc\u062a \u0628\u062f\u0646\u06cc 3",
            "state": 1,
            "time_in_week": 2
        }
    },
    {
        "model": "api.lesson",
        "pk": 301,
        "fields": {
            "created_by_user": null,
            "deleted": "b'\\x00'",
            "modified_by_user": null,
            "school_id": null,
            "code": null,
            "course_unit": 3,
            "degree": 3,
            "field": null,
            "gender": 3,
            "level": 1,
            "name": "Test",
            "state": 2,
            "time_in_week": 200
        }
    },
    {
        "model": "api.lesson",
        "pk": 302,
        "fields": {
            "created_by_user": null,
            "deleted": "b'\\x00'",
            "modified_by_user": null,
            "school_id": null,
            "code": null,
            "course_unit": 4,
            "degree": 3,
            "field": null,
            "gender": 1,
            "level": 11,
            "name": "\u0634\u06cc\u0645\u06cc 2",
            "state": null,
            "time_in_week": 180
        }
    },
    {
        "model": "api.menuitem",
        "pk": 1,
        "fields": {
            "created_by_user": null,
            "deleted": "b'\\x00'",
            "modified_by_user": null,
            "code": "m1",
            "name": "menu01",
            "title": "\u062f\u0627\u0634\u0628\u0648\u0631\u062f"
        }
    },
    {
        "model": "api.menuitem",
        "pk": 2,
        "fields": {
            "created_by_user": null,
            "deleted": "b'\\x00'",
            "modified_by_user": null,
            "code": "m2",
            "name": "menu02",
            "title": "\u06a9\u0627\u0631\u0628\u0631\u0627\u0646"
        }
    },
    {
        "model": "api.menuitem",
        "pk": 3,
        "fields": {
            "created_by_user": null,
            "deleted": "b'\\x00'",
            "modified_by_user": null,
            "code": "m2-1",
            "name": "menu02-1",
            "title": "\u06a9\u0644 \u06a9\u0627\u0631\u0628\u0631\u0627\u0646"
        }
    },
    {
        "model": "api.menuitem",
        "pk": 4,
        "fields": {
            "created_by_user": null,
            "deleted": "b'\\x00'",
            "modified_by_user": null,
            "code": "m2-2",
            "name": "menu02-2",
            "title": "\u0627\u0641\u0632\u0648\u062f\u0646 \u06a9\u0627\u0631\u0628\u0631 \u062c\u062f\u06cc\u062f"
        }
    },
    {
        "model": "api.menuitem",
        "pk": 5,
        "fields": {
            "created_by_user": null,
            "deleted": "b'\\x00'",
            "modified_by_user": null,
            "code": "m2-3",
            "name": "menu02-3",
            "title": "\u0627\u0641\u0632\u0648\u062f\u0646 \u06a9\u0627\u0631\u0628\u0631\u0627\u0646"
        }
    },
    {
        "model": "api.menuitem",
        "pk": 6,
        "fields": {
            "created_by_user": null,
            "deleted": "b'\\x00'",
            "modified_by_user": null,
            "code": "m3",
            "name": "menu03",
            "title": "\u0646\u0642\u0634 \u0647\u0627"
        }
    },
    {
        "model": "api.menuitem",
        "pk": 7,
        "fields": {
            "created_by_user": null,
            "deleted": "b'\\x00'",
            "modified_by_user": null,
            "code": "m3-1",
            "name": "menu03-1",
            "title": "\u0645\u062f\u06cc\u0631\u06cc\u062a \u0646\u0642\u0634 \u0647\u0627"
        }
    },
    {
        "model": "api.menuitem",
        "pk": 8,
        "fields": {
            "created_by_user": null,
            "deleted": "b'\\x00'",
            "modified_by_user": null,
            "code": "m3-2",
            "name": "menu03-2",
            "title": "\u0627\u0641\u0632\u0648\u062f\u0646 \u0646\u0642\u0634 \u062c\u062f\u06cc\u062f"
        }
    },
    {
        "model": "api.menuitem",
        "pk": 9,
        "fields": {
            "created_by_user": null,
            "deleted": "b'\\x00'",
            "modified_by_user": null,
            "code": "m4",
            "name": "menu04",
            "title": "\u067e\u0627\u06cc\u0647 \u0647\u0627\u06cc \u062a\u062d\u0635\u06cc\u0644\u06cc"
        }
    },
    {
        "model": "api.menuitem",
        "pk": 10,
        "fields": {
            "created_by_user": null,
            "deleted": "b'\\x00'",
            "modified_by_user": null,
            "code": "m4-1",
            "name": "menu04-1",
            "title": "\u0645\u062f\u06cc\u0631\u06cc\u062a \u067e\u0627\u06cc\u0647 \u0647\u0627"
        }
    },
    {
        "model": "api.menuitem",
        "pk": 11,
        "fields": {
            "created_by_user": null,
            "deleted": "b'\\x00'",
            "modified_by_user": null,
            "code": "m4-2",
            "name": "menu04-2",
            "title": "\u0627\u0641\u0632\u0648\u062f\u0646 \u067e\u0627\u06cc\u0647 \u062c\u062f\u06cc\u062f"
        }
    },
    {
        "model": "api.menuitem",
        "pk": 12,
        "fields": {
            "created_by_user": null,
            "deleted": "b'\\x00'",
            "modified_by_user": null,
            "code": "m5",
            "name": "menu05",
            "title": "\u062f\u0631\u0633 \u0647\u0627"
        }
    },
    {
        "model": "api.menuitem",
        "pk": 13,
        "fields": {
            "created_by_user": null,
            "deleted": "b'\\x00'",
            "modified_by_user": null,
            "code": "m5-1",
            "name": "menu05-1",
            "title": "\u0645\u062f\u06cc\u0631\u06cc\u062a \u062f\u0631\u0633 \u0647\u0627"
        }
    },
    {
        "model": "api.menuitem",
        "pk": 14,
        "fields": {
            "created_by_user": null,
            "deleted": "b'\\x00'",
            "modified_by_user": null,
            "code": "m5-2",
            "name": "menu05-2",
            "title": "\u0627\u0641\u0632\u0648\u062f\u0646 \u062f\u0631\u0633 \u062c\u062f\u06cc\u062f"
        }
    },
    {
        "model": "api.menuitem",
        "pk": 15,
        "fields": {
            "created_by_user": null,
            "deleted": "b'\\x00'",
            "modified_by_user": null,
            "code": "m6",
            "name": "menu06",
            "title": "\u06a9\u0644\u0627\u0633 \u0647\u0627"
        }
    },
    {
        "model": "api.menuitem",
        "pk": 16,
        "fields": {
            "created_by_user": null,
            "deleted": "b'\\x00'",
            "modified_by_user": null,
            "code": "m6-1",
            "name": "menu06-1",
            "title": "\u0645\u062f\u06cc\u0631\u06cc\u062a \u06a9\u0644\u0627\u0633 \u0647\u0627"
        }
    },
    {
        "model": "api.menuitem",
        "pk": 17,
        "fields": {
            "created_by_user": null,
            "deleted": "b'\\x00'",
            "modified_by_user": null,
            "code": "m6-2",
            "name": "menu06-2",
            "title": "\u0627\u0641\u0632\u0648\u062f\u0646 \u06a9\u0644\u0627\u0633 \u062c\u062f\u06cc\u062f"
        }
    },
    {
        "model": "api.menuitem",
        "pk": 18,
        "fields": {
            "created_by_user": null,
            "deleted": "b'\\x00'",
            "modified_by_user": null,
            "code": "m6-3",
            "name": "menu06-3",
            "title": "\u0634\u0631\u0648\u0639 \u06a9\u0644\u0627\u0633"
        }
    },
    {
        "model": "api.menuitem",
        "pk": 19,
        "fields": {
            "created_by_user": null,
            "deleted": "b'\\x00'",
            "modified_by_user": null,
            "code": "m6-4",
            "name": "menu06-4",
            "title": "\u0648\u0631\u0648\u062f \u0628\u0647 \u06a9\u0644\u0627\u0633"
        }
    },
    {
        "model": "api.menuitem",
        "pk": 20,
        "fields": {
            "created_by_user": null,
            "deleted": "b'\\x00'",
            "modified_by_user": null,
            "code": "m7",
            "name": "menu07",
            "title": "\u06af\u0632\u0627\u0631\u0634 \u0647\u0627"
        }
    },
    {
        "model": "api.menuitem",
        "pk": 21,
        "fields": {
            "created_by_user": null,
            "deleted": "b'\\x00'",
            "modified_by_user": null,
            "code": "m7-1",
            "name": "menu07-1",
            "title": "\u062d\u0636\u0648\u0631 \u0648 \u063a\u06cc\u0627\u0628"
        }
    },
    {
        "model": "api.menuitem",
        "pk": 22,
        "fields": {
            "created_by_user": null,
            "deleted": "b'\\x00'",
            "modified_by_user": null,
            "code": "m7-2",
            "name": "menu07-2",
            "title": "\u0646\u0645\u0631\u0627\u062a"
        }
    },
    {
        "model": "api.menuitem",
        "pk": 23,
        "fields": {
            "created_by_user": null,
            "deleted": "b'\\x00'",
            "modified_by_user": null,
            "code": "m7-3",
            "name": "menu07-3",
            "title": "\u0627\u0645\u062a\u062d\u0627\u0646\u0627\u062a"
        }
    },
    {
        "model": "api.menuitem",
        "pk": 24,
        "fields": {
            "created_by_user": null,
            "deleted": "b'\\x00'",
            "modified_by_user": null,
            "code": "m8",
            "name": "menu08",
            "title": "\u0645\u0634\u062e\u0635\u0627\u062a \u0645\u062f\u0631\u0633\u0647"
        }
    },
    {
        "model": "api.menuitem",
        "pk": 25,
        "fields": {
            "created_by_user": null,
            "deleted": "b'\\x00'",
            "modified_by_user": null,
            "code": "m22",
            "name": "menu22",
            "title": "\u0628\u0631\u0646\u0627\u0645\u0647 \u06a9\u0644\u0627\u0633\u06cc"
        }
    },
    {
        "model": "api.menuitem",
        "pk": 26,
        "fields": {
            "created_by_user": null,
            "deleted": "b'\\x00'",
            "modified_by_user": null,
            "code": "m23",
            "name": "menu23",
            "title": "\u0628\u0631\u0646\u0627\u0645\u0647 \u0627\u0645\u062a\u062d\u0627\u0646\u06cc"
        }
    },
    {
        "model": "api.menuitem",
        "pk": 27,
        "fields": {
            "created_by_user": null,
            "deleted": "b'\\x00'",
            "modified_by_user": null,
            "code": "m24",
            "name": "menu24",
            "title": "\u062f\u0631\u0633 \u0647\u0627"
        }
    },
    {
        "model": "api.menuitem",
        "pk": 28,
        "fields": {
            "created_by_user": null,
            "deleted": "b'\\x00'",
            "modified_by_user": null,
            "code": "m25",
            "name": "menu25",
            "title": "\u0646\u062a\u0627\u06cc\u062c \u0627\u0645\u062a\u062d\u0627\u0646\u0627\u062a"
        }
    },
    {
        "model": "api.menuitem",
        "pk": 29,
        "fields": {
            "created_by_user": null,
            "deleted": "b'\\x00'",
            "modified_by_user": null,
            "code": "m26",
            "name": "menu26",
            "title": "\u0628\u0627\u0631\u06af\u0630\u0627\u0631\u06cc \u062a\u06a9\u0627\u0644\u06cc\u0641"
        }
    },
    {
        "model": "api.menuitem",
        "pk": 30,
        "fields": {
            "created_by_user": null,
            "deleted": "b'\\x00'",
            "modified_by_user": null,
            "code": "m27",
            "name": "menu26",
            "title": "\u062a\u06a9\u0627\u0644\u06cc\u0641"
        }
    },
    {
        "model": "api.resource",
        "pk": 1,
        "fields": {
            "created_by_user": null,
            "deleted": "b'\\x00'",
            "modified_by_user": null,
            "duplicate": null,
            "duplicate_count": 0,
            "name": "Normalized_Mtrx_rmDup_no_header_genCA_hist_log",
            "path": "Normalized_Mtrx_rmDup_no_header_genCA_hist_log.png",
            "type": "image/png",
            "volume": 12929
        }
    },
    {
        "model": "api.resource",
        "pk": 2,
        "fields": {
            "created_by_user": null,
            "deleted": "b'\\x00'",
            "modified_by_user": null,
            "duplicate": null,
            "duplicate_count": 5,
            "name": "_\u0645\u0639\u0631\u0641\u06cc_\u067e\u0644\u062a\u0641\u0631\u0645_\u0632\u0644\u06a9\u0627",
            "path": "_\u0645\u0639\u0631\u0641\u06cc_\u067e\u0644\u062a\u0641\u0631\u0645_\u0632\u0644\u06a9\u0627.pdf",
            "type": "application/pdf",
            "volume": 297170
        }
    },
    {
        "model": "api.resource",
        "pk": 3,
        "fields": {
            "created_by_user": null,
            "deleted": "b'\\x00'",
            "modified_by_user": null,
            "duplicate": null,
            "duplicate_count": 0,
            "name": "mango-hd",
            "path": "mango-hd.png",
            "type": "image/png",
            "volume": 974790
        }
    },
    {
        "model": "api.resource",
        "pk": 4,
        "fields": {
            "created_by_user": null,
            "deleted": "b'\\x00'",
            "modified_by_user": null,
            "duplicate": null,
            "duplicate_count": 0,
            "name": "\u067e\u0631\u0633\u0634\u0646\u0627\u0645\u0647_\u0645\u0628\u0646\u0627\u0645\u0634\u0627\u0648\u0631",
            "path": "\u067e\u0631\u0633\u0634\u0646\u0627\u0645\u0647_\u0645\u0628\u0646\u0627\u0645\u0634\u0627\u0648\u0631.pdf",
            "type": "application/pdf",
            "volume": 437817
        }
    },
    {
        "model": "api.resource",
        "pk": 5,
        "fields": {
            "created_by_user": null,
            "deleted": "b'\\x00'",
            "modified_by_user": null,
            "duplicate": "b'\\x01'",
            "duplicate_count": 2,
            "name": "_\u0645\u0639\u0631\u0641\u06cc_\u067e\u0644\u062a\u0641\u0631\u0645_\u0632\u0644\u06a9\u0627(1)",
            "path": "_\u0645\u0639\u0631\u0641\u06cc_\u067e\u0644\u062a\u0641\u0631\u0645_\u0632\u0644\u06a9\u0627(1).pdf",
            "type": "application/pdf",
            "volume": 297170
        }
    },
    {
        "model": "api.resource",
        "pk": 6,
        "fields": {
            "created_by_user": null,
            "deleted": "b'\\x00'",
            "modified_by_user": null,
            "duplicate": "b'\\x01'",
            "duplicate_count": 3,
            "name": "_\u0645\u0639\u0631\u0641\u06cc_\u067e\u0644\u062a\u0641\u0631\u0645_\u0632\u0644\u06a9\u0627(2)",
            "path": "_\u0645\u0639\u0631\u0641\u06cc_\u067e\u0644\u062a\u0641\u0631\u0645_\u0632\u0644\u06a9\u0627(2).pdf",
            "type": "application/pdf",
            "volume": 297170
        }
    },
    {
        "model": "api.resource",
        "pk": 7,
        "fields": {
            "created_by_user": null,
            "deleted": "b'\\x00'",
            "modified_by_user": null,
            "duplicate": null,
            "duplicate_count": 2,
            "name": "16af97c0-1bd4-4330-b6de-c38a427b665",
            "path": "16af97c0-1bd4-4330-b6de-c38a427b665.jpeg",
            "type": "image/jpeg",
            "volume": 107896
        }
    },
    {
        "model": "api.resource",
        "pk": 8,
        "fields": {
            "created_by_user": null,
            "deleted": "b'\\x00'",
            "modified_by_user": null,
            "duplicate": "b'\\x01'",
            "duplicate_count": 2,
            "name": "_\u0645\u0639\u0631\u0641\u06cc_\u067e\u0644\u062a\u0641\u0631\u0645_\u0632\u0644\u06a9\u0627(1)(2)",
            "path": "_\u0645\u0639\u0631\u0641\u06cc_\u067e\u0644\u062a\u0641\u0631\u0645_\u0632\u0644\u06a9\u0627(1)(2).pdf",
            "type": "application/pdf",
            "volume": 2214
        }
    },
    {
        "model": "api.resource",
        "pk": 9,
        "fields": {
            "created_by_user": null,
            "deleted": "b'\\x00'",
            "modified_by_user": null,
            "duplicate": "b'\\x01'",
            "duplicate_count": 3,
            "name": "_\u0645\u0639\u0631\u0641\u06cc_\u067e\u0644\u062a\u0641\u0631\u0645_\u0632\u0644\u06a9\u0627(2)(3)",
            "path": "_\u0645\u0639\u0631\u0641\u06cc_\u067e\u0644\u062a\u0641\u0631\u0645_\u0632\u0644\u06a9\u0627(2)(3).pdf",
            "type": "application/pdf",
            "volume": 2214
        }
    },
    {
        "model": "api.resource",
        "pk": 10,
        "fields": {
            "created_by_user": null,
            "deleted": "b'\\x00'",
            "modified_by_user": null,
            "duplicate": null,
            "duplicate_count": 0,
            "name": "Zelka1",
            "path": "Zelka1.pdf",
            "type": "application/pdf",
            "volume": 2214
        }
    },
    {
        "model": "api.resource",
        "pk": 11,
        "fields": {
            "created_by_user": null,
            "deleted": "b'\\x00'",
            "modified_by_user": null,
            "duplicate": null,
            "duplicate_count": 0,
            "name": "avata",
            "path": "avata.jpeg",
            "type": "image/jpeg",
            "volume": 15980
        }
    },
    {
        "model": "api.resource",
        "pk": 12,
        "fields": {
            "created_by_user": null,
            "deleted": "b'\\x00'",
            "modified_by_user": null,
            "duplicate": null,
            "duplicate_count": 17,
            "name": "l",
            "path": "l.jpeg",
            "type": "image/jpeg",
            "volume": 29351
        }
    },
    {
        "model": "api.resource",
        "pk": 13,
        "fields": {
            "created_by_user": null,
            "deleted": "b'\\x00'",
            "modified_by_user": null,
            "duplicate": null,
            "duplicate_count": 1,
            "name": "image",
            "path": "image.jpeg",
            "type": "image/jpeg",
            "volume": 71219
        }
    },
    {
        "model": "api.resource",
        "pk": 14,
        "fields": {
            "created_by_user": null,
            "deleted": "b'\\x00'",
            "modified_by_user": null,
            "duplicate": "b'\\x01'",
            "duplicate_count": 1,
            "name": "image(1)",
            "path": "image(1).jpeg",
            "type": "image/jpeg",
            "volume": 71219
        }
    },
    {
        "model": "api.resource",
        "pk": 15,
        "fields": {
            "created_by_user": null,
            "deleted": "b'\\x00'",
            "modified_by_user": null,
            "duplicate": null,
            "duplicate_count": 1,
            "name": "imag",
            "path": "imag.jpeg",
            "type": "image/jpeg",
            "volume": 71219
        }
    },
    {
        "model": "api.resource",
        "pk": 16,
        "fields": {
            "created_by_user": null,
            "deleted": "b'\\x00'",
            "modified_by_user": null,
            "duplicate": null,
            "duplicate_count": 0,
            "name": "bg",
            "path": "bg.png",
            "type": "image/png",
            "volume": 17450038
        }
    },
    {
        "model": "api.resource",
        "pk": 17,
        "fields": {
            "created_by_user": null,
            "deleted": "b'\\x00'",
            "modified_by_user": null,
            "duplicate": "b'\\x01'",
            "duplicate_count": 1,
            "name": "imag(1)",
            "path": "imag(1).jpeg",
            "type": "image/jpeg",
            "volume": 71219
        }
    },
    {
        "model": "api.resource",
        "pk": 18,
        "fields": {
            "created_by_user": null,
            "deleted": "b'\\x00'",
            "modified_by_user": null,
            "duplicate": null,
            "duplicate_count": 0,
            "name": "Darsapp.postman_collection",
            "path": "Darsapp.postman_collection.json",
            "type": "application/json",
            "volume": 1429689
        }
    },
    {
        "model": "api.resource",
        "pk": 19,
        "fields": {
            "created_by_user": null,
            "deleted": "b'\\x00'",
            "modified_by_user": null,
            "duplicate": null,
            "duplicate_count": 5,
            "name": "myImag",
            "path": "myImag.jpeg",
            "type": "image/jpeg",
            "volume": 71219
        }
    },
    {
        "model": "api.resource",
        "pk": 20,
        "fields": {
            "created_by_user": null,
            "deleted": "b'\\x00'",
            "modified_by_user": null,
            "duplicate": "b'\\x01'",
            "duplicate_count": 1,
            "name": "myImag(1)",
            "path": "myImag(1).jpeg",
            "type": "image/jpeg",
            "volume": 71219
        }
    },
    {
        "model": "api.resource",
        "pk": 21,
        "fields": {
            "created_by_user": null,
            "deleted": "b'\\x00'",
            "modified_by_user": null,
            "duplicate": "b'\\x01'",
            "duplicate_count": 1,
            "name": "16af97c0-1bd4-4330-b6de-c38a427b665(1)",
            "path": "16af97c0-1bd4-4330-b6de-c38a427b665(1).jpeg",
            "type": "image/jpeg",
            "volume": 107896
        }
    },
    {
        "model": "api.resource",
        "pk": 22,
        "fields": {
            "created_by_user": null,
            "deleted": "b'\\x00'",
            "modified_by_user": null,
            "duplicate": "b'\\x01'",
            "duplicate_count": 2,
            "name": "16af97c0-1bd4-4330-b6de-c38a427b665(2)",
            "path": "16af97c0-1bd4-4330-b6de-c38a427b665(2).jpeg",
            "type": "image/jpeg",
            "volume": 107896
        }
    },
    {
        "model": "api.resource",
        "pk": 23,
        "fields": {
            "created_by_user": null,
            "deleted": "b'\\x00'",
            "modified_by_user": null,
            "duplicate": null,
            "duplicate_count": 2,
            "name": "",
            "path": ".jpeg",
            "type": "image/jpeg",
            "volume": 135027
        }
    },
    {
        "model": "api.resource",
        "pk": 24,
        "fields": {
            "created_by_user": null,
            "deleted": "b'\\x00'",
            "modified_by_user": null,
            "duplicate": null,
            "duplicate_count": 0,
            "name": "1111111",
            "path": "1111111.png",
            "type": "image/png",
            "volume": 430310
        }
    },
    {
        "model": "api.resource",
        "pk": 25,
        "fields": {
            "created_by_user": null,
            "deleted": "b'\\x00'",
            "modified_by_user": null,
            "duplicate": "b'\\x01'",
            "duplicate_count": 1,
            "name": "(1)",
            "path": "(1).jpeg",
            "type": "image/jpeg",
            "volume": 135027
        }
    },
    {
        "model": "api.resource",
        "pk": 26,
        "fields": {
            "created_by_user": null,
            "deleted": "b'\\x00'",
            "modified_by_user": null,
            "duplicate": "b'\\x01'",
            "duplicate_count": 2,
            "name": "(2)",
            "path": "(2).jpeg",
            "type": "image/jpeg",
            "volume": 135027
        }
    },
    {
        "model": "api.resource",
        "pk": 27,
        "fields": {
            "created_by_user": null,
            "deleted": "b'\\x00'",
            "modified_by_user": null,
            "duplicate": "b'\\x01'",
            "duplicate_count": 1,
            "name": "l(1)",
            "path": "l(1).jpeg",
            "type": "image/jpeg",
            "volume": 29351
        }
    },
    {
        "model": "api.resource",
        "pk": 28,
        "fields": {
            "created_by_user": null,
            "deleted": "b'\\x00'",
            "modified_by_user": null,
            "duplicate": null,
            "duplicate_count": 0,
            "name": "tes",
            "path": "tes.jpeg",
            "type": "image/jpeg",
            "volume": 15488
        }
    },
    {
        "model": "api.resource",
        "pk": 29,
        "fields": {
            "created_by_user": null,
            "deleted": "b'\\x00'",
            "modified_by_user": null,
            "duplicate": "b'\\x01'",
            "duplicate_count": 3,
            "name": "_\u0645\u0639\u0631\u0641\u06cc_\u067e\u0644\u062a\u0641\u0631\u0645_\u0632\u0644\u06a9\u0627(3)",
            "path": "_\u0645\u0639\u0631\u0641\u06cc_\u067e\u0644\u062a\u0641\u0631\u0645_\u0632\u0644\u06a9\u0627(3).pdf",
            "type": "application/pdf",
            "volume": 297170
        }
    },
    {
        "model": "api.resource",
        "pk": 30,
        "fields": {
            "created_by_user": null,
            "deleted": "b'\\x00'",
            "modified_by_user": null,
            "duplicate": "b'\\x01'",
            "duplicate_count": 2,
            "name": "l(2)",
            "path": "l(2).jpeg",
            "type": "image/jpeg",
            "volume": 29351
        }
    },
    {
        "model": "api.resource",
        "pk": 31,
        "fields": {
            "created_by_user": null,
            "deleted": "b'\\x00'",
            "modified_by_user": null,
            "duplicate": "b'\\x01'",
            "duplicate_count": 3,
            "name": "l(3)",
            "path": "l(3).jpeg",
            "type": "image/jpeg",
            "volume": 29351
        }
    },
    {
        "model": "api.resource",
        "pk": 32,
        "fields": {
            "created_by_user": null,
            "deleted": "b'\\x00'",
            "modified_by_user": null,
            "duplicate": "b'\\x01'",
            "duplicate_count": 4,
            "name": "l(4)",
            "path": "l(4).jpeg",
            "type": "image/jpeg",
            "volume": 29351
        }
    },
    {
        "model": "api.resource",
        "pk": 33,
        "fields": {
            "created_by_user": null,
            "deleted": "b'\\x00'",
            "modified_by_user": null,
            "duplicate": "b'\\x01'",
            "duplicate_count": 5,
            "name": "l(5)",
            "path": "l(5).jpeg",
            "type": "image/jpeg",
            "volume": 29351
        }
    },
    {
        "model": "api.resource",
        "pk": 34,
        "fields": {
            "created_by_user": null,
            "deleted": "b'\\x00'",
            "modified_by_user": null,
            "duplicate": "b'\\x01'",
            "duplicate_count": 6,
            "name": "l(6)",
            "path": "l(6).jpeg",
            "type": "image/jpeg",
            "volume": 29351
        }
    },
    {
        "model": "api.resource",
        "pk": 35,
        "fields": {
            "created_by_user": null,
            "deleted": "b'\\x00'",
            "modified_by_user": null,
            "duplicate": "b'\\x01'",
            "duplicate_count": 7,
            "name": "l(7)",
            "path": "l(7).jpeg",
            "type": "image/jpeg",
            "volume": 29351
        }
    },
    {
        "model": "api.resource",
        "pk": 36,
        "fields": {
            "created_by_user": null,
            "deleted": "b'\\x00'",
            "modified_by_user": null,
            "duplicate": "b'\\x01'",
            "duplicate_count": 8,
            "name": "l(8)",
            "path": "l(8).jpeg",
            "type": "image/jpeg",
            "volume": 29351
        }
    },
    {
        "model": "api.resource",
        "pk": 37,
        "fields": {
            "created_by_user": null,
            "deleted": "b'\\x00'",
            "modified_by_user": null,
            "duplicate": "b'\\x01'",
            "duplicate_count": 9,
            "name": "l(9)",
            "path": "l(9).jpeg",
            "type": "image/jpeg",
            "volume": 29351
        }
    },
    {
        "model": "api.resource",
        "pk": 38,
        "fields": {
            "created_by_user": null,
            "deleted": "b'\\x00'",
            "modified_by_user": null,
            "duplicate": "b'\\x01'",
            "duplicate_count": 2,
            "name": "myImag(2)",
            "path": "myImag(2).jpeg",
            "type": "image/jpeg",
            "volume": 71219
        }
    },
    {
        "model": "api.resource",
        "pk": 39,
        "fields": {
            "created_by_user": null,
            "deleted": "b'\\x00'",
            "modified_by_user": null,
            "duplicate": "b'\\x01'",
            "duplicate_count": 10,
            "name": "l(10)",
            "path": "l(10).jpeg",
            "type": "image/jpeg",
            "volume": 29351
        }
    },
    {
        "model": "api.resource",
        "pk": 40,
        "fields": {
            "created_by_user": null,
            "deleted": "b'\\x00'",
            "modified_by_user": null,
            "duplicate": "b'\\x01'",
            "duplicate_count": 11,
            "name": "l(11)",
            "path": "l(11).jpeg",
            "type": "image/jpeg",
            "volume": 29351
        }
    },
    {
        "model": "api.resource",
        "pk": 41,
        "fields": {
            "created_by_user": null,
            "deleted": "b'\\x00'",
            "modified_by_user": null,
            "duplicate": "b'\\x01'",
            "duplicate_count": 12,
            "name": "l(12)",
            "path": "l(12).jpeg",
            "type": "image/jpeg",
            "volume": 29351
        }
    },
    {
        "model": "api.resource",
        "pk": 42,
        "fields": {
            "created_by_user": null,
            "deleted": "b'\\x00'",
            "modified_by_user": null,
            "duplicate": "b'\\x01'",
            "duplicate_count": 3,
            "name": "myImag(3)",
            "path": "myImag(3).jpeg",
            "type": "image/jpeg",
            "volume": 71219
        }
    },
    {
        "model": "api.resource",
        "pk": 43,
        "fields": {
            "created_by_user": null,
            "deleted": "b'\\x00'",
            "modified_by_user": null,
            "duplicate": null,
            "duplicate_count": 0,
            "name": "EFC15BE7-8F07-48AF-860E-85F3333A9119",
            "path": "EFC15BE7-8F07-48AF-860E-85F3333A9119.jpeg",
            "type": "image/jpeg",
            "volume": 23519
        }
    },
    {
        "model": "api.resource",
        "pk": 44,
        "fields": {
            "created_by_user": null,
            "deleted": "b'\\x00'",
            "modified_by_user": null,
            "duplicate": null,
            "duplicate_count": 0,
            "name": "2F1A3D9A-81EE-4A28-8C94-BFB81AF4562F",
            "path": "2F1A3D9A-81EE-4A28-8C94-BFB81AF4562F.jpeg",
            "type": "image/jpeg",
            "volume": 32206
        }
    },
    {
        "model": "api.resource",
        "pk": 45,
        "fields": {
            "created_by_user": null,
            "deleted": "b'\\x00'",
            "modified_by_user": null,
            "duplicate": "b'\\x01'",
            "duplicate_count": 4,
            "name": "_\u0645\u0639\u0631\u0641\u06cc_\u067e\u0644\u062a\u0641\u0631\u0645_\u0632\u0644\u06a9\u0627(4)",
            "path": "_\u0645\u0639\u0631\u0641\u06cc_\u067e\u0644\u062a\u0641\u0631\u0645_\u0632\u0644\u06a9\u0627(4).pdf",
            "type": "application/pdf",
            "volume": 297170
        }
    },
    {
        "model": "api.resource",
        "pk": 46,
        "fields": {
            "created_by_user": null,
            "deleted": "b'\\x00'",
            "modified_by_user": null,
            "duplicate": null,
            "duplicate_count": 0,
            "name": "time_2",
            "path": "time_2.png",
            "type": "image/png",
            "volume": 3325
        }
    },
    {
        "model": "api.resource",
        "pk": 47,
        "fields": {
            "created_by_user": null,
            "deleted": "b'\\x00'",
            "modified_by_user": null,
            "duplicate": null,
            "duplicate_count": 0,
            "name": "21297D66-B3BD-4B3B-9477-1FF7A21893A0",
            "path": "21297D66-B3BD-4B3B-9477-1FF7A21893A0.jpeg",
            "type": "image/jpeg",
            "volume": 32206
        }
    },
    {
        "model": "api.resource",
        "pk": 48,
        "fields": {
            "created_by_user": null,
            "deleted": "b'\\x00'",
            "modified_by_user": null,
            "duplicate": null,
            "duplicate_count": 1,
            "name": "catalog-badpa",
            "path": "catalog-badpa.pdf",
            "type": "application/pdf",
            "volume": 10448892
        }
    },
    {
        "model": "api.resource",
        "pk": 49,
        "fields": {
            "created_by_user": null,
            "deleted": "b'\\x00'",
            "modified_by_user": null,
            "duplicate": null,
            "duplicate_count": 0,
            "name": "\u0627\u0628\u0644\u0627\u063a\u06cc\u0647_\u0628\u06cc\u0645\u0647_\u062f\u0627\u0646\u0634_\u0628\u0646\u06cc\u0627\u0646",
            "path": "\u0627\u0628\u0644\u0627\u063a\u06cc\u0647_\u0628\u06cc\u0645\u0647_\u062f\u0627\u0646\u0634_\u0628\u0646\u06cc\u0627\u0646.pdf",
            "type": "application/pdf",
            "volume": 1547088
        }
    },
    {
        "model": "api.resource",
        "pk": 50,
        "fields": {
            "created_by_user": null,
            "deleted": "b'\\x00'",
            "modified_by_user": null,
            "duplicate": "b'\\x01'",
            "duplicate_count": 1,
            "name": "catalog-badpa(1)",
            "path": "catalog-badpa(1).pdf",
            "type": "application/pdf",
            "volume": 10448892
        }
    },
    {
        "model": "api.resource",
        "pk": 51,
        "fields": {
            "created_by_user": null,
            "deleted": "b'\\x00'",
            "modified_by_user": null,
            "duplicate": null,
            "duplicate_count": 0,
            "name": "AyeenNameh961018(1)",
            "path": "AyeenNameh961018(1).pdf",
            "type": "application/pdf",
            "volume": 144138
        }
    },
    {
        "model": "api.resource",
        "pk": 52,
        "fields": {
            "created_by_user": null,
            "deleted": "b'\\x00'",
            "modified_by_user": null,
            "duplicate": null,
            "duplicate_count": 1,
            "name": "\u062f\u0648_\u062a\u0627_\u0645\u062c\u06cc\u062f_\u0648\u0627\u0644",
            "path": "\u062f\u0648_\u062a\u0627_\u0645\u062c\u06cc\u062f_\u0648\u0627\u0644.jpeg",
            "type": "image/jpeg",
            "volume": 358755
        }
    },
    {
        "model": "api.resource",
        "pk": 53,
        "fields": {
            "created_by_user": null,
            "deleted": "b'\\x00'",
            "modified_by_user": null,
            "duplicate": "b'\\x01'",
            "duplicate_count": 1,
            "name": "\u062f\u0648_\u062a\u0627_\u0645\u062c\u06cc\u062f_\u0648\u0627\u0644(1)",
            "path": "\u062f\u0648_\u062a\u0627_\u0645\u062c\u06cc\u062f_\u0648\u0627\u0644(1).jpeg",
            "type": "image/jpeg",
            "volume": 358755
        }
    },
    {
        "model": "api.resource",
        "pk": 54,
        "fields": {
            "created_by_user": null,
            "deleted": "b'\\x00'",
            "modified_by_user": null,
            "duplicate": "b'\\x01'",
            "duplicate_count": 13,
            "name": "l(13)",
            "path": "l(13).jpeg",
            "type": "image/jpeg",
            "volume": 29351
        }
    },
    {
        "model": "api.resource",
        "pk": 55,
        "fields": {
            "created_by_user": null,
            "deleted": "b'\\x00'",
            "modified_by_user": null,
            "duplicate": null,
            "duplicate_count": 1,
            "name": "\u0635\u062f\u0631\u0627_\u0646\u06cc\u0633\u062a_\u0648_\u0647\u0633",
            "path": "\u0635\u062f\u0631\u0627_\u0646\u06cc\u0633\u062a_\u0648_\u0647\u0633.jpeg",
            "type": "image/jpeg",
            "volume": 168619
        }
    },
    {
        "model": "api.resource",
        "pk": 56,
        "fields": {
            "created_by_user": null,
            "deleted": "b'\\x00'",
            "modified_by_user": null,
            "duplicate": "b'\\x01'",
            "duplicate_count": 1,
            "name": "\u0635\u062f\u0631\u0627_\u0646\u06cc\u0633\u062a_\u0648_\u0647\u0633(1)",
            "path": "\u0635\u062f\u0631\u0627_\u0646\u06cc\u0633\u062a_\u0648_\u0647\u0633(1).jpeg",
            "type": "image/jpeg",
            "volume": 168619
        }
    },
    {
        "model": "api.resource",
        "pk": 57,
        "fields": {
            "created_by_user": null,
            "deleted": "b'\\x00'",
            "modified_by_user": null,
            "duplicate": "b'\\x01'",
            "duplicate_count": 14,
            "name": "l(14)",
            "path": "l(14).jpeg",
            "type": "image/jpeg",
            "volume": 29351
        }
    },
    {
        "model": "api.resource",
        "pk": 58,
        "fields": {
            "created_by_user": null,
            "deleted": "b'\\x00'",
            "modified_by_user": null,
            "duplicate": "b'\\x01'",
            "duplicate_count": 15,
            "name": "l(15)",
            "path": "l(15).jpeg",
            "type": "image/jpeg",
            "volume": 29351
        }
    },
    {
        "model": "api.resource",
        "pk": 59,
        "fields": {
            "created_by_user": null,
            "deleted": "b'\\x00'",
            "modified_by_user": null,
            "duplicate": "b'\\x01'",
            "duplicate_count": 16,
            "name": "l(16)",
            "path": "l(16).jpeg",
            "type": "image/jpeg",
            "volume": 29351
        }
    },
    {
        "model": "api.resource",
        "pk": 60,
        "fields": {
            "created_by_user": null,
            "deleted": "b'\\x00'",
            "modified_by_user": null,
            "duplicate": "b'\\x01'",
            "duplicate_count": 17,
            "name": "l(17)",
            "path": "l(17).jpeg",
            "type": "image/jpeg",
            "volume": 29351
        }
    },
    {
        "model": "api.resource",
        "pk": 61,
        "fields": {
            "created_by_user": null,
            "deleted": "b'\\x00'",
            "modified_by_user": null,
            "duplicate": null,
            "duplicate_count": 1,
            "name": "1024px-Approve_icon.svg",
            "path": "1024px-Approve_icon.svg.png",
            "type": "image/png",
            "volume": 128337
        }
    },
    {
        "model": "api.resource",
        "pk": 62,
        "fields": {
            "created_by_user": null,
            "deleted": "b'\\x00'",
            "modified_by_user": null,
            "duplicate": "b'\\x01'",
            "duplicate_count": 4,
            "name": "myImag(4)",
            "path": "myImag(4).jpeg",
            "type": "image/jpeg",
            "volume": 71219
        }
    },
    {
        "model": "api.resource",
        "pk": 63,
        "fields": {
            "created_by_user": null,
            "deleted": "b'\\x00'",
            "modified_by_user": null,
            "duplicate": "b'\\x01'",
            "duplicate_count": 5,
            "name": "myImag(5)",
            "path": "myImag(5).jpeg",
            "type": "image/jpeg",
            "volume": 71219
        }
    },
    {
        "model": "api.resource",
        "pk": 64,
        "fields": {
            "created_by_user": null,
            "deleted": "b'\\x00'",
            "modified_by_user": null,
            "duplicate": "b'\\x01'",
            "duplicate_count": 1,
            "name": "1024px-Approve_icon.svg(1)",
            "path": "1024px-Approve_icon.svg(1).png",
            "type": "image/png",
            "volume": 128337
        }
    },
    {
        "model": "api.resource",
        "pk": 65,
        "fields": {
            "created_by_user": null,
            "deleted": "b'\\x00'",
            "modified_by_user": null,
            "duplicate": null,
            "duplicate_count": 1,
            "name": "WhatsApp_Image_2020-05-06_at_2.19.30_PM",
            "path": "WhatsApp_Image_2020-05-06_at_2.19.30_PM.jpeg",
            "type": "image/jpeg",
            "volume": 104003
        }
    },
    {
        "model": "api.resource",
        "pk": 66,
        "fields": {
            "created_by_user": null,
            "deleted": "b'\\x00'",
            "modified_by_user": null,
            "duplicate": "b'\\x01'",
            "duplicate_count": 1,
            "name": "WhatsApp_Image_2020-05-06_at_2.19.30_PM(1)",
            "path": "WhatsApp_Image_2020-05-06_at_2.19.30_PM(1).jpeg",
            "type": "image/jpeg",
            "volume": 104003
        }
    },
    {
        "model": "api.resource",
        "pk": 67,
        "fields": {
            "created_by_user": null,
            "deleted": "b'\\x00'",
            "modified_by_user": null,
            "duplicate": "b'\\x01'",
            "duplicate_count": 5,
            "name": "_\u0645\u0639\u0631\u0641\u06cc_\u067e\u0644\u062a\u0641\u0631\u0645_\u0632\u0644\u06a9\u0627(5)",
            "path": "_\u0645\u0639\u0631\u0641\u06cc_\u067e\u0644\u062a\u0641\u0631\u0645_\u0632\u0644\u06a9\u0627(5).pdf",
            "type": "application/pdf",
            "volume": 297170
        }
    },
    {
        "model": "api.role",
        "pk": 1,
        "fields": {
            "created_by_user": null,
            "deleted": "b'\\x00'",
            "modified_by_user": null,
            "name": "ADMIN",
            "title": "\u0627\u062f\u0645\u06cc\u0646"
        }
    },
    {
        "model": "api.role",
        "pk": 2,
        "fields": {
            "created_by_user": null,
            "deleted": "b'\\x00'",
            "modified_by_user": null,
            "name": "TEACHER",
            "title": "\u0645\u0639\u0644\u0645"
        }
    },
    {
        "model": "api.role",
        "pk": 3,
        "fields": {
            "created_by_user": null,
            "deleted": "b'\\x00'",
            "modified_by_user": null,
            "name": "STUDENT",
            "title": "\u062f\u0627\u0646\u0634 \u0622\u0645\u0648\u0632"
        }
    },
    {
        "model": "api.roleacctionsgroup",
        "pk": 1,
        "fields": {
            "role": 1,
            "acctions_group": 2
        }
    },
    {
        "model": "api.roleacctionsgroup",
        "pk": 2,
        "fields": {
            "role": 1,
            "acctions_group": 3
        }
    },
    {
        "model": "api.roleacctionsgroup",
        "pk": 3,
        "fields": {
            "role": 1,
            "acctions_group": 4
        }
    },
    {
        "model": "api.roleacctionsgroup",
        "pk": 4,
        "fields": {
            "role": 1,
            "acctions_group": 5
        }
    },
    {
        "model": "api.roleacctionsgroup",
        "pk": 5,
        "fields": {
            "role": 1,
            "acctions_group": 6
        }
    },
    {
        "model": "api.roleacctionsgroup",
        "pk": 6,
        "fields": {
            "role": 1,
            "acctions_group": 7
        }
    },
    {
        "model": "api.roleacctionsgroup",
        "pk": 7,
        "fields": {
            "role": 1,
            "acctions_group": 8
        }
    },
    {
        "model": "api.rolemenu",
        "pk": 1,
        "fields": {
            "role": 1,
            "menu": 1
        }
    },
    {
        "model": "api.rolemenu",
        "pk": 2,
        "fields": {
            "role": 1,
            "menu": 2
        }
    },
    {
        "model": "api.rolemenu",
        "pk": 3,
        "fields": {
            "role": 1,
            "menu": 3
        }
    },
    {
        "model": "api.rolemenu",
        "pk": 4,
        "fields": {
            "role": 1,
            "menu": 4
        }
    },
    {
        "model": "api.rolemenu",
        "pk": 5,
        "fields": {
            "role": 1,
            "menu": 5
        }
    },
    {
        "model": "api.rolemenu",
        "pk": 6,
        "fields": {
            "role": 1,
            "menu": 6
        }
    },
    {
        "model": "api.rolemenu",
        "pk": 7,
        "fields": {
            "role": 1,
            "menu": 7
        }
    },
    {
        "model": "api.rolemenu",
        "pk": 8,
        "fields": {
            "role": 1,
            "menu": 8
        }
    },
    {
        "model": "api.rolemenu",
        "pk": 9,
        "fields": {
            "role": 1,
            "menu": 9
        }
    },
    {
        "model": "api.rolemenu",
        "pk": 10,
        "fields": {
            "role": 1,
            "menu": 10
        }
    },
    {
        "model": "api.rolemenu",
        "pk": 11,
        "fields": {
            "role": 1,
            "menu": 11
        }
    },
    {
        "model": "api.rolemenu",
        "pk": 12,
        "fields": {
            "role": 1,
            "menu": 12
        }
    },
    {
        "model": "api.rolemenu",
        "pk": 13,
        "fields": {
            "role": 1,
            "menu": 13
        }
    },
    {
        "model": "api.rolemenu",
        "pk": 14,
        "fields": {
            "role": 1,
            "menu": 14
        }
    },
    {
        "model": "api.rolemenu",
        "pk": 15,
        "fields": {
            "role": 1,
            "menu": 15
        }
    },
    {
        "model": "api.rolemenu",
        "pk": 16,
        "fields": {
            "role": 1,
            "menu": 16
        }
    },
    {
        "model": "api.rolemenu",
        "pk": 17,
        "fields": {
            "role": 1,
            "menu": 17
        }
    },
    {
        "model": "api.rolemenu",
        "pk": 18,
        "fields": {
            "role": 1,
            "menu": 20
        }
    },
    {
        "model": "api.rolemenu",
        "pk": 19,
        "fields": {
            "role": 1,
            "menu": 21
        }
    },
    {
        "model": "api.rolemenu",
        "pk": 20,
        "fields": {
            "role": 1,
            "menu": 22
        }
    },
    {
        "model": "api.rolemenu",
        "pk": 21,
        "fields": {
            "role": 1,
            "menu": 23
        }
    },
    {
        "model": "api.rolemenu",
        "pk": 22,
        "fields": {
            "role": 1,
            "menu": 24
        }
    },
    {
        "model": "api.rolemenu",
        "pk": 23,
        "fields": {
            "role": 2,
            "menu": 1
        }
    },
    {
        "model": "api.rolemenu",
        "pk": 24,
        "fields": {
            "role": 2,
            "menu": 25
        }
    },
    {
        "model": "api.rolemenu",
        "pk": 25,
        "fields": {
            "role": 2,
            "menu": 23
        }
    },
    {
        "model": "api.rolemenu",
        "pk": 26,
        "fields": {
            "role": 2,
            "menu": 21
        }
    },
    {
        "model": "api.rolemenu",
        "pk": 27,
        "fields": {
            "role": 2,
            "menu": 30
        }
    },
    {
        "model": "api.rolemenu",
        "pk": 28,
        "fields": {
            "role": 3,
            "menu": 1
        }
    },
    {
        "model": "api.rolemenu",
        "pk": 29,
        "fields": {
            "role": 3,
            "menu": 25
        }
    },
    {
        "model": "api.rolemenu",
        "pk": 30,
        "fields": {
            "role": 3,
            "menu": 26
        }
    },
    {
        "model": "api.rolemenu",
        "pk": 31,
        "fields": {
            "role": 3,
            "menu": 28
        }
    },
    {
        "model": "api.rolemenu",
        "pk": 32,
        "fields": {
            "role": 3,
            "menu": 29
        }
    },
    {
        "model": "api.schedule",
        "pk": 1,
        "fields": {
            "created_by_user": null,
            "deleted": "b'\\x01'",
            "modified_by_user": null,
            "break_duration": 20,
            "class_id": 1,
            "degree": 3,
            "level": 11,
            "owner_id": null,
            "school_id": 1,
            "section_count": 2,
            "section_duration": 100,
            "start_time": "08:30",
            "teacher_id": null
        }
    },
    {
        "model": "api.schedule",
        "pk": 2,
        "fields": {
            "created_by_user": null,
            "deleted": "b'\\x01'",
            "modified_by_user": null,
            "break_duration": 20,
            "class_id": 2,
            "degree": 3,
            "level": 11,
            "owner_id": null,
            "school_id": 1,
            "section_count": 5,
            "section_duration": 100,
            "start_time": "14:30",
            "teacher_id": null
        }
    },
    {
        "model": "api.schedule",
        "pk": 3,
        "fields": {
            "created_by_user": null,
            "deleted": "b'\\x01'",
            "modified_by_user": null,
            "break_duration": 20,
            "class_id": 3,
            "degree": 3,
            "level": 11,
            "owner_id": null,
            "school_id": 1,
            "section_count": 2,
            "section_duration": 100,
            "start_time": "16:30",
            "teacher_id": null
        }
    },
    {
        "model": "api.schedule",
        "pk": 4,
        "fields": {
            "created_by_user": null,
            "deleted": "b'\\x00'",
            "modified_by_user": null,
            "break_duration": 15,
            "class_id": 4,
            "degree": 3,
            "level": 11,
            "owner_id": null,
            "school_id": 1,
            "section_count": 6,
            "section_duration": 90,
            "start_time": "08:30",
            "teacher_id": null
        }
    },
    {
        "model": "api.schedule",
        "pk": 5,
        "fields": {
            "created_by_user": null,
            "deleted": "b'\\x01'",
            "modified_by_user": null,
            "break_duration": 20,
            "class_id": 5,
            "degree": 1,
            "level": 2,
            "owner_id": null,
            "school_id": 1,
            "section_count": 1000,
            "section_duration": 1000000,
            "start_time": "08:30",
            "teacher_id": null
        }
    },
    {
        "model": "api.schedule",
        "pk": 6,
        "fields": {
            "created_by_user": null,
            "deleted": "b'\\x01'",
            "modified_by_user": null,
            "break_duration": 10000,
            "class_id": 6,
            "degree": 3,
            "level": 10,
            "owner_id": null,
            "school_id": 1,
            "section_count": 1000,
            "section_duration": 10000,
            "start_time": "10:00",
            "teacher_id": null
        }
    },
    {
        "model": "api.schedule",
        "pk": 7,
        "fields": {
            "created_by_user": null,
            "deleted": "b'\\x00'",
            "modified_by_user": null,
            "break_duration": 20,
            "class_id": 7,
            "degree": 3,
            "level": 10,
            "owner_id": null,
            "school_id": 1,
            "section_count": 2,
            "section_duration": 120,
            "start_time": "08:30",
            "teacher_id": null
        }
    },
    {
        "model": "api.schedule",
        "pk": 8,
        "fields": {
            "created_by_user": null,
            "deleted": "b'\\x00'",
            "modified_by_user": null,
            "break_duration": 0,
            "class_id": 8,
            "degree": 2,
            "level": 9,
            "owner_id": null,
            "school_id": 1,
            "section_count": 5,
            "section_duration": 90,
            "start_time": "08:30",
            "teacher_id": null
        }
    },
    {
        "model": "api.schedule",
        "pk": 9,
        "fields": {
            "created_by_user": null,
            "deleted": "b'\\x00'",
            "modified_by_user": null,
            "break_duration": 20,
            "class_id": 9,
            "degree": 3,
            "level": 10,
            "owner_id": null,
            "school_id": 1,
            "section_count": 10,
            "section_duration": 120,
            "start_time": "08:30",
            "teacher_id": null
        }
    },
    {
        "model": "api.schedulesections",
        "pk": 1,
        "fields": {
            "schedule": 1,
            "sections": 4
        }
    },
    {
        "model": "api.schedulesections",
        "pk": 2,
        "fields": {
            "schedule": 3,
            "sections": 5
        }
    },
    {
        "model": "api.schedulesections",
        "pk": 3,
        "fields": {
            "schedule": 7,
            "sections": 14
        }
    },
    {
        "model": "api.schedulesections",
        "pk": 4,
        "fields": {
            "schedule": 4,
            "sections": 6
        }
    },
    {
        "model": "api.schedulesections",
        "pk": 5,
        "fields": {
            "schedule": 4,
            "sections": 7
        }
    },
    {
        "model": "api.schedulesections",
        "pk": 6,
        "fields": {
            "schedule": 4,
            "sections": 6
        }
    },
    {
        "model": "api.schedulesections",
        "pk": 7,
        "fields": {
            "schedule": 4,
            "sections": 7
        }
    },
    {
        "model": "api.schedulesections",
        "pk": 8,
        "fields": {
            "schedule": 4,
            "sections": 15
        }
    },
    {
        "model": "api.schedulesections",
        "pk": 9,
        "fields": {
            "schedule": 8,
            "sections": 18
        }
    },
    {
        "model": "api.schedulesections",
        "pk": 10,
        "fields": {
            "schedule": 9,
            "sections": 19
        }
    },
    {
        "model": "api.school",
        "pk": 1,
        "fields": {
            "created_by_user": null,
            "deleted": "b'\\x00'",
            "modified_by_user": null,
            "address": "\u0645\u06cc\u0631\u062f\u0627\u0645\u0627\u062f",
            "code": "001",
            "gender": 1,
            "info_completed": null,
            "logo": "",
            "name": "\u062f\u0631\u0633\u067e \u062a\u0633\u062a",
            "office": "",
            "phone": "02191033310",
            "region": "1",
            "status": "",
            "zip_code": "1111111111"
        }
    },
    {
        "model": "api.schooldegrees",
        "pk": 1,
        "fields": {
            "school": 1,
            "degrees": 1
        }
    },
    {
        "model": "api.schooldegrees",
        "pk": 2,
        "fields": {
            "school": 1,
            "degrees": 2
        }
    },
    {
        "model": "api.schooldegrees",
        "pk": 3,
        "fields": {
            "school": 1,
            "degrees": 3
        }
    },
    {
        "model": "api.schoollevels",
        "pk": 1,
        "fields": {
            "school": 1,
            "levels": 1
        }
    },
    {
        "model": "api.schoollevels",
        "pk": 2,
        "fields": {
            "school": 1,
            "levels": 2
        }
    },
    {
        "model": "api.schoollevels",
        "pk": 3,
        "fields": {
            "school": 1,
            "levels": 3
        }
    },
    {
        "model": "api.schoollevels",
        "pk": 4,
        "fields": {
            "school": 1,
            "levels": 4
        }
    },
    {
        "model": "api.schoollevels",
        "pk": 5,
        "fields": {
            "school": 1,
            "levels": 5
        }
    },
    {
        "model": "api.schoollevels",
        "pk": 6,
        "fields": {
            "school": 1,
            "levels": 6
        }
    },
    {
        "model": "api.schoollevels",
        "pk": 7,
        "fields": {
            "school": 1,
            "levels": 7
        }
    },
    {
        "model": "api.schoollevels",
        "pk": 8,
        "fields": {
            "school": 1,
            "levels": 8
        }
    },
    {
        "model": "api.schoollevels",
        "pk": 9,
        "fields": {
            "school": 1,
            "levels": 9
        }
    },
    {
        "model": "api.schoollevels",
        "pk": 10,
        "fields": {
            "school": 1,
            "levels": 10
        }
    },
    {
        "model": "api.schoollevels",
        "pk": 11,
        "fields": {
            "school": 1,
            "levels": 11
        }
    },
    {
        "model": "api.schoollevels",
        "pk": 12,
        "fields": {
            "school": 1,
            "levels": 12
        }
    },
    {
        "model": "api.section",
        "pk": 1,
        "fields": {
            "created_by_user": null,
            "deleted": "b'\\x01'",
            "modified_by_user": null,
            "class_id": 1,
            "class_type": 3,
            "day_of_week": 1,
            "description": null,
            "end_time": "10:10:00",
            "section_order": 0,
            "selected_lesson": 8,
            "start_time": "08:30:00",
            "status": 1,
            "teacher_id": 2
        }
    },
    {
        "model": "api.section",
        "pk": 2,
        "fields": {
            "created_by_user": null,
            "deleted": "b'\\x01'",
            "modified_by_user": null,
            "class_id": 1,
            "class_type": 3,
            "day_of_week": 2,
            "description": null,
            "end_time": "10:10:00",
            "section_order": 0,
            "selected_lesson": 8,
            "start_time": "08:30:00",
            "status": 2,
            "teacher_id": 2
        }
    },
    {
        "model": "api.section",
        "pk": 3,
        "fields": {
            "created_by_user": null,
            "deleted": "b'\\x01'",
            "modified_by_user": null,
            "class_id": 1,
            "class_type": 3,
            "day_of_week": 3,
            "description": null,
            "end_time": "10:10:00",
            "section_order": 0,
            "selected_lesson": 8,
            "start_time": "08:30:00",
            "status": 3,
            "teacher_id": 2
        }
    },
    {
        "model": "api.section",
        "pk": 4,
        "fields": {
            "created_by_user": null,
            "deleted": "b'\\x01'",
            "modified_by_user": null,
            "class_id": 1,
            "class_type": 3,
            "day_of_week": 3,
            "description": null,
            "end_time": "10:10:00",
            "section_order": 0,
            "selected_lesson": 8,
            "start_time": "08:30:00",
            "status": 3,
            "teacher_id": 2
        }
    },
    {
        "model": "api.section",
        "pk": 5,
        "fields": {
            "created_by_user": null,
            "deleted": "b'\\x01'",
            "modified_by_user": null,
            "class_id": 3,
            "class_type": 3,
            "day_of_week": 6,
            "description": null,
            "end_time": "18:10:00",
            "section_order": 0,
            "selected_lesson": 8,
            "start_time": "16:30:00",
            "status": 3,
            "teacher_id": 2
        }
    },
    {
        "model": "api.section",
        "pk": 6,
        "fields": {
            "created_by_user": null,
            "deleted": "b'\\x00'",
            "modified_by_user": null,
            "class_id": 4,
            "class_type": 3,
            "day_of_week": 1,
            "description": null,
            "end_time": "10:00:00",
            "section_order": 0,
            "selected_lesson": 8,
            "start_time": "08:30:00",
            "status": 3,
            "teacher_id": 2
        }
    },
    {
        "model": "api.section",
        "pk": 7,
        "fields": {
            "created_by_user": null,
            "deleted": "b'\\x00'",
            "modified_by_user": null,
            "class_id": 4,
            "class_type": 3,
            "day_of_week": 6,
            "description": null,
            "end_time": "17:00:00",
            "section_order": 4,
            "selected_lesson": 8,
            "start_time": "15:30:00",
            "status": 3,
            "teacher_id": 2
        }
    },
    {
        "model": "api.section",
        "pk": 8,
        "fields": {
            "created_by_user": null,
            "deleted": "b'\\x01'",
            "modified_by_user": null,
            "class_id": 7,
            "class_type": 3,
            "day_of_week": 1,
            "description": null,
            "end_time": "10:30:00",
            "section_order": 0,
            "selected_lesson": 8,
            "start_time": "08:30:00",
            "status": 1,
            "teacher_id": 2
        }
    },
    {
        "model": "api.section",
        "pk": 9,
        "fields": {
            "created_by_user": null,
            "deleted": "b'\\x01'",
            "modified_by_user": null,
            "class_id": 4,
            "class_type": 3,
            "day_of_week": 2,
            "description": null,
            "end_time": "18:45:00",
            "section_order": 5,
            "selected_lesson": 2,
            "start_time": "17:15:00",
            "status": 1,
            "teacher_id": 13
        }
    },
    {
        "model": "api.section",
        "pk": 10,
        "fields": {
            "created_by_user": null,
            "deleted": "b'\\x01'",
            "modified_by_user": null,
            "class_id": 7,
            "class_type": 3,
            "day_of_week": 1,
            "description": null,
            "end_time": "10:30:00",
            "section_order": 0,
            "selected_lesson": 8,
            "start_time": "08:30:00",
            "status": 3,
            "teacher_id": 2
        }
    },
    {
        "model": "api.section",
        "pk": 11,
        "fields": {
            "created_by_user": null,
            "deleted": "b'\\x01'",
            "modified_by_user": null,
            "class_id": 7,
            "class_type": 3,
            "day_of_week": 2,
            "description": null,
            "end_time": "10:30:00",
            "section_order": 0,
            "selected_lesson": null,
            "start_time": "08:30:00",
            "status": 3,
            "teacher_id": 2
        }
    },
    {
        "model": "api.section",
        "pk": 12,
        "fields": {
            "created_by_user": null,
            "deleted": "b'\\x01'",
            "modified_by_user": null,
            "class_id": 7,
            "class_type": 3,
            "day_of_week": 7,
            "description": null,
            "end_time": "10:30:00",
            "section_order": 0,
            "selected_lesson": null,
            "start_time": "08:30:00",
            "status": 3,
            "teacher_id": 2
        }
    },
    {
        "model": "api.section",
        "pk": 13,
        "fields": {
            "created_by_user": null,
            "deleted": "b'\\x01'",
            "modified_by_user": null,
            "class_id": 7,
            "class_type": 3,
            "day_of_week": 6,
            "description": null,
            "end_time": "10:30:00",
            "section_order": 0,
            "selected_lesson": null,
            "start_time": "08:30:00",
            "status": 1,
            "teacher_id": 2
        }
    },
    {
        "model": "api.section",
        "pk": 14,
        "fields": {
            "created_by_user": null,
            "deleted": "b'\\x00'",
            "modified_by_user": null,
            "class_id": 7,
            "class_type": 3,
            "day_of_week": 2,
            "description": null,
            "end_time": "10:30:00",
            "section_order": 0,
            "selected_lesson": 8,
            "start_time": "08:30:00",
            "status": 3,
            "teacher_id": 2
        }
    },
    {
        "model": "api.section",
        "pk": 15,
        "fields": {
            "created_by_user": null,
            "deleted": "b'\\x00'",
            "modified_by_user": null,
            "class_id": 4,
            "class_type": 3,
            "day_of_week": 2,
            "description": null,
            "end_time": "11:45:00",
            "section_order": 1,
            "selected_lesson": null,
            "start_time": "10:15:00",
            "status": 3,
            "teacher_id": 21
        }
    },
    {
        "model": "api.section",
        "pk": 16,
        "fields": {
            "created_by_user": null,
            "deleted": "b'\\x01'",
            "modified_by_user": null,
            "class_id": 8,
            "class_type": 3,
            "day_of_week": 1,
            "description": null,
            "end_time": "10:00:00",
            "section_order": 0,
            "selected_lesson": 2,
            "start_time": "08:30:00",
            "status": 3,
            "teacher_id": 13
        }
    },
    {
        "model": "api.section",
        "pk": 17,
        "fields": {
            "created_by_user": null,
            "deleted": "b'\\x01'",
            "modified_by_user": null,
            "class_id": 8,
            "class_type": 3,
            "day_of_week": 1,
            "description": null,
            "end_time": "10:00:00",
            "section_order": 0,
            "selected_lesson": 101,
            "start_time": "08:30:00",
            "status": 3,
            "teacher_id": 13
        }
    },
    {
        "model": "api.section",
        "pk": 18,
        "fields": {
            "created_by_user": null,
            "deleted": "b'\\x00'",
            "modified_by_user": null,
            "class_id": 8,
            "class_type": 3,
            "day_of_week": 1,
            "description": null,
            "end_time": "10:00:00",
            "section_order": 0,
            "selected_lesson": 136,
            "start_time": "08:30:00",
            "status": 3,
            "teacher_id": 13
        }
    },
    {
        "model": "api.section",
        "pk": 19,
        "fields": {
            "created_by_user": null,
            "deleted": "b'\\x00'",
            "modified_by_user": null,
            "class_id": 9,
            "class_type": 3,
            "day_of_week": 7,
            "description": null,
            "end_time": "10:30:00",
            "section_order": 0,
            "selected_lesson": 103,
            "start_time": "08:30:00",
            "status": 3,
            "teacher_id": 19
        }
    },
    {
        "model": "api.sectionlessons",
        "pk": 1,
        "fields": {
            "section": 1,
            "lessons": 8
        }
    },
    {
        "model": "api.sectionlessons",
        "pk": 2,
        "fields": {
            "section": 2,
            "lessons": 8
        }
    },
    {
        "model": "api.sectionlessons",
        "pk": 3,
        "fields": {
            "section": 3,
            "lessons": 8
        }
    },
    {
        "model": "api.sectionlessons",
        "pk": 4,
        "fields": {
            "section": 4,
            "lessons": 8
        }
    },
    {
        "model": "api.sectionlessons",
        "pk": 5,
        "fields": {
            "section": 5,
            "lessons": 8
        }
    },
    {
        "model": "api.sectionlessons",
        "pk": 6,
        "fields": {
            "section": 6,
            "lessons": 8
        }
    },
    {
        "model": "api.sectionlessons",
        "pk": 7,
        "fields": {
            "section": 7,
            "lessons": 8
        }
    },
    {
        "model": "api.sectionlessons",
        "pk": 8,
        "fields": {
            "section": 8,
            "lessons": 8
        }
    },
    {
        "model": "api.sectionlessons",
        "pk": 9,
        "fields": {
            "section": 9,
            "lessons": 1
        }
    },
    {
        "model": "api.sectionlessons",
        "pk": 10,
        "fields": {
            "section": 9,
            "lessons": 2
        }
    },
    {
        "model": "api.sectionlessons",
        "pk": 11,
        "fields": {
            "section": 9,
            "lessons": 3
        }
    },
    {
        "model": "api.sectionlessons",
        "pk": 12,
        "fields": {
            "section": 10,
            "lessons": 8
        }
    },
    {
        "model": "api.sectionlessons",
        "pk": 13,
        "fields": {
            "section": 11,
            "lessons": 8
        }
    },
    {
        "model": "api.sectionlessons",
        "pk": 14,
        "fields": {
            "section": 12,
            "lessons": 8
        }
    },
    {
        "model": "api.sectionlessons",
        "pk": 15,
        "fields": {
            "section": 13,
            "lessons": 8
        }
    },
    {
        "model": "api.sectionlessons",
        "pk": 16,
        "fields": {
            "section": 14,
            "lessons": 8
        }
    },
    {
        "model": "api.sectionlessons",
        "pk": 17,
        "fields": {
            "section": 16,
            "lessons": 1
        }
    },
    {
        "model": "api.sectionlessons",
        "pk": 18,
        "fields": {
            "section": 16,
            "lessons": 2
        }
    },
    {
        "model": "api.sectionlessons",
        "pk": 19,
        "fields": {
            "section": 16,
            "lessons": 3
        }
    },
    {
        "model": "api.sectionlessons",
        "pk": 20,
        "fields": {
            "section": 17,
            "lessons": 1
        }
    },
    {
        "model": "api.sectionlessons",
        "pk": 21,
        "fields": {
            "section": 17,
            "lessons": 2
        }
    },
    {
        "model": "api.sectionlessons",
        "pk": 22,
        "fields": {
            "section": 17,
            "lessons": 3
        }
    },
    {
        "model": "api.sectionlessons",
        "pk": 23,
        "fields": {
            "section": 17,
            "lessons": 101
        }
    },
    {
        "model": "api.sectionlessons",
        "pk": 24,
        "fields": {
            "section": 17,
            "lessons": 118
        }
    },
    {
        "model": "api.sectionlessons",
        "pk": 25,
        "fields": {
            "section": 17,
            "lessons": 136
        }
    },
    {
        "model": "api.sectionlessons",
        "pk": 26,
        "fields": {
            "section": 18,
            "lessons": 1
        }
    },
    {
        "model": "api.sectionlessons",
        "pk": 27,
        "fields": {
            "section": 18,
            "lessons": 2
        }
    },
    {
        "model": "api.sectionlessons",
        "pk": 28,
        "fields": {
            "section": 18,
            "lessons": 3
        }
    },
    {
        "model": "api.sectionlessons",
        "pk": 29,
        "fields": {
            "section": 18,
            "lessons": 101
        }
    },
    {
        "model": "api.sectionlessons",
        "pk": 30,
        "fields": {
            "section": 18,
            "lessons": 118
        }
    },
    {
        "model": "api.sectionlessons",
        "pk": 31,
        "fields": {
            "section": 18,
            "lessons": 136
        }
    },
    {
        "model": "api.sectionlessons",
        "pk": 32,
        "fields": {
            "section": 19,
            "lessons": 4
        }
    },
    {
        "model": "api.sectionlessons",
        "pk": 33,
        "fields": {
            "section": 19,
            "lessons": 13
        }
    },
    {
        "model": "api.sectionlessons",
        "pk": 34,
        "fields": {
            "section": 19,
            "lessons": 21
        }
    },
    {
        "model": "api.sectionlessons",
        "pk": 35,
        "fields": {
            "section": 19,
            "lessons": 30
        }
    },
    {
        "model": "api.sectionlessons",
        "pk": 36,
        "fields": {
            "section": 19,
            "lessons": 39
        }
    },
    {
        "model": "api.sectionlessons",
        "pk": 37,
        "fields": {
            "section": 19,
            "lessons": 48
        }
    },
    {
        "model": "api.sectionlessons",
        "pk": 38,
        "fields": {
            "section": 19,
            "lessons": 59
        }
    },
    {
        "model": "api.sectionlessons",
        "pk": 39,
        "fields": {
            "section": 19,
            "lessons": 103
        }
    },
    {
        "model": "api.smsverification",
        "pk": 1,
        "fields": {
            "created_by_user": null,
            "deleted": "b'\\x00'",
            "modified_by_user": null,
            "code": "4953",
            "expiration_date": 1602761949208,
            "mobile_no": "09122988910"
        }
    },
    {
        "model": "api.smsverification",
        "pk": 2,
        "fields": {
            "created_by_user": null,
            "deleted": "b'\\x00'",
            "modified_by_user": null,
            "code": "3520",
            "expiration_date": 1602867995485,
            "mobile_no": "09377874829"
        }
    },
    {
        "model": "api.smsverification",
        "pk": 3,
        "fields": {
            "created_by_user": null,
            "deleted": "b'\\x00'",
            "modified_by_user": null,
            "code": "1471",
            "expiration_date": 1602949825197,
            "mobile_no": "09912037426"
        }
    },
    {
        "model": "api.timeinterval",
        "pk": 13,
        "fields": {
            "created_by_user": null,
            "deleted": "b'\\x00'",
            "modified_by_user": null,
            "class_type": 3,
            "day_of_week": "saturday",
            "end_time": "10:30:00",
            "start_time": "08:30:00",
            "teacher_id": 2,
            "teacher_timeline_id": 1
        }
    },
    {
        "model": "api.timeinterval",
        "pk": 14,
        "fields": {
            "created_by_user": null,
            "deleted": "b'\\x00'",
            "modified_by_user": null,
            "class_type": 3,
            "day_of_week": "sunday",
            "end_time": "10:30:00",
            "start_time": "08:30:00",
            "teacher_id": 2,
            "teacher_timeline_id": 1
        }
    },
    {
        "model": "api.timeinterval",
        "pk": 15,
        "fields": {
            "created_by_user": null,
            "deleted": "b'\\x00'",
            "modified_by_user": null,
            "class_type": 3,
            "day_of_week": "monday",
            "end_time": "10:30:00",
            "start_time": "08:30:00",
            "teacher_id": 2,
            "teacher_timeline_id": 1
        }
    },
    {
        "model": "api.timeinterval",
        "pk": 16,
        "fields": {
            "created_by_user": null,
            "deleted": "b'\\x00'",
            "modified_by_user": null,
            "class_type": 3,
            "day_of_week": "thursday",
            "end_time": "16:30:00",
            "start_time": "14:30:00",
            "teacher_id": 2,
            "teacher_timeline_id": 1
        }
    },
    {
        "model": "api.timeinterval",
        "pk": 17,
        "fields": {
            "created_by_user": null,
            "deleted": "b'\\x00'",
            "modified_by_user": null,
            "class_type": 3,
            "day_of_week": "thursday",
            "end_time": "14:30:00",
            "start_time": "12:30:00",
            "teacher_id": 2,
            "teacher_timeline_id": 1
        }
    },
    {
        "model": "api.timeinterval",
        "pk": 18,
        "fields": {
            "created_by_user": null,
            "deleted": "b'\\x00'",
            "modified_by_user": null,
            "class_type": 3,
            "day_of_week": "thursday",
            "end_time": "12:30:00",
            "start_time": "10:30:00",
            "teacher_id": 2,
            "teacher_timeline_id": 1
        }
    },
    {
        "model": "api.timeinterval",
        "pk": 19,
        "fields": {
            "created_by_user": null,
            "deleted": "b'\\x00'",
            "modified_by_user": null,
            "class_type": 3,
            "day_of_week": "saturday",
            "end_time": "12:30:00",
            "start_time": "10:30:00",
            "teacher_id": 2,
            "teacher_timeline_id": 1
        }
    },
    {
        "model": "api.timeinterval",
        "pk": 20,
        "fields": {
            "created_by_user": null,
            "deleted": "b'\\x00'",
            "modified_by_user": null,
            "class_type": 3,
            "day_of_week": "sunday",
            "end_time": "12:30:00",
            "start_time": "10:30:00",
            "teacher_id": 2,
            "teacher_timeline_id": 1
        }
    },
    {
        "model": "api.timeinterval",
        "pk": 45,
        "fields": {
            "created_by_user": null,
            "deleted": "b'\\x00'",
            "modified_by_user": null,
            "class_type": 3,
            "day_of_week": "saturday",
            "end_time": "10:30:00",
            "start_time": "08:30:00",
            "teacher_id": 21,
            "teacher_timeline_id": 3
        }
    },
    {
        "model": "api.timeinterval",
        "pk": 46,
        "fields": {
            "created_by_user": null,
            "deleted": "b'\\x00'",
            "modified_by_user": null,
            "class_type": 3,
            "day_of_week": "saturday",
            "end_time": "12:30:00",
            "start_time": "10:30:00",
            "teacher_id": 21,
            "teacher_timeline_id": 3
        }
    },
    {
        "model": "api.timeinterval",
        "pk": 47,
        "fields": {
            "created_by_user": null,
            "deleted": "b'\\x00'",
            "modified_by_user": null,
            "class_type": 3,
            "day_of_week": "saturday",
            "end_time": "14:30:00",
            "start_time": "12:30:00",
            "teacher_id": 21,
            "teacher_timeline_id": 3
        }
    },
    {
        "model": "api.timeinterval",
        "pk": 48,
        "fields": {
            "created_by_user": null,
            "deleted": "b'\\x00'",
            "modified_by_user": null,
            "class_type": 3,
            "day_of_week": "saturday",
            "end_time": "16:30:00",
            "start_time": "14:30:00",
            "teacher_id": 21,
            "teacher_timeline_id": 3
        }
    },
    {
        "model": "api.timeinterval",
        "pk": 49,
        "fields": {
            "created_by_user": null,
            "deleted": "b'\\x00'",
            "modified_by_user": null,
            "class_type": 3,
            "day_of_week": "monday",
            "end_time": "10:30:00",
            "start_time": "08:30:00",
            "teacher_id": 21,
            "teacher_timeline_id": 3
        }
    },
    {
        "model": "api.timeinterval",
        "pk": 50,
        "fields": {
            "created_by_user": null,
            "deleted": "b'\\x00'",
            "modified_by_user": null,
            "class_type": 3,
            "day_of_week": "monday",
            "end_time": "12:30:00",
            "start_time": "10:30:00",
            "teacher_id": 21,
            "teacher_timeline_id": 3
        }
    },
    {
        "model": "api.timeinterval",
        "pk": 51,
        "fields": {
            "created_by_user": null,
            "deleted": "b'\\x00'",
            "modified_by_user": null,
            "class_type": 3,
            "day_of_week": "monday",
            "end_time": "14:30:00",
            "start_time": "12:30:00",
            "teacher_id": 21,
            "teacher_timeline_id": 3
        }
    },
    {
        "model": "api.timeinterval",
        "pk": 52,
        "fields": {
            "created_by_user": null,
            "deleted": "b'\\x00'",
            "modified_by_user": null,
            "class_type": 3,
            "day_of_week": "monday",
            "end_time": "16:30:00",
            "start_time": "14:30:00",
            "teacher_id": 21,
            "teacher_timeline_id": 3
        }
    },
    {
        "model": "api.timeinterval",
        "pk": 53,
        "fields": {
            "created_by_user": null,
            "deleted": "b'\\x00'",
            "modified_by_user": null,
            "class_type": 3,
            "day_of_week": "sunday",
            "end_time": "16:30:00",
            "start_time": "14:30:00",
            "teacher_id": 21,
            "teacher_timeline_id": 3
        }
    },
    {
        "model": "api.timeinterval",
        "pk": 54,
        "fields": {
            "created_by_user": null,
            "deleted": "b'\\x00'",
            "modified_by_user": null,
            "class_type": 3,
            "day_of_week": "sunday",
            "end_time": "14:30:00",
            "start_time": "12:30:00",
            "teacher_id": 21,
            "teacher_timeline_id": 3
        }
    },
    {
        "model": "api.timeinterval",
        "pk": 55,
        "fields": {
            "created_by_user": null,
            "deleted": "b'\\x00'",
            "modified_by_user": null,
            "class_type": 3,
            "day_of_week": "sunday",
            "end_time": "12:30:00",
            "start_time": "10:30:00",
            "teacher_id": 21,
            "teacher_timeline_id": 3
        }
    },
    {
        "model": "api.timeinterval",
        "pk": 56,
        "fields": {
            "created_by_user": null,
            "deleted": "b'\\x00'",
            "modified_by_user": null,
            "class_type": 3,
            "day_of_week": "sunday",
            "end_time": "10:30:00",
            "start_time": "08:30:00",
            "teacher_id": 21,
            "teacher_timeline_id": 3
        }
    },
    {
        "model": "api.timeinterval",
        "pk": 57,
        "fields": {
            "created_by_user": null,
            "deleted": "b'\\x00'",
            "modified_by_user": null,
            "class_type": 3,
            "day_of_week": "tuesday",
            "end_time": "10:30:00",
            "start_time": "08:30:00",
            "teacher_id": 21,
            "teacher_timeline_id": 3
        }
    },
    {
        "model": "api.timeinterval",
        "pk": 58,
        "fields": {
            "created_by_user": null,
            "deleted": "b'\\x00'",
            "modified_by_user": null,
            "class_type": 3,
            "day_of_week": "tuesday",
            "end_time": "12:30:00",
            "start_time": "10:30:00",
            "teacher_id": 21,
            "teacher_timeline_id": 3
        }
    },
    {
        "model": "api.timeinterval",
        "pk": 59,
        "fields": {
            "created_by_user": null,
            "deleted": "b'\\x00'",
            "modified_by_user": null,
            "class_type": 3,
            "day_of_week": "tuesday",
            "end_time": "14:30:00",
            "start_time": "12:30:00",
            "teacher_id": 21,
            "teacher_timeline_id": 3
        }
    },
    {
        "model": "api.timeinterval",
        "pk": 60,
        "fields": {
            "created_by_user": null,
            "deleted": "b'\\x00'",
            "modified_by_user": null,
            "class_type": 3,
            "day_of_week": "tuesday",
            "end_time": "16:30:00",
            "start_time": "14:30:00",
            "teacher_id": 21,
            "teacher_timeline_id": 3
        }
    },
    {
        "model": "api.timeinterval",
        "pk": 61,
        "fields": {
            "created_by_user": null,
            "deleted": "b'\\x00'",
            "modified_by_user": null,
            "class_type": 3,
            "day_of_week": "wendsday",
            "end_time": "16:30:00",
            "start_time": "14:30:00",
            "teacher_id": 21,
            "teacher_timeline_id": 3
        }
    },
    {
        "model": "api.timeinterval",
        "pk": 62,
        "fields": {
            "created_by_user": null,
            "deleted": "b'\\x00'",
            "modified_by_user": null,
            "class_type": 3,
            "day_of_week": "wendsday",
            "end_time": "14:30:00",
            "start_time": "12:30:00",
            "teacher_id": 21,
            "teacher_timeline_id": 3
        }
    },
    {
        "model": "api.timeinterval",
        "pk": 63,
        "fields": {
            "created_by_user": null,
            "deleted": "b'\\x00'",
            "modified_by_user": null,
            "class_type": 3,
            "day_of_week": "wendsday",
            "end_time": "12:30:00",
            "start_time": "10:30:00",
            "teacher_id": 21,
            "teacher_timeline_id": 3
        }
    },
    {
        "model": "api.timeinterval",
        "pk": 64,
        "fields": {
            "created_by_user": null,
            "deleted": "b'\\x00'",
            "modified_by_user": null,
            "class_type": 3,
            "day_of_week": "wendsday",
            "end_time": "10:30:00",
            "start_time": "08:30:00",
            "teacher_id": 21,
            "teacher_timeline_id": 3
        }
    },
    {
        "model": "api.timeinterval",
        "pk": 65,
        "fields": {
            "created_by_user": null,
            "deleted": "b'\\x00'",
            "modified_by_user": null,
            "class_type": 3,
            "day_of_week": "thursday",
            "end_time": "10:30:00",
            "start_time": "08:30:00",
            "teacher_id": 21,
            "teacher_timeline_id": 3
        }
    },
    {
        "model": "api.timeinterval",
        "pk": 66,
        "fields": {
            "created_by_user": null,
            "deleted": "b'\\x00'",
            "modified_by_user": null,
            "class_type": 3,
            "day_of_week": "thursday",
            "end_time": "12:30:00",
            "start_time": "10:30:00",
            "teacher_id": 21,
            "teacher_timeline_id": 3
        }
    },
    {
        "model": "api.timeinterval",
        "pk": 67,
        "fields": {
            "created_by_user": null,
            "deleted": "b'\\x00'",
            "modified_by_user": null,
            "class_type": 3,
            "day_of_week": "thursday",
            "end_time": "14:30:00",
            "start_time": "12:30:00",
            "teacher_id": 21,
            "teacher_timeline_id": 3
        }
    },
    {
        "model": "api.timeinterval",
        "pk": 68,
        "fields": {
            "created_by_user": null,
            "deleted": "b'\\x00'",
            "modified_by_user": null,
            "class_type": 3,
            "day_of_week": "thursday",
            "end_time": "16:30:00",
            "start_time": "14:30:00",
            "teacher_id": 21,
            "teacher_timeline_id": 3
        }
    },
    {
        "model": "api.timeinterval",
        "pk": 72,
        "fields": {
            "created_by_user": null,
            "deleted": "b'\\x00'",
            "modified_by_user": null,
            "class_type": 3,
            "day_of_week": "saturday",
            "end_time": "10:30:00",
            "start_time": "08:30:00",
            "teacher_id": 13,
            "teacher_timeline_id": 2
        }
    },
    {
        "model": "api.timeinterval",
        "pk": 73,
        "fields": {
            "created_by_user": null,
            "deleted": "b'\\x00'",
            "modified_by_user": null,
            "class_type": 3,
            "day_of_week": "sunday",
            "end_time": "12:30:00",
            "start_time": "10:30:00",
            "teacher_id": 13,
            "teacher_timeline_id": 2
        }
    },
    {
        "model": "api.timeinterval",
        "pk": 74,
        "fields": {
            "created_by_user": null,
            "deleted": "b'\\x00'",
            "modified_by_user": null,
            "class_type": 3,
            "day_of_week": "monday",
            "end_time": "14:30:00",
            "start_time": "12:30:00",
            "teacher_id": 13,
            "teacher_timeline_id": 2
        }
    },
    {
        "model": "api.timeinterval",
        "pk": 75,
        "fields": {
            "created_by_user": null,
            "deleted": "b'\\x00'",
            "modified_by_user": null,
            "class_type": 3,
            "day_of_week": "friday",
            "end_time": "10:30:00",
            "start_time": "08:30:00",
            "teacher_id": 19,
            "teacher_timeline_id": 4
        }
    },
    {
        "model": "api.timeinterval",
        "pk": 76,
        "fields": {
            "created_by_user": null,
            "deleted": "b'\\x00'",
            "modified_by_user": null,
            "class_type": 3,
            "day_of_week": "thursday",
            "end_time": "10:30:00",
            "start_time": "08:30:00",
            "teacher_id": 19,
            "teacher_timeline_id": 4
        }
    },
    {
        "model": "api.timeinterval",
        "pk": 77,
        "fields": {
            "created_by_user": null,
            "deleted": "b'\\x00'",
            "modified_by_user": null,
            "class_type": 3,
            "day_of_week": "wendsday",
            "end_time": "10:30:00",
            "start_time": "08:30:00",
            "teacher_id": 19,
            "teacher_timeline_id": 4
        }
    },
    {
        "model": "api.timeinterval",
        "pk": 78,
        "fields": {
            "created_by_user": null,
            "deleted": "b'\\x00'",
            "modified_by_user": null,
            "class_type": 3,
            "day_of_week": "tuesday",
            "end_time": "10:30:00",
            "start_time": "08:30:00",
            "teacher_id": 19,
            "teacher_timeline_id": 4
        }
    },
    {
        "model": "api.timeinterval",
        "pk": 79,
        "fields": {
            "created_by_user": null,
            "deleted": "b'\\x00'",
            "modified_by_user": null,
            "class_type": 3,
            "day_of_week": "monday",
            "end_time": "10:30:00",
            "start_time": "08:30:00",
            "teacher_id": 19,
            "teacher_timeline_id": 4
        }
    },
    {
        "model": "api.timeinterval",
        "pk": 80,
        "fields": {
            "created_by_user": null,
            "deleted": "b'\\x00'",
            "modified_by_user": null,
            "class_type": 3,
            "day_of_week": "saturday",
            "end_time": "10:30:00",
            "start_time": "08:30:00",
            "teacher_id": 19,
            "teacher_timeline_id": 4
        }
    },
    {
        "model": "api.timeinterval",
        "pk": 81,
        "fields": {
            "created_by_user": null,
            "deleted": "b'\\x00'",
            "modified_by_user": null,
            "class_type": 3,
            "day_of_week": "sunday",
            "end_time": "10:30:00",
            "start_time": "08:30:00",
            "teacher_id": 19,
            "teacher_timeline_id": 4
        }
    },
    {
        "model": "api.timeinterval",
        "pk": 82,
        "fields": {
            "created_by_user": null,
            "deleted": "b'\\x00'",
            "modified_by_user": null,
            "class_type": 3,
            "day_of_week": "saturday",
            "end_time": "12:30:00",
            "start_time": "10:30:00",
            "teacher_id": 19,
            "teacher_timeline_id": 4
        }
    },
    {
        "model": "api.timeinterval",
        "pk": 83,
        "fields": {
            "created_by_user": null,
            "deleted": "b'\\x00'",
            "modified_by_user": null,
            "class_type": 3,
            "day_of_week": "sunday",
            "end_time": "12:30:00",
            "start_time": "10:30:00",
            "teacher_id": 19,
            "teacher_timeline_id": 4
        }
    },
    {
        "model": "api.timeinterval",
        "pk": 84,
        "fields": {
            "created_by_user": null,
            "deleted": "b'\\x00'",
            "modified_by_user": null,
            "class_type": 3,
            "day_of_week": "monday",
            "end_time": "12:30:00",
            "start_time": "10:30:00",
            "teacher_id": 19,
            "teacher_timeline_id": 4
        }
    },
    {
        "model": "api.timeinterval",
        "pk": 85,
        "fields": {
            "created_by_user": null,
            "deleted": "b'\\x00'",
            "modified_by_user": null,
            "class_type": 3,
            "day_of_week": "tuesday",
            "end_time": "12:30:00",
            "start_time": "10:30:00",
            "teacher_id": 19,
            "teacher_timeline_id": 4
        }
    },
    {
        "model": "api.timeinterval",
        "pk": 86,
        "fields": {
            "created_by_user": null,
            "deleted": "b'\\x00'",
            "modified_by_user": null,
            "class_type": 3,
            "day_of_week": "wendsday",
            "end_time": "12:30:00",
            "start_time": "10:30:00",
            "teacher_id": 19,
            "teacher_timeline_id": 4
        }
    },
    {
        "model": "api.timeinterval",
        "pk": 87,
        "fields": {
            "created_by_user": null,
            "deleted": "b'\\x00'",
            "modified_by_user": null,
            "class_type": 3,
            "day_of_week": "thursday",
            "end_time": "12:30:00",
            "start_time": "10:30:00",
            "teacher_id": 19,
            "teacher_timeline_id": 4
        }
    },
    {
        "model": "api.timeinterval",
        "pk": 88,
        "fields": {
            "created_by_user": null,
            "deleted": "b'\\x00'",
            "modified_by_user": null,
            "class_type": 3,
            "day_of_week": "friday",
            "end_time": "12:30:00",
            "start_time": "10:30:00",
            "teacher_id": 19,
            "teacher_timeline_id": 4
        }
    },
    {
        "model": "api.timeinterval",
        "pk": 89,
        "fields": {
            "created_by_user": null,
            "deleted": "b'\\x00'",
            "modified_by_user": null,
            "class_type": 3,
            "day_of_week": "friday",
            "end_time": "14:30:00",
            "start_time": "12:30:00",
            "teacher_id": 19,
            "teacher_timeline_id": 4
        }
    },
    {
        "model": "api.timeinterval",
        "pk": 90,
        "fields": {
            "created_by_user": null,
            "deleted": "b'\\x00'",
            "modified_by_user": null,
            "class_type": 3,
            "day_of_week": "thursday",
            "end_time": "14:30:00",
            "start_time": "12:30:00",
            "teacher_id": 19,
            "teacher_timeline_id": 4
        }
    },
    {
        "model": "api.timeinterval",
        "pk": 91,
        "fields": {
            "created_by_user": null,
            "deleted": "b'\\x00'",
            "modified_by_user": null,
            "class_type": 3,
            "day_of_week": "wendsday",
            "end_time": "14:30:00",
            "start_time": "12:30:00",
            "teacher_id": 19,
            "teacher_timeline_id": 4
        }
    },
    {
        "model": "api.timeinterval",
        "pk": 92,
        "fields": {
            "created_by_user": null,
            "deleted": "b'\\x00'",
            "modified_by_user": null,
            "class_type": 3,
            "day_of_week": "tuesday",
            "end_time": "14:30:00",
            "start_time": "12:30:00",
            "teacher_id": 19,
            "teacher_timeline_id": 4
        }
    },
    {
        "model": "api.timeinterval",
        "pk": 93,
        "fields": {
            "created_by_user": null,
            "deleted": "b'\\x00'",
            "modified_by_user": null,
            "class_type": 3,
            "day_of_week": "monday",
            "end_time": "14:30:00",
            "start_time": "12:30:00",
            "teacher_id": 19,
            "teacher_timeline_id": 4
        }
    },
    {
        "model": "api.timeinterval",
        "pk": 94,
        "fields": {
            "created_by_user": null,
            "deleted": "b'\\x00'",
            "modified_by_user": null,
            "class_type": 3,
            "day_of_week": "sunday",
            "end_time": "14:30:00",
            "start_time": "12:30:00",
            "teacher_id": 19,
            "teacher_timeline_id": 4
        }
    },
    {
        "model": "api.timeinterval",
        "pk": 95,
        "fields": {
            "created_by_user": null,
            "deleted": "b'\\x00'",
            "modified_by_user": null,
            "class_type": 3,
            "day_of_week": "saturday",
            "end_time": "14:30:00",
            "start_time": "12:30:00",
            "teacher_id": 19,
            "teacher_timeline_id": 4
        }
    },
    {
        "model": "api.timeinterval",
        "pk": 96,
        "fields": {
            "created_by_user": null,
            "deleted": "b'\\x00'",
            "modified_by_user": null,
            "class_type": 3,
            "day_of_week": "saturday",
            "end_time": "16:30:00",
            "start_time": "14:30:00",
            "teacher_id": 19,
            "teacher_timeline_id": 4
        }
    },
    {
        "model": "api.timeinterval",
        "pk": 97,
        "fields": {
            "created_by_user": null,
            "deleted": "b'\\x00'",
            "modified_by_user": null,
            "class_type": 3,
            "day_of_week": "sunday",
            "end_time": "16:30:00",
            "start_time": "14:30:00",
            "teacher_id": 19,
            "teacher_timeline_id": 4
        }
    },
    {
        "model": "api.timeinterval",
        "pk": 98,
        "fields": {
            "created_by_user": null,
            "deleted": "b'\\x00'",
            "modified_by_user": null,
            "class_type": 3,
            "day_of_week": "monday",
            "end_time": "16:30:00",
            "start_time": "14:30:00",
            "teacher_id": 19,
            "teacher_timeline_id": 4
        }
    },
    {
        "model": "api.timeinterval",
        "pk": 99,
        "fields": {
            "created_by_user": null,
            "deleted": "b'\\x00'",
            "modified_by_user": null,
            "class_type": 3,
            "day_of_week": "tuesday",
            "end_time": "16:30:00",
            "start_time": "14:30:00",
            "teacher_id": 19,
            "teacher_timeline_id": 4
        }
    },
    {
        "model": "api.timeinterval",
        "pk": 100,
        "fields": {
            "created_by_user": null,
            "deleted": "b'\\x00'",
            "modified_by_user": null,
            "class_type": 3,
            "day_of_week": "wendsday",
            "end_time": "16:30:00",
            "start_time": "14:30:00",
            "teacher_id": 19,
            "teacher_timeline_id": 4
        }
    },
    {
        "model": "api.timeinterval",
        "pk": 101,
        "fields": {
            "created_by_user": null,
            "deleted": "b'\\x00'",
            "modified_by_user": null,
            "class_type": 3,
            "day_of_week": "thursday",
            "end_time": "16:30:00",
            "start_time": "14:30:00",
            "teacher_id": 19,
            "teacher_timeline_id": 4
        }
    },
    {
        "model": "api.timeinterval",
        "pk": 102,
        "fields": {
            "created_by_user": null,
            "deleted": "b'\\x00'",
            "modified_by_user": null,
            "class_type": 3,
            "day_of_week": "friday",
            "end_time": "16:30:00",
            "start_time": "14:30:00",
            "teacher_id": 19,
            "teacher_timeline_id": 4
        }
    },
    {
        "model": "api.timelinefreetimeintervals",
        "pk": 1,
        "fields": {
            "time_line": 1,
            "free_time_intervals": 13
        }
    },
    {
        "model": "api.timelinefreetimeintervals",
        "pk": 2,
        "fields": {
            "time_line": 1,
            "free_time_intervals": 14
        }
    },
    {
        "model": "api.timelinefreetimeintervals",
        "pk": 3,
        "fields": {
            "time_line": 1,
            "free_time_intervals": 15
        }
    },
    {
        "model": "api.timelinefreetimeintervals",
        "pk": 4,
        "fields": {
            "time_line": 1,
            "free_time_intervals": 16
        }
    },
    {
        "model": "api.timelinefreetimeintervals",
        "pk": 5,
        "fields": {
            "time_line": 1,
            "free_time_intervals": 17
        }
    },
    {
        "model": "api.timelinefreetimeintervals",
        "pk": 6,
        "fields": {
            "time_line": 1,
            "free_time_intervals": 18
        }
    },
    {
        "model": "api.timelinefreetimeintervals",
        "pk": 7,
        "fields": {
            "time_line": 1,
            "free_time_intervals": 19
        }
    },
    {
        "model": "api.timelinefreetimeintervals",
        "pk": 8,
        "fields": {
            "time_line": 1,
            "free_time_intervals": 20
        }
    },
    {
        "model": "api.timelinefreetimeintervals",
        "pk": 9,
        "fields": {
            "time_line": 3,
            "free_time_intervals": 45
        }
    },
    {
        "model": "api.timelinefreetimeintervals",
        "pk": 10,
        "fields": {
            "time_line": 3,
            "free_time_intervals": 46
        }
    },
    {
        "model": "api.timelinefreetimeintervals",
        "pk": 11,
        "fields": {
            "time_line": 3,
            "free_time_intervals": 47
        }
    },
    {
        "model": "api.timelinefreetimeintervals",
        "pk": 12,
        "fields": {
            "time_line": 3,
            "free_time_intervals": 48
        }
    },
    {
        "model": "api.timelinefreetimeintervals",
        "pk": 13,
        "fields": {
            "time_line": 3,
            "free_time_intervals": 49
        }
    },
    {
        "model": "api.timelinefreetimeintervals",
        "pk": 14,
        "fields": {
            "time_line": 3,
            "free_time_intervals": 50
        }
    },
    {
        "model": "api.timelinefreetimeintervals",
        "pk": 15,
        "fields": {
            "time_line": 3,
            "free_time_intervals": 51
        }
    },
    {
        "model": "api.timelinefreetimeintervals",
        "pk": 16,
        "fields": {
            "time_line": 3,
            "free_time_intervals": 52
        }
    },
    {
        "model": "api.timelinefreetimeintervals",
        "pk": 17,
        "fields": {
            "time_line": 3,
            "free_time_intervals": 53
        }
    },
    {
        "model": "api.timelinefreetimeintervals",
        "pk": 18,
        "fields": {
            "time_line": 3,
            "free_time_intervals": 54
        }
    },
    {
        "model": "api.timelinefreetimeintervals",
        "pk": 19,
        "fields": {
            "time_line": 3,
            "free_time_intervals": 55
        }
    },
    {
        "model": "api.timelinefreetimeintervals",
        "pk": 20,
        "fields": {
            "time_line": 3,
            "free_time_intervals": 56
        }
    },
    {
        "model": "api.timelinefreetimeintervals",
        "pk": 21,
        "fields": {
            "time_line": 3,
            "free_time_intervals": 57
        }
    },
    {
        "model": "api.timelinefreetimeintervals",
        "pk": 22,
        "fields": {
            "time_line": 3,
            "free_time_intervals": 58
        }
    },
    {
        "model": "api.timelinefreetimeintervals",
        "pk": 23,
        "fields": {
            "time_line": 3,
            "free_time_intervals": 59
        }
    },
    {
        "model": "api.timelinefreetimeintervals",
        "pk": 24,
        "fields": {
            "time_line": 3,
            "free_time_intervals": 60
        }
    },
    {
        "model": "api.timelinefreetimeintervals",
        "pk": 25,
        "fields": {
            "time_line": 3,
            "free_time_intervals": 61
        }
    },
    {
        "model": "api.timelinefreetimeintervals",
        "pk": 26,
        "fields": {
            "time_line": 3,
            "free_time_intervals": 62
        }
    },
    {
        "model": "api.timelinefreetimeintervals",
        "pk": 27,
        "fields": {
            "time_line": 3,
            "free_time_intervals": 63
        }
    },
    {
        "model": "api.timelinefreetimeintervals",
        "pk": 28,
        "fields": {
            "time_line": 3,
            "free_time_intervals": 64
        }
    },
    {
        "model": "api.timelinefreetimeintervals",
        "pk": 29,
        "fields": {
            "time_line": 3,
            "free_time_intervals": 65
        }
    },
    {
        "model": "api.timelinefreetimeintervals",
        "pk": 30,
        "fields": {
            "time_line": 3,
            "free_time_intervals": 66
        }
    },
    {
        "model": "api.timelinefreetimeintervals",
        "pk": 31,
        "fields": {
            "time_line": 3,
            "free_time_intervals": 67
        }
    },
    {
        "model": "api.timelinefreetimeintervals",
        "pk": 32,
        "fields": {
            "time_line": 3,
            "free_time_intervals": 68
        }
    },
    {
        "model": "api.timelinefreetimeintervals",
        "pk": 33,
        "fields": {
            "time_line": 2,
            "free_time_intervals": 72
        }
    },
    {
        "model": "api.timelinefreetimeintervals",
        "pk": 34,
        "fields": {
            "time_line": 2,
            "free_time_intervals": 73
        }
    },
    {
        "model": "api.timelinefreetimeintervals",
        "pk": 35,
        "fields": {
            "time_line": 2,
            "free_time_intervals": 74
        }
    },
    {
        "model": "api.timelinefreetimeintervals",
        "pk": 36,
        "fields": {
            "time_line": 4,
            "free_time_intervals": 75
        }
    },
    {
        "model": "api.timelinefreetimeintervals",
        "pk": 37,
        "fields": {
            "time_line": 4,
            "free_time_intervals": 76
        }
    },
    {
        "model": "api.timelinefreetimeintervals",
        "pk": 38,
        "fields": {
            "time_line": 4,
            "free_time_intervals": 77
        }
    },
    {
        "model": "api.timelinefreetimeintervals",
        "pk": 39,
        "fields": {
            "time_line": 4,
            "free_time_intervals": 78
        }
    },
    {
        "model": "api.timelinefreetimeintervals",
        "pk": 40,
        "fields": {
            "time_line": 4,
            "free_time_intervals": 79
        }
    },
    {
        "model": "api.timelinefreetimeintervals",
        "pk": 41,
        "fields": {
            "time_line": 4,
            "free_time_intervals": 80
        }
    },
    {
        "model": "api.timelinefreetimeintervals",
        "pk": 42,
        "fields": {
            "time_line": 4,
            "free_time_intervals": 81
        }
    },
    {
        "model": "api.timelinefreetimeintervals",
        "pk": 43,
        "fields": {
            "time_line": 4,
            "free_time_intervals": 82
        }
    },
    {
        "model": "api.timelinefreetimeintervals",
        "pk": 44,
        "fields": {
            "time_line": 4,
            "free_time_intervals": 83
        }
    },
    {
        "model": "api.timelinefreetimeintervals",
        "pk": 45,
        "fields": {
            "time_line": 4,
            "free_time_intervals": 84
        }
    },
    {
        "model": "api.timelinefreetimeintervals",
        "pk": 46,
        "fields": {
            "time_line": 4,
            "free_time_intervals": 85
        }
    },
    {
        "model": "api.timelinefreetimeintervals",
        "pk": 47,
        "fields": {
            "time_line": 4,
            "free_time_intervals": 86
        }
    },
    {
        "model": "api.timelinefreetimeintervals",
        "pk": 48,
        "fields": {
            "time_line": 4,
            "free_time_intervals": 87
        }
    },
    {
        "model": "api.timelinefreetimeintervals",
        "pk": 49,
        "fields": {
            "time_line": 4,
            "free_time_intervals": 88
        }
    },
    {
        "model": "api.timelinefreetimeintervals",
        "pk": 50,
        "fields": {
            "time_line": 4,
            "free_time_intervals": 89
        }
    },
    {
        "model": "api.timelinefreetimeintervals",
        "pk": 51,
        "fields": {
            "time_line": 4,
            "free_time_intervals": 90
        }
    },
    {
        "model": "api.timelinefreetimeintervals",
        "pk": 52,
        "fields": {
            "time_line": 4,
            "free_time_intervals": 91
        }
    },
    {
        "model": "api.timelinefreetimeintervals",
        "pk": 53,
        "fields": {
            "time_line": 4,
            "free_time_intervals": 92
        }
    },
    {
        "model": "api.timelinefreetimeintervals",
        "pk": 54,
        "fields": {
            "time_line": 4,
            "free_time_intervals": 93
        }
    },
    {
        "model": "api.timelinefreetimeintervals",
        "pk": 55,
        "fields": {
            "time_line": 4,
            "free_time_intervals": 94
        }
    },
    {
        "model": "api.timelinefreetimeintervals",
        "pk": 56,
        "fields": {
            "time_line": 4,
            "free_time_intervals": 95
        }
    },
    {
        "model": "api.timelinefreetimeintervals",
        "pk": 57,
        "fields": {
            "time_line": 4,
            "free_time_intervals": 96
        }
    },
    {
        "model": "api.timelinefreetimeintervals",
        "pk": 58,
        "fields": {
            "time_line": 4,
            "free_time_intervals": 97
        }
    },
    {
        "model": "api.timelinefreetimeintervals",
        "pk": 59,
        "fields": {
            "time_line": 4,
            "free_time_intervals": 98
        }
    },
    {
        "model": "api.timelinefreetimeintervals",
        "pk": 60,
        "fields": {
            "time_line": 4,
            "free_time_intervals": 99
        }
    },
    {
        "model": "api.timelinefreetimeintervals",
        "pk": 61,
        "fields": {
            "time_line": 4,
            "free_time_intervals": 100
        }
    },
    {
        "model": "api.timelinefreetimeintervals",
        "pk": 62,
        "fields": {
            "time_line": 4,
            "free_time_intervals": 101
        }
    },
    {
        "model": "api.timelinefreetimeintervals",
        "pk": 63,
        "fields": {
            "time_line": 4,
            "free_time_intervals": 102
        }
    },
    {
        "model": "api.timelinelessons",
        "pk": 1,
        "fields": {
            "time_line": 1,
            "lessons": 8
        }
    },
    {
        "model": "api.timelinelessons",
        "pk": 2,
        "fields": {
            "time_line": 2,
            "lessons": 1
        }
    },
    {
        "model": "api.timelinelessons",
        "pk": 3,
        "fields": {
            "time_line": 2,
            "lessons": 2
        }
    },
    {
        "model": "api.timelinelessons",
        "pk": 4,
        "fields": {
            "time_line": 2,
            "lessons": 3
        }
    },
    {
        "model": "api.timelinelessons",
        "pk": 5,
        "fields": {
            "time_line": 2,
            "lessons": 101
        }
    },
    {
        "model": "api.timelinelessons",
        "pk": 6,
        "fields": {
            "time_line": 2,
            "lessons": 118
        }
    },
    {
        "model": "api.timelinelessons",
        "pk": 7,
        "fields": {
            "time_line": 2,
            "lessons": 136
        }
    },
    {
        "model": "api.timelinelessons",
        "pk": 8,
        "fields": {
            "time_line": 4,
            "lessons": 4
        }
    },
    {
        "model": "api.timelinelessons",
        "pk": 9,
        "fields": {
            "time_line": 4,
            "lessons": 13
        }
    },
    {
        "model": "api.timelinelessons",
        "pk": 10,
        "fields": {
            "time_line": 4,
            "lessons": 21
        }
    },
    {
        "model": "api.timelinelessons",
        "pk": 11,
        "fields": {
            "time_line": 4,
            "lessons": 30
        }
    },
    {
        "model": "api.timelinelessons",
        "pk": 12,
        "fields": {
            "time_line": 4,
            "lessons": 39
        }
    },
    {
        "model": "api.timelinelessons",
        "pk": 13,
        "fields": {
            "time_line": 4,
            "lessons": 48
        }
    },
    {
        "model": "api.timelinelessons",
        "pk": 14,
        "fields": {
            "time_line": 4,
            "lessons": 59
        }
    },
    {
        "model": "api.timelinelessons",
        "pk": 15,
        "fields": {
            "time_line": 4,
            "lessons": 103
        }
    },
    {
        "model": "api.timeline",
        "pk": 1,
        "fields": {
            "created_by_user": null,
            "deleted": "b'\\x00'",
            "modified_by_user": null,
            "teacher_id": 2
        }
    },
    {
        "model": "api.timeline",
        "pk": 2,
        "fields": {
            "created_by_user": null,
            "deleted": "b'\\x00'",
            "modified_by_user": null,
            "teacher_id": 13
        }
    },
    {
        "model": "api.timeline",
        "pk": 3,
        "fields": {
            "created_by_user": null,
            "deleted": "b'\\x00'",
            "modified_by_user": null,
            "teacher_id": 21
        }
    },
    {
        "model": "api.timeline",
        "pk": 4,
        "fields": {
            "created_by_user": null,
            "deleted": "b'\\x00'",
            "modified_by_user": null,
            "teacher_id": 19
        }
    },
    {
        "model": "api.user",
        "pk": 1,
        "fields": {
            "created_by_user": null,
            "deleted": "b'\\x00'",
            "modified_by_user": null,
            "address": null,
            "birth_date": null,
            "birth_place": null,
            "cert_code": null,
            "city": null,
            "degree": null,
            "education_state": null,
            "email": null,
            "father_name": null,
            "father_phone": null,
            "first_name": "\u0627\u062f\u0645\u06cc\u0646",
            "gender": null,
            "job": "\u0645\u062f\u06cc\u0631\u06cc\u062a \u0633\u06cc\u0633\u062a\u0645",
            "last_name": "\u0633\u06cc\u0633\u062a\u0645",
            "level": null,
            "mobile_no": "09121234567",
            "mother_name": null,
            "mother_phone": null,
            "national_code": "1111111111",
            "parent_id": null,
            "password": "$2a$10$A2WLzoQGS1zI21YgiIWBde3bXuanRtRbt9Q0KlqrpyKcm/4HrnoAq",
            "phone_no": null,
            "profile_completed": null,
            "profile_image": null,
            "relationship": null,
            "role": 1,
            "school_id": 1,
            "state": null,
            "username": "admin",
            "zip_code": null,
            "field": null,
            "birth_certificate_image": null,
            "national_card_image": null
        }
    },
    {
        "model": "api.user",
        "pk": 2,
        "fields": {
            "created_by_user": null,
            "deleted": "b'\\x00'",
            "modified_by_user": null,
            "address": null,
            "birth_date": "2016-10-15T03:30:00Z",
            "birth_place": null,
            "cert_code": null,
            "city": null,
            "degree": null,
            "education_state": null,
            "email": null,
            "father_name": null,
            "father_phone": null,
            "first_name": "\u0639\u0644\u06cc",
            "gender": 1,
            "job": null,
            "last_name": "\u0634\u0639\u0627\u0639\u06cc",
            "level": null,
            "mobile_no": "09194080296",
            "mother_name": null,
            "mother_phone": null,
            "national_code": "0370032421",
            "parent_id": null,
            "password": "$2a$10$hHaWTxgnd9GKHvX64jV6XuDlJVQcGbPivuzoFhQE9FDsU0ZXW98Ey",
            "phone_no": null,
            "profile_completed": "b'\\x00'",
            "profile_image": null,
            "relationship": null,
            "role": 2,
            "school_id": 1,
            "state": null,
            "username": "0370032421",
            "zip_code": null,
            "field": null,
            "birth_certificate_image": null,
            "national_card_image": null
        }
    },
    {
        "model": "api.user",
        "pk": 3,
        "fields": {
            "created_by_user": null,
            "deleted": "b'\\x00'",
            "modified_by_user": null,
            "address": null,
            "birth_date": "2016-10-15T03:30:00Z",
            "birth_place": null,
            "cert_code": null,
            "city": null,
            "degree": 3,
            "education_state": null,
            "email": null,
            "father_name": null,
            "father_phone": null,
            "first_name": "\u062d\u0633\u06cc\u0646",
            "gender": 1,
            "job": null,
            "last_name": "\u0631\u0627\u062f",
            "level": 11,
            "mobile_no": "09102227076",
            "mother_name": null,
            "mother_phone": null,
            "national_code": "0021086079",
            "parent_id": null,
            "password": "$2a$10$KTY4Ds0qR9Gr4kwVh3DT.OQSY07VLenafFj7VcSWRxcjFdPCiSVUm",
            "phone_no": null,
            "profile_completed": "b'\\x00'",
            "profile_image": null,
            "relationship": null,
            "role": 3,
            "school_id": 1,
            "state": null,
            "username": "0021086079",
            "zip_code": null,
            "field": 1,
            "birth_certificate_image": null,
            "national_card_image": null
        }
    },
    {
        "model": "api.user",
        "pk": 4,
        "fields": {
            "created_by_user": null,
            "deleted": "b'\\x00'",
            "modified_by_user": null,
            "address": null,
            "birth_date": "2001-03-21T03:30:00Z",
            "birth_place": null,
            "cert_code": null,
            "city": null,
            "degree": 3,
            "education_state": null,
            "email": null,
            "father_name": null,
            "father_phone": null,
            "first_name": "\u0639\u0644\u06cc",
            "gender": 1,
            "job": null,
            "last_name": "\u062f\u0633\u062a\u0627\u0648\u06cc\u0632",
            "level": 11,
            "mobile_no": "09177160548",
            "mother_name": null,
            "mother_phone": null,
            "national_code": "2296886061",
            "parent_id": null,
            "password": "$2a$10$do.W7o7O0bDyqnH.ZiAjPOVKS5dJLQlMkQti5ce6CvNnkXZpgvsy6",
            "phone_no": null,
            "profile_completed": "b'\\x00'",
            "profile_image": null,
            "relationship": null,
            "role": 3,
            "school_id": 1,
            "state": null,
            "username": "2296886061",
            "zip_code": null,
            "field": 1,
            "birth_certificate_image": null,
            "national_card_image": null
        }
    },
    {
        "model": "api.user",
        "pk": 5,
        "fields": {
            "created_by_user": null,
            "deleted": "b'\\x00'",
            "modified_by_user": null,
            "address": null,
            "birth_date": "2001-03-21T03:30:00Z",
            "birth_place": null,
            "cert_code": null,
            "city": null,
            "degree": 3,
            "education_state": null,
            "email": null,
            "father_name": null,
            "father_phone": null,
            "first_name": "\u0627\u06cc\u0645\u0627\u0646 ",
            "gender": 1,
            "job": null,
            "last_name": "\u0645\u062d\u0633\u0646\u06cc",
            "level": 11,
            "mobile_no": "09199534348",
            "mother_name": null,
            "mother_phone": null,
            "national_code": "4060425435",
            "parent_id": null,
            "password": "$2a$10$C9RrslG6kakk5SomHfv2ueO2akH6yos1mavqiRHDM.kJKKkNViSG6",
            "phone_no": null,
            "profile_completed": "b'\\x00'",
            "profile_image": null,
            "relationship": null,
            "role": 3,
            "school_id": 1,
            "state": null,
            "username": "4060425435",
            "zip_code": null,
            "field": 1,
            "birth_certificate_image": null,
            "national_card_image": null
        }
    },
    {
        "model": "api.user",
        "pk": 6,
        "fields": {
            "created_by_user": null,
            "deleted": "b'\\x00'",
            "modified_by_user": null,
            "address": null,
            "birth_date": "2001-03-21T03:30:00Z",
            "birth_place": null,
            "cert_code": null,
            "city": null,
            "degree": 3,
            "education_state": null,
            "email": null,
            "father_name": null,
            "father_phone": null,
            "first_name": "\u0645\u062d\u0645\u062f",
            "gender": 1,
            "job": null,
            "last_name": "\u0642\u0627\u062c\u0627\u0631\u06cc\u0647",
            "level": 11,
            "mobile_no": "09392325515",
            "mother_name": null,
            "mother_phone": null,
            "national_code": "0410142638",
            "parent_id": null,
            "password": "$2a$10$Ws/BI4oUd1kZ0zpLh/n/6OJmzHC.R.zodt.x/cnETPCVa257EeoBq",
            "phone_no": null,
            "profile_completed": "b'\\x00'",
            "profile_image": null,
            "relationship": null,
            "role": 3,
            "school_id": 1,
            "state": null,
            "username": "0410142638",
            "zip_code": null,
            "field": 1,
            "birth_certificate_image": null,
            "national_card_image": null
        }
    },
    {
        "model": "api.user",
        "pk": 7,
        "fields": {
            "created_by_user": null,
            "deleted": "b'\\x00'",
            "modified_by_user": null,
            "address": null,
            "birth_date": "2001-04-22T03:30:00Z",
            "birth_place": null,
            "cert_code": null,
            "city": null,
            "degree": 3,
            "education_state": null,
            "email": null,
            "father_name": null,
            "father_phone": null,
            "first_name": "\u0639\u0644\u06cc\u0631\u0636\u0627",
            "gender": 1,
            "job": null,
            "last_name": "\u0641\u062a\u062d\u06cc",
            "level": 11,
            "mobile_no": "09120038815",
            "mother_name": null,
            "mother_phone": null,
            "national_code": "0060498110",
            "parent_id": null,
            "password": "$2a$10$47E9M/DnDpq3GWef.jPlcualGzE49sisubUBKSCCgusxVigS9cUhm",
            "phone_no": null,
            "profile_completed": "b'\\x00'",
            "profile_image": null,
            "relationship": null,
            "role": 3,
            "school_id": 1,
            "state": null,
            "username": "0060498110",
            "zip_code": null,
            "field": 1,
            "birth_certificate_image": null,
            "national_card_image": null
        }
    },
    {
        "model": "api.user",
        "pk": 8,
        "fields": {
            "created_by_user": null,
            "deleted": "b'\\x00'",
            "modified_by_user": null,
            "address": null,
            "birth_date": null,
            "birth_place": null,
            "cert_code": null,
            "city": null,
            "degree": 3,
            "education_state": null,
            "email": null,
            "father_name": null,
            "father_phone": null,
            "first_name": "\u0634\u0627\u06cc\u0627\u0646",
            "gender": null,
            "job": null,
            "last_name": "\u0645\u0647\u062f\u0648\u06cc",
            "level": 11,
            "mobile_no": "09357203839",
            "mother_name": null,
            "mother_phone": null,
            "national_code": null,
            "parent_id": null,
            "password": "$2a$10$.Bugx4eiMPrTj/VdeBv0XeJaSfdRqM/QYfZk1iuKQ1h3LS9S.iSg6",
            "phone_no": null,
            "profile_completed": "b'\\x00'",
            "profile_image": null,
            "relationship": null,
            "role": 3,
            "school_id": 1,
            "state": null,
            "username": "4310687032",
            "zip_code": null,
            "field": 1,
            "birth_certificate_image": null,
            "national_card_image": null
        }
    },
    {
        "model": "api.user",
        "pk": 9,
        "fields": {
            "created_by_user": null,
            "deleted": "b'\\x00'",
            "modified_by_user": null,
            "address": null,
            "birth_date": "1986-03-17T03:30:00Z",
            "birth_place": null,
            "cert_code": null,
            "city": null,
            "degree": 3,
            "education_state": null,
            "email": null,
            "father_name": null,
            "father_phone": null,
            "first_name": "\u0645\u0635\u0637\u0641\u06cc",
            "gender": 1,
            "job": null,
            "last_name": "\u0635\u0627\u0644\u062d\u06cc \u0631\u0627\u062f",
            "level": 11,
            "mobile_no": "09123491866",
            "mother_name": null,
            "mother_phone": null,
            "national_code": "2993845047",
            "parent_id": null,
            "password": "$2a$10$F39kmUJ0pe5jD.TMUUqCQehGq5kgZ9PB83L6xDgo6O0nnMqb9NK8e",
            "phone_no": null,
            "profile_completed": "b'\\x00'",
            "profile_image": null,
            "relationship": null,
            "role": 3,
            "school_id": 1,
            "state": null,
            "username": "2993845047",
            "zip_code": null,
            "field": 1,
            "birth_certificate_image": null,
            "national_card_image": null
        }
    },
    {
        "model": "api.user",
        "pk": 10,
        "fields": {
            "created_by_user": null,
            "deleted": "b'\\x00'",
            "modified_by_user": null,
            "address": null,
            "birth_date": "2016-10-15T03:30:00Z",
            "birth_place": null,
            "cert_code": null,
            "city": null,
            "degree": 3,
            "education_state": null,
            "email": null,
            "father_name": null,
            "father_phone": null,
            "first_name": "\u0645\u062c\u06cc\u062f",
            "gender": 1,
            "job": null,
            "last_name": "\u0648\u0627\u0644\u0647",
            "level": 11,
            "mobile_no": "09122988910",
            "mother_name": null,
            "mother_phone": null,
            "national_code": "0681825839",
            "parent_id": null,
            "password": "$2a$10$zwh89FCL9/2c9xFsOSAkhe06.lAt9w5tX1Y45tsHm4mdBKEv94NBW",
            "phone_no": null,
            "profile_completed": "b'\\x00'",
            "profile_image": null,
            "relationship": null,
            "role": 3,
            "school_id": 1,
            "state": null,
            "username": "0681825839",
            "zip_code": null,
            "field": null,
            "birth_certificate_image": null,
            "national_card_image": null
        }
    },
    {
        "model": "api.user",
        "pk": 11,
        "fields": {
            "created_by_user": null,
            "deleted": "b'\\x00'",
            "modified_by_user": null,
            "address": null,
            "birth_date": "1921-03-21T03:30:00Z",
            "birth_place": null,
            "cert_code": null,
            "city": null,
            "degree": 3,
            "education_state": null,
            "email": null,
            "father_name": null,
            "father_phone": null,
            "first_name": "\u0645\u0647\u062f\u06cc",
            "gender": 1,
            "job": null,
            "last_name": "\u0628\u0646\u0648\u0627\u0631\u06cc",
            "level": 11,
            "mobile_no": "09124502869",
            "mother_name": null,
            "mother_phone": null,
            "national_code": "1753616832",
            "parent_id": null,
            "password": "$2a$10$q0t.2BCokwpBF6Sidsk9HuvQECFY0eOdbJOLRdYVMBtCtN/jGC7Ci",
            "phone_no": null,
            "profile_completed": "b'\\x00'",
            "profile_image": null,
            "relationship": null,
            "role": 3,
            "school_id": 1,
            "state": null,
            "username": "1753616832",
            "zip_code": null,
            "field": 1,
            "birth_certificate_image": null,
            "national_card_image": null
        }
    },
    {
        "model": "api.user",
        "pk": 12,
        "fields": {
            "created_by_user": null,
            "deleted": "b'\\x00'",
            "modified_by_user": null,
            "address": null,
            "birth_date": "2016-10-15T03:30:00Z",
            "birth_place": null,
            "cert_code": null,
            "city": null,
            "degree": 3,
            "education_state": null,
            "email": null,
            "father_name": null,
            "father_phone": null,
            "first_name": "\u0635\u062f\u0631\u0627",
            "gender": 1,
            "job": null,
            "last_name": "\u0635\u0627\u0644\u062d\u06cc",
            "level": 11,
            "mobile_no": "09912037426",
            "mother_name": null,
            "mother_phone": null,
            "national_code": "3875496388",
            "parent_id": null,
            "password": "$2a$10$Rd5m90M1iAjYkL4DC204/OEfbNkhLybnhPWz.AqtEmtQERwwo1Yqu",
            "phone_no": null,
            "profile_completed": "b'\\x00'",
            "profile_image": null,
            "relationship": null,
            "role": 3,
            "school_id": 1,
            "state": null,
            "username": "3875496388",
            "zip_code": null,
            "field": 1,
            "birth_certificate_image": null,
            "national_card_image": null
        }
    },
    {
        "model": "api.user",
        "pk": 13,
        "fields": {
            "created_by_user": null,
            "deleted": "b'\\x00'",
            "modified_by_user": null,
            "address": null,
            "birth_date": "2016-10-15T03:30:00Z",
            "birth_place": null,
            "cert_code": null,
            "city": null,
            "degree": null,
            "education_state": null,
            "email": null,
            "father_name": null,
            "father_phone": null,
            "first_name": "\u062d\u0633\u0627\u0645",
            "gender": 1,
            "job": null,
            "last_name": "\u0632\u0645\u0627\u0646\u06cc\u200c\u067e\u0648\u0631",
            "level": null,
            "mobile_no": "09120038815",
            "mother_name": null,
            "mother_phone": null,
            "national_code": "2222222222",
            "parent_id": null,
            "password": "$2a$10$1sOFNmZ0Cu218SiacpMw/OfYWrwhU0ZBa.YfGATogcIuqMHvEddv2",
            "phone_no": null,
            "profile_completed": "b'\\x00'",
            "profile_image": null,
            "relationship": null,
            "role": 2,
            "school_id": 1,
            "state": null,
            "username": "2222222222",
            "zip_code": null,
            "field": null,
            "birth_certificate_image": null,
            "national_card_image": null
        }
    },
    {
        "model": "api.user",
        "pk": 17,
        "fields": {
            "created_by_user": null,
            "deleted": "b'\\x00'",
            "modified_by_user": null,
            "address": null,
            "birth_date": "2016-10-16T03:30:00Z",
            "birth_place": null,
            "cert_code": "1111111111",
            "city": null,
            "degree": 3,
            "education_state": null,
            "email": null,
            "father_name": null,
            "father_phone": null,
            "first_name": "\u062a\u0633\u062a1",
            "gender": 1,
            "job": null,
            "last_name": "\u062a\u0633\u062a1",
            "level": 10,
            "mobile_no": "09107891676",
            "mother_name": null,
            "mother_phone": null,
            "national_code": "0010399828",
            "parent_id": null,
            "password": "$2a$10$Kbftm6/xUEC4C/2Rff./revtKAoKK39xLQEOnPwdIbzDmbNQZo9Ua",
            "phone_no": null,
            "profile_completed": "b'\\x00'",
            "profile_image": null,
            "relationship": null,
            "role": 3,
            "school_id": 1,
            "state": null,
            "username": "0010399828",
            "zip_code": null,
            "field": 1,
            "birth_certificate_image": null,
            "national_card_image": null
        }
    },
    {
        "model": "api.user",
        "pk": 18,
        "fields": {
            "created_by_user": null,
            "deleted": "b'\\x00'",
            "modified_by_user": null,
            "address": null,
            "birth_date": "2016-10-16T03:30:00Z",
            "birth_place": null,
            "cert_code": null,
            "city": null,
            "degree": 3,
            "education_state": null,
            "email": null,
            "father_name": null,
            "father_phone": null,
            "first_name": "\u062a\u0633\u062a2",
            "gender": 1,
            "job": null,
            "last_name": "\u062a\u0633\u062a2",
            "level": 10,
            "mobile_no": "09107891676",
            "mother_name": null,
            "mother_phone": null,
            "national_code": "0276136411",
            "parent_id": null,
            "password": "$2a$10$nxlxUSGZHKZTQ2KAZc/MTO1vQta6I4jG/OV2B0iS9tXAj.CcnzVre",
            "phone_no": null,
            "profile_completed": "b'\\x00'",
            "profile_image": null,
            "relationship": null,
            "role": 3,
            "school_id": 1,
            "state": null,
            "username": "0276136411",
            "zip_code": null,
            "field": 1,
            "birth_certificate_image": null,
            "national_card_image": null
        }
    },
    {
        "model": "api.user",
        "pk": 19,
        "fields": {
            "created_by_user": null,
            "deleted": "b'\\x00'",
            "modified_by_user": null,
            "address": null,
            "birth_date": "2016-10-16T03:30:00Z",
            "birth_place": null,
            "cert_code": null,
            "city": null,
            "degree": null,
            "education_state": null,
            "email": null,
            "father_name": null,
            "father_phone": null,
            "first_name": "\u062a\u0633\u062a \u0645\u0639\u0644\u06451",
            "gender": 1,
            "job": null,
            "last_name": "\u062a\u0633\u062a \u0645\u0639\u0644\u06451",
            "level": null,
            "mobile_no": "09107891676",
            "mother_name": null,
            "mother_phone": null,
            "national_code": "0897280458",
            "parent_id": null,
            "password": "$2a$10$n8ul6jBKqUoauyASnngn/uKdeDefQ79mn6BJkWbGYUZp0/j.LfJ26",
            "phone_no": null,
            "profile_completed": "b'\\x00'",
            "profile_image": null,
            "relationship": null,
            "role": 2,
            "school_id": 1,
            "state": null,
            "username": "0897280458",
            "zip_code": null,
            "field": null,
            "birth_certificate_image": null,
            "national_card_image": null
        }
    },
    {
        "model": "api.user",
        "pk": 20,
        "fields": {
            "created_by_user": null,
            "deleted": "b'\\x00'",
            "modified_by_user": null,
            "address": null,
            "birth_date": "2016-10-16T03:30:00Z",
            "birth_place": null,
            "cert_code": null,
            "city": null,
            "degree": 3,
            "education_state": null,
            "email": null,
            "father_name": null,
            "father_phone": null,
            "first_name": "\u0645\u062d\u0645\u0648\u062f",
            "gender": 1,
            "job": null,
            "last_name": "\u06a9\u0627\u0645\u0631\u0627\u0646\u06cc",
            "level": 11,
            "mobile_no": "09377874829",
            "mother_name": null,
            "mother_phone": null,
            "national_code": "0543583546",
            "parent_id": null,
            "password": "$2a$10$d2aTQEUiDSmi86ifUd.4.uchKCVIxNK/piDu23xo.PU7gBjk0eTuO",
            "phone_no": null,
            "profile_completed": "b'\\x00'",
            "profile_image": null,
            "relationship": null,
            "role": 3,
            "school_id": 1,
            "state": null,
            "username": "0543583546",
            "zip_code": null,
            "field": 1,
            "birth_certificate_image": null,
            "national_card_image": null
        }
    },
    {
        "model": "api.user",
        "pk": 21,
        "fields": {
            "created_by_user": null,
            "deleted": "b'\\x00'",
            "modified_by_user": null,
            "address": null,
            "birth_date": "2016-10-16T03:30:00Z",
            "birth_place": null,
            "cert_code": null,
            "city": null,
            "degree": null,
            "education_state": null,
            "email": null,
            "father_name": null,
            "father_phone": null,
            "first_name": "\u062d\u0633\u06cc\u0646",
            "gender": 1,
            "job": null,
            "last_name": "\u0635\u0627\u0644\u062d\u06cc \u0631\u0627\u062f",
            "level": null,
            "mobile_no": "09389125478",
            "mother_name": null,
            "mother_phone": null,
            "national_code": "0104276398",
            "parent_id": null,
            "password": "$2a$10$.xS8QZ2cq7P0g2ST7a3glO6M.RHlYA5v0I19OXi4BWuCVzNkRVrEa",
            "phone_no": null,
            "profile_completed": "b'\\x00'",
            "profile_image": null,
            "relationship": null,
            "role": 2,
            "school_id": 1,
            "state": null,
            "username": "0104276398",
            "zip_code": null,
            "field": null,
            "birth_certificate_image": null,
            "national_card_image": null
        }
    },
    {
        "model": "api.user",
        "pk": 22,
        "fields": {
            "created_by_user": null,
            "deleted": "b'\\x00'",
            "modified_by_user": null,
            "address": "\u062a\u0647\u0631\u0627\u0646",
            "birth_date": "2016-10-17T03:30:00Z",
            "birth_place": "\u0645\u062d\u0644",
            "cert_code": "234",
            "city": null,
            "degree": 3,
            "education_state": null,
            "email": null,
            "father_name": null,
            "father_phone": null,
            "first_name": "\u0648\u06cc\u0631\u0627\u06cc\u0634",
            "gender": 1,
            "job": null,
            "last_name": "\u0641\u0627\u0645\u06cc\u0644\u06cc",
            "level": 10,
            "mobile_no": "09107891676",
            "mother_name": null,
            "mother_phone": null,
            "national_code": "0598483829",
            "parent_id": null,
            "password": "$2a$10$Lln9tRpdBOcke15ZFQAKGuu2DUxGWOleYv8XstXon5Ig08qAJ5FVO",
            "phone_no": null,
            "profile_completed": "b'\\x00'",
            "profile_image": null,
            "relationship": null,
            "role": 3,
            "school_id": 1,
            "state": null,
            "username": "0598483829",
            "zip_code": "5555555555",
            "field": 1,
            "birth_certificate_image": null,
            "national_card_image": null
        }
    },
    {
        "model": "api.usermyclassesid",
        "pk": 1,
        "fields": {
            "user": 4,
            "my_classes_id": 1
        }
    },
    {
        "model": "api.usermyclassesid",
        "pk": 2,
        "fields": {
            "user": 4,
            "my_classes_id": 2
        }
    },
    {
        "model": "api.usermyclassesid",
        "pk": 3,
        "fields": {
            "user": 4,
            "my_classes_id": 3
        }
    },
    {
        "model": "api.usermyclassesid",
        "pk": 4,
        "fields": {
            "user": 4,
            "my_classes_id": 4
        }
    },
    {
        "model": "api.usermyclassesid",
        "pk": 5,
        "fields": {
            "user": 5,
            "my_classes_id": 1
        }
    },
    {
        "model": "api.usermyclassesid",
        "pk": 6,
        "fields": {
            "user": 5,
            "my_classes_id": 2
        }
    },
    {
        "model": "api.usermyclassesid",
        "pk": 7,
        "fields": {
            "user": 5,
            "my_classes_id": 3
        }
    },
    {
        "model": "api.usermyclassesid",
        "pk": 8,
        "fields": {
            "user": 5,
            "my_classes_id": 4
        }
    },
    {
        "model": "api.usermyclassesid",
        "pk": 9,
        "fields": {
            "user": 6,
            "my_classes_id": 1
        }
    },
    {
        "model": "api.usermyclassesid",
        "pk": 10,
        "fields": {
            "user": 6,
            "my_classes_id": 2
        }
    },
    {
        "model": "api.usermyclassesid",
        "pk": 11,
        "fields": {
            "user": 6,
            "my_classes_id": 3
        }
    },
    {
        "model": "api.usermyclassesid",
        "pk": 12,
        "fields": {
            "user": 6,
            "my_classes_id": 4
        }
    },
    {
        "model": "api.usermyclassesid",
        "pk": 13,
        "fields": {
            "user": 7,
            "my_classes_id": 1
        }
    },
    {
        "model": "api.usermyclassesid",
        "pk": 14,
        "fields": {
            "user": 7,
            "my_classes_id": 2
        }
    },
    {
        "model": "api.usermyclassesid",
        "pk": 15,
        "fields": {
            "user": 7,
            "my_classes_id": 3
        }
    },
    {
        "model": "api.usermyclassesid",
        "pk": 16,
        "fields": {
            "user": 7,
            "my_classes_id": 4
        }
    },
    {
        "model": "api.usermyclassesid",
        "pk": 17,
        "fields": {
            "user": 9,
            "my_classes_id": 1
        }
    },
    {
        "model": "api.usermyclassesid",
        "pk": 18,
        "fields": {
            "user": 9,
            "my_classes_id": 2
        }
    },
    {
        "model": "api.usermyclassesid",
        "pk": 19,
        "fields": {
            "user": 9,
            "my_classes_id": 3
        }
    },
    {
        "model": "api.usermyclassesid",
        "pk": 20,
        "fields": {
            "user": 9,
            "my_classes_id": 4
        }
    },
    {
        "model": "api.usermyclassesid",
        "pk": 21,
        "fields": {
            "user": 11,
            "my_classes_id": 1
        }
    },
    {
        "model": "api.usermyclassesid",
        "pk": 22,
        "fields": {
            "user": 11,
            "my_classes_id": 2
        }
    },
    {
        "model": "api.usermyclassesid",
        "pk": 23,
        "fields": {
            "user": 11,
            "my_classes_id": 3
        }
    },
    {
        "model": "api.usermyclassesid",
        "pk": 24,
        "fields": {
            "user": 11,
            "my_classes_id": 4
        }
    },
    {
        "model": "api.usermyclassesid",
        "pk": 25,
        "fields": {
            "user": 12,
            "my_classes_id": 1
        }
    },
    {
        "model": "api.usermyclassesid",
        "pk": 26,
        "fields": {
            "user": 12,
            "my_classes_id": 2
        }
    },
    {
        "model": "api.usermyclassesid",
        "pk": 27,
        "fields": {
            "user": 12,
            "my_classes_id": 3
        }
    },
    {
        "model": "api.usermyclassesid",
        "pk": 28,
        "fields": {
            "user": 12,
            "my_classes_id": 4
        }
    },
    {
        "model": "api.usermyclassesid",
        "pk": 29,
        "fields": {
            "user": 8,
            "my_classes_id": 1
        }
    },
    {
        "model": "api.usermyclassesid",
        "pk": 30,
        "fields": {
            "user": 8,
            "my_classes_id": 2
        }
    },
    {
        "model": "api.usermyclassesid",
        "pk": 31,
        "fields": {
            "user": 8,
            "my_classes_id": 3
        }
    },
    {
        "model": "api.usermyclassesid",
        "pk": 32,
        "fields": {
            "user": 8,
            "my_classes_id": 4
        }
    },
    {
        "model": "api.usermyclassesid",
        "pk": 33,
        "fields": {
            "user": 21,
            "my_classes_id": 4
        }
    },
    {
        "model": "api.usermyclassesid",
        "pk": 34,
        "fields": {
            "user": 13,
            "my_classes_id": 4
        }
    },
    {
        "model": "api.usermyclassesid",
        "pk": 35,
        "fields": {
            "user": 13,
            "my_classes_id": 8
        }
    },
    {
        "model": "api.usermyclassesid",
        "pk": 36,
        "fields": {
            "user": 17,
            "my_classes_id": 6
        }
    },
    {
        "model": "api.usermyclassesid",
        "pk": 37,
        "fields": {
            "user": 17,
            "my_classes_id": 7
        }
    },
    {
        "model": "api.usermyclassesid",
        "pk": 38,
        "fields": {
            "user": 17,
            "my_classes_id": 9
        }
    },
    {
        "model": "api.usermyclassesid",
        "pk": 39,
        "fields": {
            "user": 18,
            "my_classes_id": 6
        }
    },
    {
        "model": "api.usermyclassesid",
        "pk": 40,
        "fields": {
            "user": 18,
            "my_classes_id": 7
        }
    },
    {
        "model": "api.usermyclassesid",
        "pk": 41,
        "fields": {
            "user": 18,
            "my_classes_id": 9
        }
    },
    {
        "model": "api.usermyclassesid",
        "pk": 42,
        "fields": {
            "user": 2,
            "my_classes_id": 1
        }
    },
    {
        "model": "api.usermyclassesid",
        "pk": 43,
        "fields": {
            "user": 2,
            "my_classes_id": 3
        }
    },
    {
        "model": "api.usermyclassesid",
        "pk": 44,
        "fields": {
            "user": 2,
            "my_classes_id": 4
        }
    },
    {
        "model": "api.usermyclassesid",
        "pk": 45,
        "fields": {
            "user": 2,
            "my_classes_id": 7
        }
    },
    {
        "model": "api.usermyclassesid",
        "pk": 46,
        "fields": {
            "user": 19,
            "my_classes_id": 9
        }
    },
    {
        "model": "api.usermyclassesid",
        "pk": 47,
        "fields": {
            "user": 3,
            "my_classes_id": 1
        }
    },
    {
        "model": "api.usermyclassesid",
        "pk": 48,
        "fields": {
            "user": 3,
            "my_classes_id": 2
        }
    },
    {
        "model": "api.usermyclassesid",
        "pk": 49,
        "fields": {
            "user": 3,
            "my_classes_id": 3
        }
    },
    {
        "model": "api.usermyclassesid",
        "pk": 50,
        "fields": {
            "user": 3,
            "my_classes_id": 4
        }
    },
    {
        "model": "api.usermyclassesid",
        "pk": 51,
        "fields": {
            "user": 10,
            "my_classes_id": 1
        }
    },
    {
        "model": "api.usermyclassesid",
        "pk": 52,
        "fields": {
            "user": 10,
            "my_classes_id": 2
        }
    },
    {
        "model": "api.usermyclassesid",
        "pk": 53,
        "fields": {
            "user": 10,
            "my_classes_id": 3
        }
    },
    {
        "model": "api.usermyclassesid",
        "pk": 54,
        "fields": {
            "user": 10,
            "my_classes_id": 4
        }
    },
    {
        "model": "api.usermyclassesid",
        "pk": 55,
        "fields": {
            "user": 22,
            "my_classes_id": 7
        }
    },
    {
        "model": "api.usermyclassesid",
        "pk": 56,
        "fields": {
            "user": 22,
            "my_classes_id": 9
        }
    },
    {
        "model": "api.userresource",
        "pk": 1,
        "fields": {
            "user": 2,
            "resource": 3
        }
    },
    {
        "model": "api.userresource",
        "pk": 2,
        "fields": {
            "user": 2,
            "resource": 4
        }
    },
    {
        "model": "api.userresource",
        "pk": 3,
        "fields": {
            "user": 2,
            "resource": 8
        }
    },
    {
        "model": "api.userresource",
        "pk": 4,
        "fields": {
            "user": 2,
            "resource": 9
        }
    },
    {
        "model": "api.userresource",
        "pk": 5,
        "fields": {
            "user": 2,
            "resource": 10
        }
    },
    {
        "model": "api.userresource",
        "pk": 6,
        "fields": {
            "user": 2,
            "resource": 21
        }
    },
    {
        "model": "api.userresource",
        "pk": 7,
        "fields": {
            "user": 2,
            "resource": 22
        }
    },
    {
        "model": "api.userresource",
        "pk": 8,
        "fields": {
            "user": 2,
            "resource": 25
        }
    },
    {
        "model": "api.userresource",
        "pk": 9,
        "fields": {
            "user": 2,
            "resource": 48
        }
    },
    {
        "model": "api.userresource",
        "pk": 10,
        "fields": {
            "user": 2,
            "resource": 53
        }
    },
    {
        "model": "api.userresource",
        "pk": 11,
        "fields": {
            "user": 2,
            "resource": 56
        }
    },
    {
        "model": "api.userresource",
        "pk": 12,
        "fields": {
            "user": 2,
            "resource": 61
        }
    },
    {
        "model": "api.userresource",
        "pk": 13,
        "fields": {
            "user": 19,
            "resource": 62
        }
    },
    {
        "model": "api.userresource",
        "pk": 14,
        "fields": {
            "user": 3,
            "resource": 64
        }
    },
    {
        "model": "api.userresource",
        "pk": 15,
        "fields": {
            "user": 10,
            "resource": 49
        }
    },
    {
        "model": "api.userresource",
        "pk": 16,
        "fields": {
            "user": 10,
            "resource": 51
        }
    },
    {
        "model": "api.userresource",
        "pk": 17,
        "fields": {
            "user": 10,
            "resource": 67
        }
    },
    {
        "model": "api.userresource",
        "pk": 18,
        "fields": {
            "user": 22,
            "resource": 63
        }
    }
]
