insert into role(id, name, title, deleted) values (1, "ADMIN"  , "ادمین", 0);
insert into role(id, name, title, deleted) values (2, "TEACHER", "معلم", 0);
insert into role(id, name, title, deleted) values (3, "STUDENT", "دانش آموز", 0);

insert into user(first_name, job, last_name, mobile_no, national_code, password, username, role, deleted) VALUES
("ادمین", "مدیریت سیستم", "سیستم", "09121234567", "1111111111", "$2a$10$A2WLzoQGS1zI21YgiIWBde3bXuanRtRbt9Q0KlqrpyKcm/4HrnoAq", "admin", 1, 0);

insert into menu_item(id, name, title, code, deleted) VALUES (1, "menu01", "داشبورد",          "m1", 0);
insert into menu_item(id, name, title, code, deleted) VALUES (2, "menu02", "کاربران",          "m2", 0);
insert into menu_item(id, name, title, code, deleted) VALUES (3, "menu02-1", "کل کاربران",      "m2-1", 0);
insert into menu_item(id, name, title, code, deleted) VALUES (4, "menu02-2", "افزودن کاربر جدید", "m2-2", 0);
insert into menu_item(id, name, title, code, deleted) VALUES (5, "menu02-3", "افزودن کاربران",   "m2-3", 0);
insert into menu_item(id, name, title, code, deleted) VALUES (6, "menu03", "نقش ها",   "m3", 0);
insert into menu_item(id, name, title, code, deleted) VALUES (7, "menu03-1", "مدیریت نقش ها",   "m3-1", 0);
insert into menu_item(id, name, title, code, deleted) VALUES (8, "menu03-2", "افزودن نقش جدید",   "m3-2", 0);
insert into menu_item(id, name, title, code, deleted) VALUES (9, "menu04", "پایه های تحصیلی",   "m4", 0);
insert into menu_item(id, name, title, code, deleted) VALUES (10, "menu04-1", "مدیریت پایه ها",   "m4-1", 0);
insert into menu_item(id, name, title, code, deleted) VALUES (11, "menu04-2", "افزودن پایه جدید",   "m4-2", 0);
insert into menu_item(id, name, title, code, deleted) VALUES (12, "menu05", "درس ها",   "m5", 0);
insert into menu_item(id, name, title, code, deleted) VALUES (13, "menu05-1", "مدیریت درس ها",   "m5-1", 0);
insert into menu_item(id, name, title, code, deleted) VALUES (14, "menu05-2", "افزودن درس جدید",   "m5-2", 0);
insert into menu_item(id, name, title, code, deleted) VALUES (15, "menu06", "کلاس ها",   "m6", 0);
insert into menu_item(id, name, title, code, deleted) VALUES (16, "menu06-1", "مدیریت کلاس ها",   "m6-1", 0);
insert into menu_item(id, name, title, code, deleted) VALUES (17, "menu06-2", "افزودن کلاس جدید",   "m6-2", 0);
insert into menu_item(id, name, title, code, deleted) VALUES (18, "menu06-3", "شروع کلاس",   "m6-3", 0);
insert into menu_item(id, name, title, code, deleted) VALUES (19, "menu06-4", "ورود به کلاس",   "m6-4", 0);
insert into menu_item(id, name, title, code, deleted) VALUES (20, "menu07", "گزارش ها",   "m7", 0);
insert into menu_item(id, name, title, code, deleted) VALUES (21, "menu07-1", "حضور و غیاب",   "m7-1", 0);
insert into menu_item(id, name, title, code, deleted) VALUES (22, "menu07-2", "نمرات کلاسی",   "m7-2", 0);
insert into menu_item(id, name, title, code, deleted) VALUES (23, "menu07-3", "امتحانات",   "m7-3", 0);
insert into menu_item(id, name, title, code, deleted) VALUES (24, "menu08", "مشخصات مدرسه",   "m8", 0);
insert into menu_item(id, name, title, code, deleted) VALUES (25, "menu22", "برنامه کلاسی",   "m22", 0);
insert into menu_item(id, name, title, code, deleted) VALUES (26, "menu23", "برنامه امتحانی",   "m23", 0);
insert into menu_item(id, name, title, code, deleted) VALUES (27, "menu24", "درس ها",   "m24", 0);
insert into menu_item(id, name, title, code, deleted) VALUES (28, "menu25", "نتایج امتحانات",   "m25", 0);
insert into menu_item(id, name, title, code, deleted) VALUES (29, "menu26", "بارگذاری تکالیف",   "m26", 0);
insert into menu_item(id, name, title, code, deleted) VALUES (30, "menu26", "تکالیف",   "m27", 0);

insert into role_menu(role_id, menu) VALUES (1, 1);
insert into role_menu(role_id, menu) VALUES (1, 2);
insert into role_menu(role_id, menu) VALUES (1, 3);
insert into role_menu(role_id, menu) VALUES (1, 4);
insert into role_menu(role_id, menu) VALUES (1, 5);
insert into role_menu(role_id, menu) VALUES (1, 6);
insert into role_menu(role_id, menu) VALUES (1, 7);
insert into role_menu(role_id, menu) VALUES (1, 8);
insert into role_menu(role_id, menu) VALUES (1, 9);
insert into role_menu(role_id, menu) VALUES (1, 10);
insert into role_menu(role_id, menu) VALUES (1, 11);
insert into role_menu(role_id, menu) VALUES (1, 12);
insert into role_menu(role_id, menu) VALUES (1, 13);
insert into role_menu(role_id, menu) VALUES (1, 14);
insert into role_menu(role_id, menu) VALUES (1, 15);
insert into role_menu(role_id, menu) VALUES (1, 16);
insert into role_menu(role_id, menu) VALUES (1, 17);
insert into role_menu(role_id, menu) VALUES (1, 20);
insert into role_menu(role_id, menu) VALUES (1, 21);
insert into role_menu(role_id, menu) VALUES (1, 22);
insert into role_menu(role_id, menu) VALUES (1, 23);
insert into role_menu(role_id, menu) VALUES (1, 24);



insert into role_menu(role_id, menu) VALUES (2, 1);
insert into role_menu(role_id, menu) VALUES (2, 25);
insert into role_menu(role_id, menu) VALUES (2, 23);
insert into role_menu(role_id, menu) VALUES (2, 21);
insert into role_menu(role_id, menu) VALUES (2, 30);


insert into role_menu(role_id, menu) VALUES (3, 1);
insert into role_menu(role_id, menu) VALUES (3, 25);
insert into role_menu(role_id, menu) VALUES (3, 26);
insert into role_menu(role_id, menu) VALUES (3, 28);
insert into role_menu(role_id, menu) VALUES (3, 29);


insert into actions_group(id, name, title, deleted) VALUES (2, "user_management",     "مدیریت کاربر", 0);
insert into actions_group(id, name, title, deleted) VALUES (3, "role_management",     "مدیریت نقش", 0);
insert into actions_group(id, name, title, deleted) VALUES (4, "level_management",     "مدیریت پایه", 0);
insert into actions_group(id, name, title, deleted) VALUES (5, "lesson_management",     "مدیریت درس", 0);
insert into actions_group(id, name, title, deleted) VALUES (6, "class_management",     "مدیریت کلاس", 0);
insert into actions_group(id, name, title, deleted) VALUES (7, "report_management",     "مدیریت گزارش", 0);
insert into actions_group(id, name, title, deleted) VALUES (8, "school_management",   "مدیریت مدرسه", 0);


insert into action(id, name, title, code, actions_group_id, deleted) VALUES (1, "users", "مشاهده کل کاربران",  "a2-1",    2, 0);
insert into action(id, name, title, code, actions_group_id, deleted) VALUES (2, "create_user", "افزودن کاربر جدید",  "a2-2",    2, 0);
insert into action(id, name, title, code, actions_group_id, deleted) VALUES (3, "create_users", "افزودن کاربران",  "a2-3",    2, 0);
insert into action(id, name, title, code, actions_group_id, deleted) VALUES (4, "edit_user", "ویرایش اطلاعات کاربر",  "a2-4",    2, 0);
insert into action(id, name, title, code, actions_group_id, deleted) VALUES (5, "delete_user", "افزودن کاربران",  "a2-5",    2, 0);
insert into action(id, name, title, code, actions_group_id, deleted) VALUES (6, "set_user_state", "تعیین وضعیت کاربر",  "a2-6",    2, 0);


insert into action(id, name, title, code, actions_group_id, deleted) VALUES (7, "roles", "مدیریت نقش ها",  "a3-1",    3, 0);
insert into action(id, name, title, code, actions_group_id, deleted) VALUES (8, "create_role", "افزودن نقش جدید",  "a3-2",    3, 0);


insert into action(id, name, title, code, actions_group_id, deleted) VALUES (9, "levels", "مدیریت پایه ها",  "a4-1",    4, 0);
insert into action(id, name, title, code, actions_group_id, deleted) VALUES (10, "create_level", "افزودن پایه جدید",  "a4-2",    4, 0);


insert into action(id, name, title, code, actions_group_id, deleted) VALUES (11, "lessons", "مدیریت درس ها",  "a5-1",    5, 0);
insert into action(id, name, title, code, actions_group_id, deleted) VALUES (12, "create_lessons", "افزودن درس جدید",  "a5-2",    5, 0);


insert into action(id, name, title, code, actions_group_id, deleted) VALUES (13, "classes", "مدیریت کلاس ها",  "a6-1",    6, 0);
insert into action(id, name, title, code, actions_group_id, deleted) VALUES (14, "create_class", "افزودن کلاس جدید",  "a6-2",    6, 0);


insert into action(id, name, title, code, actions_group_id, deleted) VALUES (15, "reports", "مدیریت گزارش ها",  "a7-1",    7, 0);
insert into action(id, name, title, code, actions_group_id, deleted) VALUES (16, "view_attendance", "مشاهده حضور و غیاب",  "a7-2",    7, 0);
insert into action(id, name, title, code, actions_group_id, deleted) VALUES (17, "view_scores", "مشاهده نمرات",  "a7-3",    7, 0);
insert into action(id, name, title, code, actions_group_id, deleted) VALUES (18, "view_exams", "مشاهده امتحانات",  "a7-4",    7, 0);

insert into actions_group_actions(actions_group_id, actions) VALUES (2, 1);
insert into actions_group_actions(actions_group_id, actions) VALUES (2, 2);
insert into actions_group_actions(actions_group_id, actions) VALUES (2, 3);
insert into actions_group_actions(actions_group_id, actions) VALUES (2, 4);
insert into actions_group_actions(actions_group_id, actions) VALUES (2, 5);
insert into actions_group_actions(actions_group_id, actions) VALUES (2, 6);
insert into actions_group_actions(actions_group_id, actions) VALUES (3, 7);
insert into actions_group_actions(actions_group_id, actions) VALUES (3, 8);
insert into actions_group_actions(actions_group_id, actions) VALUES (4, 9);
insert into actions_group_actions(actions_group_id, actions) VALUES (4, 10);
insert into actions_group_actions(actions_group_id, actions) VALUES (5, 11);
insert into actions_group_actions(actions_group_id, actions) VALUES (5, 12);
insert into actions_group_actions(actions_group_id, actions) VALUES (6, 13);
insert into actions_group_actions(actions_group_id, actions) VALUES (6, 14);
insert into actions_group_actions(actions_group_id, actions) VALUES (7, 15);
insert into actions_group_actions(actions_group_id, actions) VALUES (7, 16);
insert into actions_group_actions(actions_group_id, actions) VALUES (7, 17);
insert into actions_group_actions(actions_group_id, actions) VALUES (7, 18);

insert into role_acctions_group(role_id, acctions_group) VALUES (1, 2);
insert into role_acctions_group(role_id, acctions_group) VALUES (1, 3);
insert into role_acctions_group(role_id, acctions_group) VALUES (1, 4);
insert into role_acctions_group(role_id, acctions_group) VALUES (1, 5);
insert into role_acctions_group(role_id, acctions_group) VALUES (1, 6);
insert into role_acctions_group(role_id, acctions_group) VALUES (1, 7);
insert into role_acctions_group(role_id, acctions_group) VALUES (1, 8);

INSERT INTO `lesson` (`id`, `created_by_user`, `deleted`, `modified_by_user`, `school_id`, `code`, `course_unit`, `degree`, `field`, `gender`, `level`, `name`, `state`, `time_in_week`) VALUES (1, NULL, 0, NULL, 1, '101', 2, 1, NULL, 3, 1, 'آموزش قرآن اول', 1, 2);
INSERT INTO `lesson` (`id`, `created_by_user`, `deleted`, `modified_by_user`, `school_id`, `code`, `course_unit`, `degree`, `field`, `gender`, `level`, `name`, `state`, `time_in_week`) VALUES (2, NULL, 0, NULL, 1, '103', 6, 1, NULL, 3, 1, 'فارسی اول', 1, 6);
INSERT INTO `lesson` (`id`, `created_by_user`, `deleted`, `modified_by_user`, `school_id`, `code`, `course_unit`, `degree`, `field`, `gender`, `level`, `name`, `state`, `time_in_week`) VALUES (3, NULL, 0, NULL, 1, '104', 5, 1, NULL, 3, 1, 'نگارش فارسی اول', 1, 5);
INSERT INTO `lesson` (`id`, `created_by_user`, `deleted`, `modified_by_user`, `school_id`, `code`, `course_unit`, `degree`, `field`, `gender`, `level`, `name`, `state`, `time_in_week`) VALUES (4, NULL, 0, NULL, 1, '105', 5, 1, NULL, 3, 1, 'ریاضی اول', 1, 5);
INSERT INTO `lesson` (`id`, `created_by_user`, `deleted`, `modified_by_user`, `school_id`, `code`, `course_unit`, `degree`, `field`, `gender`, `level`, `name`, `state`, `time_in_week`) VALUES (5, NULL, 0, NULL, 1, '106', 3, 1, NULL, 3, 1, 'علوم تجربی اول', 1, 3);
INSERT INTO `lesson` (`id`, `created_by_user`, `deleted`, `modified_by_user`, `school_id`, `code`, `course_unit`, `degree`, `field`, `gender`, `level`, `name`, `state`, `time_in_week`) VALUES (6, NULL, 0, NULL, 1, '107', 2, 1, NULL, 3, 1, 'هنر', 1, 2);
INSERT INTO `lesson` (`id`, `created_by_user`, `deleted`, `modified_by_user`, `school_id`, `code`, `course_unit`, `degree`, `field`, `gender`, `level`, `name`, `state`, `time_in_week`) VALUES (7, NULL, 0, NULL, 1, '108', 2, 1, NULL, 3, 1, 'ورزش', 1, 2);
INSERT INTO `lesson` (`id`, `created_by_user`, `deleted`, `modified_by_user`, `school_id`, `code`, `course_unit`, `degree`, `field`, `gender`, `level`, `name`, `state`, `time_in_week`) VALUES (8, NULL, 0, NULL, 1, '105', 5, 1, NULL, 3, 1, 'ریاضی اول', 1, 5);
INSERT INTO `lesson` (`id`, `created_by_user`, `deleted`, `modified_by_user`, `school_id`, `code`, `course_unit`, `degree`, `field`, `gender`, `level`, `name`, `state`, `time_in_week`) VALUES (9, NULL, 0, NULL, 1, '201', 3, 1, NULL, 3, 2, 'آموزش قرآن دوم', 1, 3);
INSERT INTO `lesson` (`id`, `created_by_user`, `deleted`, `modified_by_user`, `school_id`, `code`, `course_unit`, `degree`, `field`, `gender`, `level`, `name`, `state`, `time_in_week`) VALUES (10, NULL, 0, NULL, 1, '202', 2, 1, NULL, 3, 2, 'هدیه‌های آسمان', 1, 2);
INSERT INTO `lesson` (`id`, `created_by_user`, `deleted`, `modified_by_user`, `school_id`, `code`, `course_unit`, `degree`, `field`, `gender`, `level`, `name`, `state`, `time_in_week`) VALUES (11, NULL, 0, NULL, 1, '203', 5, 1, NULL, 3, 2, 'فارسی دوم', 1, 5);
INSERT INTO `lesson` (`id`, `created_by_user`, `deleted`, `modified_by_user`, `school_id`, `code`, `course_unit`, `degree`, `field`, `gender`, `level`, `name`, `state`, `time_in_week`) VALUES (12, NULL, 0, NULL, 1, '204', 3, 1, NULL, 3, 2, 'نگارش فارسی دوم', 1, 3);
INSERT INTO `lesson` (`id`, `created_by_user`, `deleted`, `modified_by_user`, `school_id`, `code`, `course_unit`, `degree`, `field`, `gender`, `level`, `name`, `state`, `time_in_week`) VALUES (13, NULL, 0, NULL, 1, '205', 5, 1, NULL, 3, 2, 'ریاضی دوم', 1, 5);
INSERT INTO `lesson` (`id`, `created_by_user`, `deleted`, `modified_by_user`, `school_id`, `code`, `course_unit`, `degree`, `field`, `gender`, `level`, `name`, `state`, `time_in_week`) VALUES (14, NULL, 0, NULL, 1, '206', 3, 1, NULL, 3, 2, 'علوم تجربی دوم', 1, 3);
INSERT INTO `lesson` (`id`, `created_by_user`, `deleted`, `modified_by_user`, `school_id`, `code`, `course_unit`, `degree`, `field`, `gender`, `level`, `name`, `state`, `time_in_week`) VALUES (15, NULL, 0, NULL, 1, '208', 2, 1, NULL, 3, 2, 'ورزش', 1, 2);
INSERT INTO `lesson` (`id`, `created_by_user`, `deleted`, `modified_by_user`, `school_id`, `code`, `course_unit`, `degree`, `field`, `gender`, `level`, `name`, `state`, `time_in_week`) VALUES (16, NULL, 0, NULL, 1, '207', 2, 1, NULL, 3, 2, 'هنر', 1, 2);
INSERT INTO `lesson` (`id`, `created_by_user`, `deleted`, `modified_by_user`, `school_id`, `code`, `course_unit`, `degree`, `field`, `gender`, `level`, `name`, `state`, `time_in_week`) VALUES (17, NULL, 0, NULL, 1, '301', 3, 1, NULL, 3, 3, 'آموزش قرآن سوم', 1, 3);
INSERT INTO `lesson` (`id`, `created_by_user`, `deleted`, `modified_by_user`, `school_id`, `code`, `course_unit`, `degree`, `field`, `gender`, `level`, `name`, `state`, `time_in_week`) VALUES (18, NULL, 0, NULL, 1, '302', 2, 1, NULL, 3, 3, 'هدیه‌های آسمان', 1, 2);
INSERT INTO `lesson` (`id`, `created_by_user`, `deleted`, `modified_by_user`, `school_id`, `code`, `course_unit`, `degree`, `field`, `gender`, `level`, `name`, `state`, `time_in_week`) VALUES (19, NULL, 0, NULL, 1, '303', 5, 1, NULL, 3, 3, 'فارسی سوم', 1, 5);
INSERT INTO `lesson` (`id`, `created_by_user`, `deleted`, `modified_by_user`, `school_id`, `code`, `course_unit`, `degree`, `field`, `gender`, `level`, `name`, `state`, `time_in_week`) VALUES (20, NULL, 0, NULL, 1, '304', 3, 1, NULL, 3, 3, 'نگارش فارسی سوم', 1, 3);
INSERT INTO `lesson` (`id`, `created_by_user`, `deleted`, `modified_by_user`, `school_id`, `code`, `course_unit`, `degree`, `field`, `gender`, `level`, `name`, `state`, `time_in_week`) VALUES (21, NULL, 0, NULL, 1, '305', 4, 1, NULL, 3, 3, 'ریاضی سوم', 1, 4);
INSERT INTO `lesson` (`id`, `created_by_user`, `deleted`, `modified_by_user`, `school_id`, `code`, `course_unit`, `degree`, `field`, `gender`, `level`, `name`, `state`, `time_in_week`) VALUES (22, NULL, 0, NULL, 1, '306', 3, 1, NULL, 3, 3, 'علوم تجربی سوم', 1, 3);
INSERT INTO `lesson` (`id`, `created_by_user`, `deleted`, `modified_by_user`, `school_id`, `code`, `course_unit`, `degree`, `field`, `gender`, `level`, `name`, `state`, `time_in_week`) VALUES (23, NULL, 0, NULL, 1, '309', 2, 1, NULL, 3, 3, 'ورزش', 1, 2);
INSERT INTO `lesson` (`id`, `created_by_user`, `deleted`, `modified_by_user`, `school_id`, `code`, `course_unit`, `degree`, `field`, `gender`, `level`, `name`, `state`, `time_in_week`) VALUES (24, NULL, 0, NULL, 1, '308', 2, 1, NULL, 3, 3, 'هنر', 1, 2);
INSERT INTO `lesson` (`id`, `created_by_user`, `deleted`, `modified_by_user`, `school_id`, `code`, `course_unit`, `degree`, `field`, `gender`, `level`, `name`, `state`, `time_in_week`) VALUES (25, NULL, 0, NULL, 1, '307', 2, 1, NULL, 3, 3, 'مطالعات اجتماعی سوم', 1, 2);
INSERT INTO `lesson` (`id`, `created_by_user`, `deleted`, `modified_by_user`, `school_id`, `code`, `course_unit`, `degree`, `field`, `gender`, `level`, `name`, `state`, `time_in_week`) VALUES (26, NULL, 0, NULL, 1, '401', 3, 1, NULL, 3, 4, 'آموزش قرآن چهارم', 1, 3);
INSERT INTO `lesson` (`id`, `created_by_user`, `deleted`, `modified_by_user`, `school_id`, `code`, `course_unit`, `degree`, `field`, `gender`, `level`, `name`, `state`, `time_in_week`) VALUES (27, NULL, 0, NULL, 1, '402', 2, 1, NULL, 3, 4, 'هدیه‌های آسمان', 1, 2);
INSERT INTO `lesson` (`id`, `created_by_user`, `deleted`, `modified_by_user`, `school_id`, `code`, `course_unit`, `degree`, `field`, `gender`, `level`, `name`, `state`, `time_in_week`) VALUES (28, NULL, 0, NULL, 1, '403', 4, 1, NULL, 3, 4, 'فارسی چهارم', 1, 4);
INSERT INTO `lesson` (`id`, `created_by_user`, `deleted`, `modified_by_user`, `school_id`, `code`, `course_unit`, `degree`, `field`, `gender`, `level`, `name`, `state`, `time_in_week`) VALUES (29, NULL, 0, NULL, 1, '404', 3, 1, NULL, 3, 4, 'نگارش فارسی چهارم', 1, 3);
INSERT INTO `lesson` (`id`, `created_by_user`, `deleted`, `modified_by_user`, `school_id`, `code`, `course_unit`, `degree`, `field`, `gender`, `level`, `name`, `state`, `time_in_week`) VALUES (30, NULL, 0, NULL, 1, '405', 4, 1, NULL, 3, 4, 'ریاضی چهارم', 1, 4);
INSERT INTO `lesson` (`id`, `created_by_user`, `deleted`, `modified_by_user`, `school_id`, `code`, `course_unit`, `degree`, `field`, `gender`, `level`, `name`, `state`, `time_in_week`) VALUES (31, NULL, 0, NULL, 1, '406', 3, 1, NULL, 3, 4, 'علوم تجربی چهارم', 1, 3);
INSERT INTO `lesson` (`id`, `created_by_user`, `deleted`, `modified_by_user`, `school_id`, `code`, `course_unit`, `degree`, `field`, `gender`, `level`, `name`, `state`, `time_in_week`) VALUES (32, NULL, 0, NULL, 1, '409', 2, 1, NULL, 3, 4, 'ورزش', 1, 2);
INSERT INTO `lesson` (`id`, `created_by_user`, `deleted`, `modified_by_user`, `school_id`, `code`, `course_unit`, `degree`, `field`, `gender`, `level`, `name`, `state`, `time_in_week`) VALUES (33, NULL, 0, NULL, 1, '408', 2, 1, NULL, 3, 4, 'هنر', 1, 2);
INSERT INTO `lesson` (`id`, `created_by_user`, `deleted`, `modified_by_user`, `school_id`, `code`, `course_unit`, `degree`, `field`, `gender`, `level`, `name`, `state`, `time_in_week`) VALUES (34, NULL, 0, NULL, 1, '407', 3, 1, NULL, 3, 4, 'مطالعات اجتماعی چهارم', 1, 3);
INSERT INTO `lesson` (`id`, `created_by_user`, `deleted`, `modified_by_user`, `school_id`, `code`, `course_unit`, `degree`, `field`, `gender`, `level`, `name`, `state`, `time_in_week`) VALUES (35, NULL, 0, NULL, 1, '501', 3, 1, NULL, 3, 5, 'آموزش قرآن پنجم', 1, 3);
INSERT INTO `lesson` (`id`, `created_by_user`, `deleted`, `modified_by_user`, `school_id`, `code`, `course_unit`, `degree`, `field`, `gender`, `level`, `name`, `state`, `time_in_week`) VALUES (36, NULL, 0, NULL, 1, '502', 2, 1, NULL, 3, 5, 'هدیه‌های آسمان', 1, 2);
INSERT INTO `lesson` (`id`, `created_by_user`, `deleted`, `modified_by_user`, `school_id`, `code`, `course_unit`, `degree`, `field`, `gender`, `level`, `name`, `state`, `time_in_week`) VALUES (37, NULL, 0, NULL, 1, '503', 4, 1, NULL, 3, 5, 'فارسی پنجم', 1, 4);
INSERT INTO `lesson` (`id`, `created_by_user`, `deleted`, `modified_by_user`, `school_id`, `code`, `course_unit`, `degree`, `field`, `gender`, `level`, `name`, `state`, `time_in_week`) VALUES (38, NULL, 0, NULL, 1, '504', 3, 1, NULL, 3, 5, 'نگارش فارسی پنجم', 1, 3);
INSERT INTO `lesson` (`id`, `created_by_user`, `deleted`, `modified_by_user`, `school_id`, `code`, `course_unit`, `degree`, `field`, `gender`, `level`, `name`, `state`, `time_in_week`) VALUES (39, NULL, 0, NULL, 1, '505', 4, 1, NULL, 3, 5, 'ریاضی پنجم', 1, 4);
INSERT INTO `lesson` (`id`, `created_by_user`, `deleted`, `modified_by_user`, `school_id`, `code`, `course_unit`, `degree`, `field`, `gender`, `level`, `name`, `state`, `time_in_week`) VALUES (40, NULL, 0, NULL, 1, '506', 3, 1, NULL, 3, 5, 'علوم تجربی پنجم', 1, 3);
INSERT INTO `lesson` (`id`, `created_by_user`, `deleted`, `modified_by_user`, `school_id`, `code`, `course_unit`, `degree`, `field`, `gender`, `level`, `name`, `state`, `time_in_week`) VALUES (41, NULL, 0, NULL, 1, '509', 2, 1, NULL, 3, 5, 'ورزش', 1, 2);
INSERT INTO `lesson` (`id`, `created_by_user`, `deleted`, `modified_by_user`, `school_id`, `code`, `course_unit`, `degree`, `field`, `gender`, `level`, `name`, `state`, `time_in_week`) VALUES (42, NULL, 0, NULL, 1, '508', 2, 1, NULL, 3, 5, 'هنر', 1, 2);
INSERT INTO `lesson` (`id`, `created_by_user`, `deleted`, `modified_by_user`, `school_id`, `code`, `course_unit`, `degree`, `field`, `gender`, `level`, `name`, `state`, `time_in_week`) VALUES (43, NULL, 0, NULL, 1, '507', 3, 1, NULL, 3, 5, 'مطالعات اجتماعی پنجم', 1, 3);
INSERT INTO `lesson` (`id`, `created_by_user`, `deleted`, `modified_by_user`, `school_id`, `code`, `course_unit`, `degree`, `field`, `gender`, `level`, `name`, `state`, `time_in_week`) VALUES (44, NULL, 0, NULL, 1, '601', 3, 1, NULL, 3, 6, 'آموزش قرآن ششم', 1, 3);
INSERT INTO `lesson` (`id`, `created_by_user`, `deleted`, `modified_by_user`, `school_id`, `code`, `course_unit`, `degree`, `field`, `gender`, `level`, `name`, `state`, `time_in_week`) VALUES (45, NULL, 0, NULL, 1, '602', 2, 1, NULL, 3, 6, 'هدیه‌های آسمان', 1, 2);
INSERT INTO `lesson` (`id`, `created_by_user`, `deleted`, `modified_by_user`, `school_id`, `code`, `course_unit`, `degree`, `field`, `gender`, `level`, `name`, `state`, `time_in_week`) VALUES (46, NULL, 0, NULL, 1, '603', 5, 1, NULL, 3, 6, 'فارسی ششم', 1, 5);
INSERT INTO `lesson` (`id`, `created_by_user`, `deleted`, `modified_by_user`, `school_id`, `code`, `course_unit`, `degree`, `field`, `gender`, `level`, `name`, `state`, `time_in_week`) VALUES (47, NULL, 0, NULL, 1, '604', 3, 1, NULL, 3, 6, 'نگارش فارسی ششم', 1, 3);
INSERT INTO `lesson` (`id`, `created_by_user`, `deleted`, `modified_by_user`, `school_id`, `code`, `course_unit`, `degree`, `field`, `gender`, `level`, `name`, `state`, `time_in_week`) VALUES (48, NULL, 0, NULL, 1, '605', 4, 1, NULL, 3, 6, 'ریاضی ششم', 1, 4);
INSERT INTO `lesson` (`id`, `created_by_user`, `deleted`, `modified_by_user`, `school_id`, `code`, `course_unit`, `degree`, `field`, `gender`, `level`, `name`, `state`, `time_in_week`) VALUES (49, NULL, 0, NULL, 1, '606', 2, 1, NULL, 3, 6, 'علوم تجربی ششم', 1, 2);
INSERT INTO `lesson` (`id`, `created_by_user`, `deleted`, `modified_by_user`, `school_id`, `code`, `course_unit`, `degree`, `field`, `gender`, `level`, `name`, `state`, `time_in_week`) VALUES (50, NULL, 0, NULL, 1, '609', 2, 1, NULL, 3, 6, 'ورزش', 1, 2);
INSERT INTO `lesson` (`id`, `created_by_user`, `deleted`, `modified_by_user`, `school_id`, `code`, `course_unit`, `degree`, `field`, `gender`, `level`, `name`, `state`, `time_in_week`) VALUES (51, NULL, 0, NULL, 1, '608', 2, 1, NULL, 3, 6, 'هنر', 1, 2);
INSERT INTO `lesson` (`id`, `created_by_user`, `deleted`, `modified_by_user`, `school_id`, `code`, `course_unit`, `degree`, `field`, `gender`, `level`, `name`, `state`, `time_in_week`) VALUES (52, NULL, 0, NULL, 1, '607', 3, 1, NULL, 3, 6, 'مطالعات اجتماعی ششم', 1, 3);
INSERT INTO `lesson` (`id`, `created_by_user`, `deleted`, `modified_by_user`, `school_id`, `code`, `course_unit`, `degree`, `field`, `gender`, `level`, `name`, `state`, `time_in_week`) VALUES (53, NULL, 0, NULL, 1, '612', 1, 1, NULL, 3, 6, 'تفکر و پژوهش', 1, 1);
INSERT INTO `lesson` (`id`, `created_by_user`, `deleted`, `modified_by_user`, `school_id`, `code`, `course_unit`, `degree`, `field`, `gender`, `level`, `name`, `state`, `time_in_week`) VALUES (54, NULL, 0, NULL, 1, '617', 1, 1, NULL, 3, 6, 'کار و فناوری', 1, 1);
INSERT INTO `lesson` (`id`, `created_by_user`, `deleted`, `modified_by_user`, `school_id`, `code`, `course_unit`, `degree`, `field`, `gender`, `level`, `name`, `state`, `time_in_week`) VALUES (55, NULL, 0, NULL, 1, '701', 2, 2, NULL, 3, 7, 'آموزش قرآن هفتم', 1, 2);
INSERT INTO `lesson` (`id`, `created_by_user`, `deleted`, `modified_by_user`, `school_id`, `code`, `course_unit`, `degree`, `field`, `gender`, `level`, `name`, `state`, `time_in_week`) VALUES (56, NULL, 0, NULL, 1, '702', 2, 2, NULL, 3, 7, 'پیام های آسمان هفتم', 1, 2);
INSERT INTO `lesson` (`id`, `created_by_user`, `deleted`, `modified_by_user`, `school_id`, `code`, `course_unit`, `degree`, `field`, `gender`, `level`, `name`, `state`, `time_in_week`) VALUES (57, NULL, 0, NULL, 1, '703', 2, 2, NULL, 3, 7, 'فارسی هفتم', 1, 2);
INSERT INTO `lesson` (`id`, `created_by_user`, `deleted`, `modified_by_user`, `school_id`, `code`, `course_unit`, `degree`, `field`, `gender`, `level`, `name`, `state`, `time_in_week`) VALUES (58, NULL, 0, NULL, 1, '704', 2, 2, NULL, 3, 7, 'نگارش فارسی هفتم', 1, 2);
INSERT INTO `lesson` (`id`, `created_by_user`, `deleted`, `modified_by_user`, `school_id`, `code`, `course_unit`, `degree`, `field`, `gender`, `level`, `name`, `state`, `time_in_week`) VALUES (59, NULL, 0, NULL, 1, '705', 4, 2, NULL, 3, 7, 'ریاضی هفتم', 1, 4);
INSERT INTO `lesson` (`id`, `created_by_user`, `deleted`, `modified_by_user`, `school_id`, `code`, `course_unit`, `degree`, `field`, `gender`, `level`, `name`, `state`, `time_in_week`) VALUES (60, NULL, 0, NULL, 1, '706', 3, 2, NULL, 3, 7, 'علوم تجربی هفتم', 1, 3);
INSERT INTO `lesson` (`id`, `created_by_user`, `deleted`, `modified_by_user`, `school_id`, `code`, `course_unit`, `degree`, `field`, `gender`, `level`, `name`, `state`, `time_in_week`) VALUES (61, NULL, 0, NULL, 1, '707', 3, 2, NULL, 3, 7, 'مطالعات اجتماعی هفتم', 1, 3);
INSERT INTO `lesson` (`id`, `created_by_user`, `deleted`, `modified_by_user`, `school_id`, `code`, `course_unit`, `degree`, `field`, `gender`, `level`, `name`, `state`, `time_in_week`) VALUES (62, NULL, 0, NULL, 1, '708', 2, 2, NULL, 3, 7, 'فرهنگ و هنر هفتم', 1, 2);
INSERT INTO `lesson` (`id`, `created_by_user`, `deleted`, `modified_by_user`, `school_id`, `code`, `course_unit`, `degree`, `field`, `gender`, `level`, `name`, `state`, `time_in_week`) VALUES (63, NULL, 0, NULL, 1, '709', 2, 2, NULL, 3, 7, 'عربی هفتم', 1, 2);
INSERT INTO `lesson` (`id`, `created_by_user`, `deleted`, `modified_by_user`, `school_id`, `code`, `course_unit`, `degree`, `field`, `gender`, `level`, `name`, `state`, `time_in_week`) VALUES (64, NULL, 0, NULL, 1, '710', 2, 2, NULL, 3, 7, 'انگلیسی 1', 1, 2);
INSERT INTO `lesson` (`id`, `created_by_user`, `deleted`, `modified_by_user`, `school_id`, `code`, `course_unit`, `degree`, `field`, `gender`, `level`, `name`, `state`, `time_in_week`) VALUES (65, NULL, 0, NULL, 1, '712', 2, 2, NULL, 1, 7, 'تفکر و سبک زندگی هفتم', 1, 2);
INSERT INTO `lesson` (`id`, `created_by_user`, `deleted`, `modified_by_user`, `school_id`, `code`, `course_unit`, `degree`, `field`, `gender`, `level`, `name`, `state`, `time_in_week`) VALUES (66, NULL, 0, NULL, 1, '713', 2, 2, NULL, 2, 7, '(تفکر و سبک زندگی هفتم(دختران', 1, 2);
INSERT INTO `lesson` (`id`, `created_by_user`, `deleted`, `modified_by_user`, `school_id`, `code`, `course_unit`, `degree`, `field`, `gender`, `level`, `name`, `state`, `time_in_week`) VALUES (67, NULL, 0, NULL, 1, '717', 2, 2, NULL, 3, 7, 'کار و فناوری هفتم', 1, 2);
INSERT INTO `lesson` (`id`, `created_by_user`, `deleted`, `modified_by_user`, `school_id`, `code`, `course_unit`, `degree`, `field`, `gender`, `level`, `name`, `state`, `time_in_week`) VALUES (68, NULL, 0, NULL, 1, '718', 2, 2, NULL, 3, 8, 'تربیت بدنی و سلامت', 1, 2);
INSERT INTO `lesson` (`id`, `created_by_user`, `deleted`, `modified_by_user`, `school_id`, `code`, `course_unit`, `degree`, `field`, `gender`, `level`, `name`, `state`, `time_in_week`) VALUES (69, NULL, 0, NULL, 1, '801', 2, 2, NULL, 3, 8, 'آموزش قرآن هشتم', 1, 2);
INSERT INTO `lesson` (`id`, `created_by_user`, `deleted`, `modified_by_user`, `school_id`, `code`, `course_unit`, `degree`, `field`, `gender`, `level`, `name`, `state`, `time_in_week`) VALUES (70, NULL, 0, NULL, 1, '802', 2, 2, NULL, 3, 8, 'پیام های آسمان هشتم', 1, 2);
INSERT INTO `lesson` (`id`, `created_by_user`, `deleted`, `modified_by_user`, `school_id`, `code`, `course_unit`, `degree`, `field`, `gender`, `level`, `name`, `state`, `time_in_week`) VALUES (71, NULL, 0, NULL, 1, '803', 2, 2, NULL, 3, 8, 'فارسی هشتم', 1, 2);
INSERT INTO `lesson` (`id`, `created_by_user`, `deleted`, `modified_by_user`, `school_id`, `code`, `course_unit`, `degree`, `field`, `gender`, `level`, `name`, `state`, `time_in_week`) VALUES (72, NULL, 0, NULL, 1, '804', 2, 2, NULL, 3, 8, 'نگارش فارسی هشتم', 1, 2);
INSERT INTO `lesson` (`id`, `created_by_user`, `deleted`, `modified_by_user`, `school_id`, `code`, `course_unit`, `degree`, `field`, `gender`, `level`, `name`, `state`, `time_in_week`) VALUES (73, NULL, 0, NULL, 1, '805', 4, 2, NULL, 3, 8, 'ریاضی هشتم', 1, 4);
INSERT INTO `lesson` (`id`, `created_by_user`, `deleted`, `modified_by_user`, `school_id`, `code`, `course_unit`, `degree`, `field`, `gender`, `level`, `name`, `state`, `time_in_week`) VALUES (74, NULL, 0, NULL, 1, '806', 3, 2, NULL, 3, 8, 'علوم تجربی هشتم', 1, 3);
INSERT INTO `lesson` (`id`, `created_by_user`, `deleted`, `modified_by_user`, `school_id`, `code`, `course_unit`, `degree`, `field`, `gender`, `level`, `name`, `state`, `time_in_week`) VALUES (75, NULL, 0, NULL, 1, '807', 3, 2, NULL, 3, 8, 'مطالعات اجتماعی هشتم', 1, 3);
INSERT INTO `lesson` (`id`, `created_by_user`, `deleted`, `modified_by_user`, `school_id`, `code`, `course_unit`, `degree`, `field`, `gender`, `level`, `name`, `state`, `time_in_week`) VALUES (76, NULL, 0, NULL, 1, '808', 2, 2, NULL, 3, 8, 'فرهنگ و هنر هشتم', 1, 2);
INSERT INTO `lesson` (`id`, `created_by_user`, `deleted`, `modified_by_user`, `school_id`, `code`, `course_unit`, `degree`, `field`, `gender`, `level`, `name`, `state`, `time_in_week`) VALUES (77, NULL, 0, NULL, 1, '809', 2, 2, NULL, 3, 8, 'عربی هشتم', 1, 2);
INSERT INTO `lesson` (`id`, `created_by_user`, `deleted`, `modified_by_user`, `school_id`, `code`, `course_unit`, `degree`, `field`, `gender`, `level`, `name`, `state`, `time_in_week`) VALUES (78, NULL, 0, NULL, 1, '810', 2, 2, NULL, 3, 8, 'انگلیسی 2', 1, 2);
INSERT INTO `lesson` (`id`, `created_by_user`, `deleted`, `modified_by_user`, `school_id`, `code`, `course_unit`, `degree`, `field`, `gender`, `level`, `name`, `state`, `time_in_week`) VALUES (79, NULL, 0, NULL, 1, '812', 2, 2, NULL, 2, 8, 'تفکر و سبک زندگی هشتم', 1, 2);
INSERT INTO `lesson` (`id`, `created_by_user`, `deleted`, `modified_by_user`, `school_id`, `code`, `course_unit`, `degree`, `field`, `gender`, `level`, `name`, `state`, `time_in_week`) VALUES (80, NULL, 0, NULL, 1, '813', 2, 2, NULL, 1, 8, '(تفکر و سبک زندگی هشتم(پسران', 1, 2);
INSERT INTO `lesson` (`id`, `created_by_user`, `deleted`, `modified_by_user`, `school_id`, `code`, `course_unit`, `degree`, `field`, `gender`, `level`, `name`, `state`, `time_in_week`) VALUES (81, NULL, 0, NULL, 1, '817', 2, 2, NULL, 3, 8, 'کار و فناوری هشتم', 1, 2);
INSERT INTO `lesson` (`id`, `created_by_user`, `deleted`, `modified_by_user`, `school_id`, `code`, `course_unit`, `degree`, `field`, `gender`, `level`, `name`, `state`, `time_in_week`) VALUES (82, NULL, 0, NULL, 1, '818', 2, 2, NULL, 3, 8, 'تربیت بدنی و سلامت', 1, 2);
INSERT INTO `lesson` (`id`, `created_by_user`, `deleted`, `modified_by_user`, `school_id`, `code`, `course_unit`, `degree`, `field`, `gender`, `level`, `name`, `state`, `time_in_week`) VALUES (83, NULL, 0, NULL, 1, '901', 2, 2, NULL, 3, 9, 'آموزش قرآن نهم', 1, 2);
INSERT INTO `lesson` (`id`, `created_by_user`, `deleted`, `modified_by_user`, `school_id`, `code`, `course_unit`, `degree`, `field`, `gender`, `level`, `name`, `state`, `time_in_week`) VALUES (84, NULL, 0, NULL, 1, '902', 2, 2, NULL, 3, 9, 'پیام های آسمان نهم', 1, 2);
INSERT INTO `lesson` (`id`, `created_by_user`, `deleted`, `modified_by_user`, `school_id`, `code`, `course_unit`, `degree`, `field`, `gender`, `level`, `name`, `state`, `time_in_week`) VALUES (85, NULL, 0, NULL, 1, '903', 2, 2, NULL, 3, 9, 'فارسی نهم', 1, 2);
INSERT INTO `lesson` (`id`, `created_by_user`, `deleted`, `modified_by_user`, `school_id`, `code`, `course_unit`, `degree`, `field`, `gender`, `level`, `name`, `state`, `time_in_week`) VALUES (86, NULL, 0, NULL, 1, '904', 2, 2, NULL, 3, 9, 'نگارش فارسی نهم', 1, 2);
INSERT INTO `lesson` (`id`, `created_by_user`, `deleted`, `modified_by_user`, `school_id`, `code`, `course_unit`, `degree`, `field`, `gender`, `level`, `name`, `state`, `time_in_week`) VALUES (87, NULL, 0, NULL, 1, '905', 4, 2, NULL, 3, 9, 'ریاضی نهم', 1, 4);
INSERT INTO `lesson` (`id`, `created_by_user`, `deleted`, `modified_by_user`, `school_id`, `code`, `course_unit`, `degree`, `field`, `gender`, `level`, `name`, `state`, `time_in_week`) VALUES (88, NULL, 0, NULL, 1, '906', 3, 2, NULL, 3, 9, 'علوم تجربی نهم', 1, 3);
INSERT INTO `lesson` (`id`, `created_by_user`, `deleted`, `modified_by_user`, `school_id`, `code`, `course_unit`, `degree`, `field`, `gender`, `level`, `name`, `state`, `time_in_week`) VALUES (89, NULL, 0, NULL, 1, '907', 3, 2, NULL, 3, 9, 'مطالعات اجتماعی نهم', 1, 3);
INSERT INTO `lesson` (`id`, `created_by_user`, `deleted`, `modified_by_user`, `school_id`, `code`, `course_unit`, `degree`, `field`, `gender`, `level`, `name`, `state`, `time_in_week`) VALUES (90, NULL, 0, NULL, 1, '908', 2, 2, NULL, 3, 9, 'فرهنگ و هنر نهم', 1, 2);
INSERT INTO `lesson` (`id`, `created_by_user`, `deleted`, `modified_by_user`, `school_id`, `code`, `course_unit`, `degree`, `field`, `gender`, `level`, `name`, `state`, `time_in_week`) VALUES (91, NULL, 0, NULL, 1, '909', 2, 2, NULL, 3, 9, 'عربی نهم', 1, 2);
INSERT INTO `lesson` (`id`, `created_by_user`, `deleted`, `modified_by_user`, `school_id`, `code`, `course_unit`, `degree`, `field`, `gender`, `level`, `name`, `state`, `time_in_week`) VALUES (92, NULL, 0, NULL, 1, '910', 2, 2, NULL, 3, 9, 'انگلیسی 3', 1, 2);
INSERT INTO `lesson` (`id`, `created_by_user`, `deleted`, `modified_by_user`, `school_id`, `code`, `course_unit`, `degree`, `field`, `gender`, `level`, `name`, `state`, `time_in_week`) VALUES (93, NULL, 0, NULL, 1, '917', 2, 2, NULL, 3, 9, 'کار و فناوری نهم', 1, 2);
INSERT INTO `lesson` (`id`, `created_by_user`, `deleted`, `modified_by_user`, `school_id`, `code`, `course_unit`, `degree`, `field`, `gender`, `level`, `name`, `state`, `time_in_week`) VALUES (94, NULL, 0, NULL, 1, '915', 2, 2, NULL, 3, 9, 'آمادگی دفاعی نهم', 1, 2);
INSERT INTO `lesson` (`id`, `created_by_user`, `deleted`, `modified_by_user`, `school_id`, `code`, `course_unit`, `degree`, `field`, `gender`, `level`, `name`, `state`, `time_in_week`) VALUES (95, NULL, 0, NULL, 1, '916', 2, 2, NULL, 3, 9, ' تربیت بدنی و سلامت', 1, 2);
INSERT INTO `lesson` (`id`, `created_by_user`, `deleted`, `modified_by_user`, `school_id`, `code`, `course_unit`, `degree`, `field`, `gender`, `level`, `name`, `state`, `time_in_week`) VALUES (96, NULL, 0, NULL, 1, '110231', 2, 3, 1, 3, 10, 'تربیت بدنی 1', 1, 2);
INSERT INTO `lesson` (`id`, `created_by_user`, `deleted`, `modified_by_user`, `school_id`, `code`, `course_unit`, `degree`, `field`, `gender`, `level`, `name`, `state`, `time_in_week`) VALUES (97, NULL, 0, NULL, 1, '110201', 2, 3, 1, 3, 10, 'فارسی 1', 1, 2);
INSERT INTO `lesson` (`id`, `created_by_user`, `deleted`, `modified_by_user`, `school_id`, `code`, `course_unit`, `degree`, `field`, `gender`, `level`, `name`, `state`, `time_in_week`) VALUES (98, NULL, 0, NULL, 1, '110202', 2, 3, 1, 3, 10, 'نگارش 1', 1, 2);
INSERT INTO `lesson` (`id`, `created_by_user`, `deleted`, `modified_by_user`, `school_id`, `code`, `course_unit`, `degree`, `field`, `gender`, `level`, `name`, `state`, `time_in_week`) VALUES (99, NULL, 0, NULL, 1, '110204', 2, 3, 1, 3, 10, 'دین و زندگی 1', 1, 2);
INSERT INTO `lesson` (`id`, `created_by_user`, `deleted`, `modified_by_user`, `school_id`, `code`, `course_unit`, `degree`, `field`, `gender`, `level`, `name`, `state`, `time_in_week`) VALUES (100, NULL, 0, NULL, 1, '110206', 2, 3, 1, 3, 10, 'عربی 1', 1, 2);
INSERT INTO `lesson` (`id`, `created_by_user`, `deleted`, `modified_by_user`, `school_id`, `code`, `course_unit`, `degree`, `field`, `gender`, `level`, `name`, `state`, `time_in_week`) VALUES (101, NULL, 0, NULL, 1, '110209', 4, 3, 1, 3, 10, 'فیزیک 1', 1, 4);
INSERT INTO `lesson` (`id`, `created_by_user`, `deleted`, `modified_by_user`, `school_id`, `code`, `course_unit`, `degree`, `field`, `gender`, `level`, `name`, `state`, `time_in_week`) VALUES (102, NULL, 0, NULL, 1, '110210', 3, 3, NULL, 3, 10, 'شیمی 1', 1, 3);
INSERT INTO `lesson` (`id`, `created_by_user`, `deleted`, `modified_by_user`, `school_id`, `code`, `course_unit`, `degree`, `field`, `gender`, `level`, `name`, `state`, `time_in_week`) VALUES (103, NULL, 0, NULL, 1, '110211', 4, 3, 1, 3, 10, 'ریاضی 1', 1, 4);
INSERT INTO `lesson` (`id`, `created_by_user`, `deleted`, `modified_by_user`, `school_id`, `code`, `course_unit`, `degree`, `field`, `gender`, `level`, `name`, `state`, `time_in_week`) VALUES (104, NULL, 0, NULL, 1, '110212', 2, 3, 1, 3, 10, 'ریاضی و آمار 1', 1, 2);
INSERT INTO `lesson` (`id`, `created_by_user`, `deleted`, `modified_by_user`, `school_id`, `code`, `course_unit`, `degree`, `field`, `gender`, `level`, `name`, `state`, `time_in_week`) VALUES (105, NULL, 0, NULL, 1, '110213', 2, 3, 1, 3, 10, 'هندسه 1', 1, 2);
INSERT INTO `lesson` (`id`, `created_by_user`, `deleted`, `modified_by_user`, `school_id`, `code`, `course_unit`, `degree`, `field`, `gender`, `level`, `name`, `state`, `time_in_week`) VALUES (106, NULL, 0, NULL, 1, '110215', 3, 3, 1, 3, 10, 'امادگی دفاعی 1', 1, 3);
INSERT INTO `lesson` (`id`, `created_by_user`, `deleted`, `modified_by_user`, `school_id`, `code`, `course_unit`, `degree`, `field`, `gender`, `level`, `name`, `state`, `time_in_week`) VALUES (107, NULL, 0, NULL, 1, '110217', 2, 3, 1, 3, 10, 'آزمایشگاه علوم تجربی 1', 1, 2);
INSERT INTO `lesson` (`id`, `created_by_user`, `deleted`, `modified_by_user`, `school_id`, `code`, `course_unit`, `degree`, `field`, `gender`, `level`, `name`, `state`, `time_in_week`) VALUES (108, NULL, 0, NULL, 1, '110218', 2, 3, 1, 3, 10, 'جغرافیای ایران', 1, 2);
INSERT INTO `lesson` (`id`, `created_by_user`, `deleted`, `modified_by_user`, `school_id`, `code`, `course_unit`, `degree`, `field`, `gender`, `level`, `name`, `state`, `time_in_week`) VALUES (109, NULL, 0, NULL, 1, '110222', 2, 3, 1, 3, 10, 'هنر', 1, 2);
INSERT INTO `lesson` (`id`, `created_by_user`, `deleted`, `modified_by_user`, `school_id`, `code`, `course_unit`, `degree`, `field`, `gender`, `level`, `name`, `state`, `time_in_week`) VALUES (110, NULL, 0, NULL, 1, '110224', 2, 3, 1, 3, 10, 'کارگاه کارآفرینی و تولید', 1, 2);
INSERT INTO `lesson` (`id`, `created_by_user`, `deleted`, `modified_by_user`, `school_id`, `code`, `course_unit`, `degree`, `field`, `gender`, `level`, `name`, `state`, `time_in_week`) VALUES (111, NULL, 0, NULL, 1, '110225', 2, 3, 1, 3, 10, 'تفکر و سواد رسانه ای', 1, 2);
INSERT INTO `lesson` (`id`, `created_by_user`, `deleted`, `modified_by_user`, `school_id`, `code`, `course_unit`, `degree`, `field`, `gender`, `level`, `name`, `state`, `time_in_week`) VALUES (112, NULL, 0, NULL, 1, '110230', 3, 3, 1, 3, 10, 'انگلیسی 1', 1, 3);
INSERT INTO `lesson` (`id`, `created_by_user`, `deleted`, `modified_by_user`, `school_id`, `code`, `course_unit`, `degree`, `field`, `gender`, `level`, `name`, `state`, `time_in_week`) VALUES (113, NULL, 0, NULL, 1, '110231', 2, 3, 1, 3, 10, 'تربیت بدنی 1', 1, 2);
INSERT INTO `lesson` (`id`, `created_by_user`, `deleted`, `modified_by_user`, `school_id`, `code`, `course_unit`, `degree`, `field`, `gender`, `level`, `name`, `state`, `time_in_week`) VALUES (114, NULL, 0, NULL, 1, '110201', 2, 3, 1, 3, 11, 'فارسی 2', 1, 2);
INSERT INTO `lesson` (`id`, `created_by_user`, `deleted`, `modified_by_user`, `school_id`, `code`, `course_unit`, `degree`, `field`, `gender`, `level`, `name`, `state`, `time_in_week`) VALUES (115, NULL, 0, NULL, 1, '110202', 1, 3, 1, 3, 11, 'نگارش 2', 1, 1);
INSERT INTO `lesson` (`id`, `created_by_user`, `deleted`, `modified_by_user`, `school_id`, `code`, `course_unit`, `degree`, `field`, `gender`, `level`, `name`, `state`, `time_in_week`) VALUES (116, NULL, 0, NULL, 1, '110204', 2, 3, 1, 3, 11, 'دین و زندگی 2', 1, 2);
INSERT INTO `lesson` (`id`, `created_by_user`, `deleted`, `modified_by_user`, `school_id`, `code`, `course_unit`, `degree`, `field`, `gender`, `level`, `name`, `state`, `time_in_week`) VALUES (117, NULL, 0, NULL, 1, '110206', 2, 3, 1, 3, 11, 'عربی 2', 1, 2);
INSERT INTO `lesson` (`id`, `created_by_user`, `deleted`, `modified_by_user`, `school_id`, `code`, `course_unit`, `degree`, `field`, `gender`, `level`, `name`, `state`, `time_in_week`) VALUES (118, NULL, 0, NULL, 1, '110209', 4, 3, 1, 3, 11, 'فیزیک 2', 1, 4);
INSERT INTO `lesson` (`id`, `created_by_user`, `deleted`, `modified_by_user`, `school_id`, `code`, `course_unit`, `degree`, `field`, `gender`, `level`, `name`, `state`, `time_in_week`) VALUES (119, NULL, 0, NULL, 1, '110210', 3, 3, 1, 3, 11, 'شیمی 2', 1, 3);
INSERT INTO `lesson` (`id`, `created_by_user`, `deleted`, `modified_by_user`, `school_id`, `code`, `course_unit`, `degree`, `field`, `gender`, `level`, `name`, `state`, `time_in_week`) VALUES (120, NULL, 0, NULL, 1, '110211', 3, 3, 1, 3, 11, 'حسابان 1', 1, 3);
INSERT INTO `lesson` (`id`, `created_by_user`, `deleted`, `modified_by_user`, `school_id`, `code`, `course_unit`, `degree`, `field`, `gender`, `level`, `name`, `state`, `time_in_week`) VALUES (121, NULL, 0, NULL, 1, '110212', 2, 3, 1, 3, 11, 'آمار و احتمال', 1, 2);
INSERT INTO `lesson` (`id`, `created_by_user`, `deleted`, `modified_by_user`, `school_id`, `code`, `course_unit`, `degree`, `field`, `gender`, `level`, `name`, `state`, `time_in_week`) VALUES (122, NULL, 0, NULL, 1, '110213', 2, 3, 1, 3, 11, 'هندسه 2', 1, 2);
INSERT INTO `lesson` (`id`, `created_by_user`, `deleted`, `modified_by_user`, `school_id`, `code`, `course_unit`, `degree`, `field`, `gender`, `level`, `name`, `state`, `time_in_week`) VALUES (123, NULL, 0, NULL, 1, '110215', 1, 3, 1, 3, 11, 'انسان و محیط زیست', 1, 1);
INSERT INTO `lesson` (`id`, `created_by_user`, `deleted`, `modified_by_user`, `school_id`, `code`, `course_unit`, `degree`, `field`, `gender`, `level`, `name`, `state`, `time_in_week`) VALUES (124, NULL, 0, NULL, 1, '110217', 1, 3, 1, 3, 11, 'آزمایشگاه علوم تجربی 2', 1, 1);
INSERT INTO `lesson` (`id`, `created_by_user`, `deleted`, `modified_by_user`, `school_id`, `code`, `course_unit`, `degree`, `field`, `gender`, `level`, `name`, `state`, `time_in_week`) VALUES (125, NULL, 0, NULL, 1, '110218', 2, 3, 1, 3, 11, 'تاریخ معاصر ایران', 1, 2);
INSERT INTO `lesson` (`id`, `created_by_user`, `deleted`, `modified_by_user`, `school_id`, `code`, `course_unit`, `degree`, `field`, `gender`, `level`, `name`, `state`, `time_in_week`) VALUES (126, NULL, 0, NULL, 1, '110222', 2, 3, 1, 3, 11, 'هنر', 1, 2);
INSERT INTO `lesson` (`id`, `created_by_user`, `deleted`, `modified_by_user`, `school_id`, `code`, `course_unit`, `degree`, `field`, `gender`, `level`, `name`, `state`, `time_in_week`) VALUES (127, NULL, 0, NULL, 1, '110224', 2, 3, 1, 3, 11, 'کارگاه کارآفرینی و تولید', 1, 2);
INSERT INTO `lesson` (`id`, `created_by_user`, `deleted`, `modified_by_user`, `school_id`, `code`, `course_unit`, `degree`, `field`, `gender`, `level`, `name`, `state`, `time_in_week`) VALUES (128, NULL, 0, NULL, 1, '110225', 2, 3, 1, 3, 11, 'تفکر و سواد رسانه ای', 1, 2);
INSERT INTO `lesson` (`id`, `created_by_user`, `deleted`, `modified_by_user`, `school_id`, `code`, `course_unit`, `degree`, `field`, `gender`, `level`, `name`, `state`, `time_in_week`) VALUES (129, NULL, 0, NULL, 1, '110230', 3, 3, 1, 3, 11, 'انگلیسی 2', 1, 3);
INSERT INTO `lesson` (`id`, `created_by_user`, `deleted`, `modified_by_user`, `school_id`, `code`, `course_unit`, `degree`, `field`, `gender`, `level`, `name`, `state`, `time_in_week`) VALUES (130, NULL, 0, NULL, 1, '110231', 2, 3, 1, 3, 11, 'تربیت بدنی 2', 1, 2);
INSERT INTO `lesson` (`id`, `created_by_user`, `deleted`, `modified_by_user`, `school_id`, `code`, `course_unit`, `degree`, `field`, `gender`, `level`, `name`, `state`, `time_in_week`) VALUES (131, NULL, 0, NULL, 1, '110231', 2, 3, 1, 3, 11, 'زمین شناسی', 1, 2);
INSERT INTO `lesson` (`id`, `created_by_user`, `deleted`, `modified_by_user`, `school_id`, `code`, `course_unit`, `degree`, `field`, `gender`, `level`, `name`, `state`, `time_in_week`) VALUES (132, NULL, 0, NULL, 1, '110201', 2, 3, 1, 3, 12, 'فارسی 3', 1, 2);
INSERT INTO `lesson` (`id`, `created_by_user`, `deleted`, `modified_by_user`, `school_id`, `code`, `course_unit`, `degree`, `field`, `gender`, `level`, `name`, `state`, `time_in_week`) VALUES (133, NULL, 0, NULL, 1, '110202', 2, 3, 1, 3, 12, 'نگارش 3', 1, 2);
INSERT INTO `lesson` (`id`, `created_by_user`, `deleted`, `modified_by_user`, `school_id`, `code`, `course_unit`, `degree`, `field`, `gender`, `level`, `name`, `state`, `time_in_week`) VALUES (134, NULL, 0, NULL, 1, '110204', 2, 3, 1, 3, 12, 'دین و زندگی 3', 1, 2);
INSERT INTO `lesson` (`id`, `created_by_user`, `deleted`, `modified_by_user`, `school_id`, `code`, `course_unit`, `degree`, `field`, `gender`, `level`, `name`, `state`, `time_in_week`) VALUES (135, NULL, 0, NULL, 1, '110206', 2, 3, 1, 3, 12, 'عربی 3', 1, 2);
INSERT INTO `lesson` (`id`, `created_by_user`, `deleted`, `modified_by_user`, `school_id`, `code`, `course_unit`, `degree`, `field`, `gender`, `level`, `name`, `state`, `time_in_week`) VALUES (136, NULL, 0, NULL, 1, '110209', 4, 3, 1, 3, 12, 'فیزیک 3', 1, 4);
INSERT INTO `lesson` (`id`, `created_by_user`, `deleted`, `modified_by_user`, `school_id`, `code`, `course_unit`, `degree`, `field`, `gender`, `level`, `name`, `state`, `time_in_week`) VALUES (137, NULL, 0, NULL, 1, '110210', 4, 3, 1, 3, 12, 'شیمی 3', 1, 4);
INSERT INTO `lesson` (`id`, `created_by_user`, `deleted`, `modified_by_user`, `school_id`, `code`, `course_unit`, `degree`, `field`, `gender`, `level`, `name`, `state`, `time_in_week`) VALUES (138, NULL, 0, NULL, 1, '110211', 3, 3, 1, 3, 12, 'حسابان 2', 1, 3);
INSERT INTO `lesson` (`id`, `created_by_user`, `deleted`, `modified_by_user`, `school_id`, `code`, `course_unit`, `degree`, `field`, `gender`, `level`, `name`, `state`, `time_in_week`) VALUES (139, NULL, 0, NULL, 1, '110212', 2, 3, 1, 3, 12, 'هویت اجتماعی', 1, 2);
INSERT INTO `lesson` (`id`, `created_by_user`, `deleted`, `modified_by_user`, `school_id`, `code`, `course_unit`, `degree`, `field`, `gender`, `level`, `name`, `state`, `time_in_week`) VALUES (140, NULL, 0, NULL, 1, '110213', 2, 3, 1, 3, 12, 'هندسه 3', 1, 2);
INSERT INTO `lesson` (`id`, `created_by_user`, `deleted`, `modified_by_user`, `school_id`, `code`, `course_unit`, `degree`, `field`, `gender`, `level`, `name`, `state`, `time_in_week`) VALUES (141, NULL, 0, NULL, 1, '110215', 2, 3, 1, 3, 12, 'سلامت و بهداشت', 1, 2);
INSERT INTO `lesson` (`id`, `created_by_user`, `deleted`, `modified_by_user`, `school_id`, `code`, `course_unit`, `degree`, `field`, `gender`, `level`, `name`, `state`, `time_in_week`) VALUES (142, NULL, 0, NULL, 1, '110222', 2, 3, 1, 1, 12, 'مدیریت خانواده و سبک زندگی-پسران', 1, 2);
INSERT INTO `lesson` (`id`, `created_by_user`, `deleted`, `modified_by_user`, `school_id`, `code`, `course_unit`, `degree`, `field`, `gender`, `level`, `name`, `state`, `time_in_week`) VALUES (143, NULL, 0, NULL, 1, '110224', 2, 3, 1, 2, 12, 'مدیریت خانواده و سبک زندگی-دختران', 1, 2);
INSERT INTO `lesson` (`id`, `created_by_user`, `deleted`, `modified_by_user`, `school_id`, `code`, `course_unit`, `degree`, `field`, `gender`, `level`, `name`, `state`, `time_in_week`) VALUES (144, NULL, 0, NULL, 1, '110225', 2, 3, 1, 3, 12, 'ریاضیات گسسته', 1, 2);
INSERT INTO `lesson` (`id`, `created_by_user`, `deleted`, `modified_by_user`, `school_id`, `code`, `course_unit`, `degree`, `field`, `gender`, `level`, `name`, `state`, `time_in_week`) VALUES (145, NULL, 0, NULL, 1, '110230', 4, 3, 1, 3, 12, 'انگلیسی 3', 1, 4);
INSERT INTO `lesson` (`id`, `created_by_user`, `deleted`, `modified_by_user`, `school_id`, `code`, `course_unit`, `degree`, `field`, `gender`, `level`, `name`, `state`, `time_in_week`) VALUES (146, NULL, 0, NULL, 1, '110231', 2, 3, 1, 3, 12, 'تربیت بدنی 3', 1, 2);
INSERT INTO `lesson` (`id`, `created_by_user`, `deleted`, `modified_by_user`, `school_id`, `code`, `course_unit`, `degree`, `field`, `gender`, `level`, `name`, `state`, `time_in_week`) VALUES (147, NULL, 0, NULL, 1, '110231', 2, 3, 2, 3, 12, 'تربیت بدنی 3', 1, 2);
INSERT INTO `lesson` (`id`, `created_by_user`, `deleted`, `modified_by_user`, `school_id`, `code`, `course_unit`, `degree`, `field`, `gender`, `level`, `name`, `state`, `time_in_week`) VALUES (148, NULL, 0, NULL, 1, '110201', 2, 3, 2, 3, 10, 'فارسی 1', 1, 2);
INSERT INTO `lesson` (`id`, `created_by_user`, `deleted`, `modified_by_user`, `school_id`, `code`, `course_unit`, `degree`, `field`, `gender`, `level`, `name`, `state`, `time_in_week`) VALUES (149, NULL, 0, NULL, 1, '110202', 2, 3, 2, 3, 10, 'نگارش 1', 1, 2);
INSERT INTO `lesson` (`id`, `created_by_user`, `deleted`, `modified_by_user`, `school_id`, `code`, `course_unit`, `degree`, `field`, `gender`, `level`, `name`, `state`, `time_in_week`) VALUES (150, NULL, 0, NULL, 1, '110204', 2, 3, 2, 3, 10, 'دین و زندگی 1', 1, 2);
INSERT INTO `lesson` (`id`, `created_by_user`, `deleted`, `modified_by_user`, `school_id`, `code`, `course_unit`, `degree`, `field`, `gender`, `level`, `name`, `state`, `time_in_week`) VALUES (151, NULL, 0, NULL, 1, '110206', 2, 3, 2, 3, 10, 'عربی 1', 1, 2);
INSERT INTO `lesson` (`id`, `created_by_user`, `deleted`, `modified_by_user`, `school_id`, `code`, `course_unit`, `degree`, `field`, `gender`, `level`, `name`, `state`, `time_in_week`) VALUES (152, NULL, 0, NULL, 1, '110214', 3, 3, 2, 3, 10, 'فیزیک 1', 1, 3);
INSERT INTO `lesson` (`id`, `created_by_user`, `deleted`, `modified_by_user`, `school_id`, `code`, `course_unit`, `degree`, `field`, `gender`, `level`, `name`, `state`, `time_in_week`) VALUES (153, NULL, 0, NULL, 1, '110210', 3, 3, 2, 3, 10, 'شیمی 1', 1, 3);
INSERT INTO `lesson` (`id`, `created_by_user`, `deleted`, `modified_by_user`, `school_id`, `code`, `course_unit`, `degree`, `field`, `gender`, `level`, `name`, `state`, `time_in_week`) VALUES (154, NULL, 0, NULL, 1, '110211', 4, 3, 2, 3, 10, 'ریاضی 1', 1, 4);
INSERT INTO `lesson` (`id`, `created_by_user`, `deleted`, `modified_by_user`, `school_id`, `code`, `course_unit`, `degree`, `field`, `gender`, `level`, `name`, `state`, `time_in_week`) VALUES (155, NULL, 0, NULL, 1, '110216', 3, 3, 2, 3, 10, 'زیست‌ شناسی 1', 1, 3);
INSERT INTO `lesson` (`id`, `created_by_user`, `deleted`, `modified_by_user`, `school_id`, `code`, `course_unit`, `degree`, `field`, `gender`, `level`, `name`, `state`, `time_in_week`) VALUES (156, NULL, 0, NULL, 1, '110215', 3, 3, 2, 3, 10, 'امادگی دفاعی 1', 1, 3);
INSERT INTO `lesson` (`id`, `created_by_user`, `deleted`, `modified_by_user`, `school_id`, `code`, `course_unit`, `degree`, `field`, `gender`, `level`, `name`, `state`, `time_in_week`) VALUES (157, NULL, 0, NULL, 1, '110217', 2, 3, 2, 3, 10, 'آزمایشگاه علوم تجربی 1', 1, 2);
INSERT INTO `lesson` (`id`, `created_by_user`, `deleted`, `modified_by_user`, `school_id`, `code`, `course_unit`, `degree`, `field`, `gender`, `level`, `name`, `state`, `time_in_week`) VALUES (158, NULL, 0, NULL, 1, '110218', 2, 3, 2, 3, 10, 'جغرافیای ایران', 1, 2);
INSERT INTO `lesson` (`id`, `created_by_user`, `deleted`, `modified_by_user`, `school_id`, `code`, `course_unit`, `degree`, `field`, `gender`, `level`, `name`, `state`, `time_in_week`) VALUES (159, NULL, 0, NULL, 1, '110222', 2, 3, 2, 3, 10, 'هنر', 1, 2);
INSERT INTO `lesson` (`id`, `created_by_user`, `deleted`, `modified_by_user`, `school_id`, `code`, `course_unit`, `degree`, `field`, `gender`, `level`, `name`, `state`, `time_in_week`) VALUES (160, NULL, 0, NULL, 1, '110224', 2, 3, 2, 3, 10, 'کارگاه کارآفرینی و تولید', 1, 2);
INSERT INTO `lesson` (`id`, `created_by_user`, `deleted`, `modified_by_user`, `school_id`, `code`, `course_unit`, `degree`, `field`, `gender`, `level`, `name`, `state`, `time_in_week`) VALUES (161, NULL, 0, NULL, 1, '110225', 2, 3, 2, 3, 10, 'تفکر و سواد رسانه ای', 1, 2);
INSERT INTO `lesson` (`id`, `created_by_user`, `deleted`, `modified_by_user`, `school_id`, `code`, `course_unit`, `degree`, `field`, `gender`, `level`, `name`, `state`, `time_in_week`) VALUES (162, NULL, 0, NULL, 1, '110230', 3, 3, 2, 3, 10, 'انگلیسی 1', 1, 3);
INSERT INTO `lesson` (`id`, `created_by_user`, `deleted`, `modified_by_user`, `school_id`, `code`, `course_unit`, `degree`, `field`, `gender`, `level`, `name`, `state`, `time_in_week`) VALUES (163, NULL, 0, NULL, 1, '110231', 2, 3, 2, 3, 10, 'تربیت بدنی 1', 1, 2);
INSERT INTO `lesson` (`id`, `created_by_user`, `deleted`, `modified_by_user`, `school_id`, `code`, `course_unit`, `degree`, `field`, `gender`, `level`, `name`, `state`, `time_in_week`) VALUES (164, NULL, 0, NULL, 1, '111211', 4, 3, 2, 3, 11, 'ریاضی 2', 1, 4);
INSERT INTO `lesson` (`id`, `created_by_user`, `deleted`, `modified_by_user`, `school_id`, `code`, `course_unit`, `degree`, `field`, `gender`, `level`, `name`, `state`, `time_in_week`) VALUES (165, NULL, 0, NULL, 1, '111201', 2, 3, 2, 3, 11, 'فارسی 2', 1, 2);
INSERT INTO `lesson` (`id`, `created_by_user`, `deleted`, `modified_by_user`, `school_id`, `code`, `course_unit`, `degree`, `field`, `gender`, `level`, `name`, `state`, `time_in_week`) VALUES (166, NULL, 0, NULL, 1, '111202', 1, 3, 2, 3, 11, 'نگارش 2', 1, 1);
INSERT INTO `lesson` (`id`, `created_by_user`, `deleted`, `modified_by_user`, `school_id`, `code`, `course_unit`, `degree`, `field`, `gender`, `level`, `name`, `state`, `time_in_week`) VALUES (167, NULL, 0, NULL, 1, '111204', 2, 3, 2, 3, 11, 'دین و زندگی 2', 1, 2);
INSERT INTO `lesson` (`id`, `created_by_user`, `deleted`, `modified_by_user`, `school_id`, `code`, `course_unit`, `degree`, `field`, `gender`, `level`, `name`, `state`, `time_in_week`) VALUES (168, NULL, 0, NULL, 1, '111206', 2, 3, 2, 3, 11, 'عربی 2', 1, 2);
INSERT INTO `lesson` (`id`, `created_by_user`, `deleted`, `modified_by_user`, `school_id`, `code`, `course_unit`, `degree`, `field`, `gender`, `level`, `name`, `state`, `time_in_week`) VALUES (169, NULL, 0, NULL, 1, '111209', 3, 3, 2, 3, 11, 'فیزیک 2', 1, 3);
INSERT INTO `lesson` (`id`, `created_by_user`, `deleted`, `modified_by_user`, `school_id`, `code`, `course_unit`, `degree`, `field`, `gender`, `level`, `name`, `state`, `time_in_week`) VALUES (170, NULL, 0, NULL, 1, '111210', 3, 3, 2, 3, 11, 'شیمی 2', 1, 3);
INSERT INTO `lesson` (`id`, `created_by_user`, `deleted`, `modified_by_user`, `school_id`, `code`, `course_unit`, `degree`, `field`, `gender`, `level`, `name`, `state`, `time_in_week`) VALUES (171, NULL, 0, NULL, 1, '111211', 4, 3, 2, 3, 11, 'زیست‌ شناسی 2', 1, 4);
INSERT INTO `lesson` (`id`, `created_by_user`, `deleted`, `modified_by_user`, `school_id`, `code`, `course_unit`, `degree`, `field`, `gender`, `level`, `name`, `state`, `time_in_week`) VALUES (172, NULL, 0, NULL, 1, '111237', 2, 3, 2, 3, 11, 'زمین شناسی', 1, 2);
INSERT INTO `lesson` (`id`, `created_by_user`, `deleted`, `modified_by_user`, `school_id`, `code`, `course_unit`, `degree`, `field`, `gender`, `level`, `name`, `state`, `time_in_week`) VALUES (173, NULL, 0, NULL, 1, '111217', 1, 3, 2, 3, 11, 'آزمایشگاه علوم تجربی 2', 1, 1);
INSERT INTO `lesson` (`id`, `created_by_user`, `deleted`, `modified_by_user`, `school_id`, `code`, `course_unit`, `degree`, `field`, `gender`, `level`, `name`, `state`, `time_in_week`) VALUES (174, NULL, 0, NULL, 1, '111220', 2, 3, 2, 3, 11, 'تاریخ معاصر ایران', 1, 2);
INSERT INTO `lesson` (`id`, `created_by_user`, `deleted`, `modified_by_user`, `school_id`, `code`, `course_unit`, `degree`, `field`, `gender`, `level`, `name`, `state`, `time_in_week`) VALUES (175, NULL, 0, NULL, 1, '111268', 2, 3, 2, 3, 11, 'انسان و محیط زیست', 1, 2);
INSERT INTO `lesson` (`id`, `created_by_user`, `deleted`, `modified_by_user`, `school_id`, `code`, `course_unit`, `degree`, `field`, `gender`, `level`, `name`, `state`, `time_in_week`) VALUES (176, NULL, 0, NULL, 1, '111222', 2, 3, 2, 3, 11, 'هنر', 1, 2);
INSERT INTO `lesson` (`id`, `created_by_user`, `deleted`, `modified_by_user`, `school_id`, `code`, `course_unit`, `degree`, `field`, `gender`, `level`, `name`, `state`, `time_in_week`) VALUES (177, NULL, 0, NULL, 1, '111224', 2, 3, 2, 3, 11, 'کارگاه کارآفرینی و تولید', 1, 2);
INSERT INTO `lesson` (`id`, `created_by_user`, `deleted`, `modified_by_user`, `school_id`, `code`, `course_unit`, `degree`, `field`, `gender`, `level`, `name`, `state`, `time_in_week`) VALUES (178, NULL, 0, NULL, 1, '111225', 2, 3, 2, 3, 11, 'تفکر و سواد رسانه ای', 1, 2);
INSERT INTO `lesson` (`id`, `created_by_user`, `deleted`, `modified_by_user`, `school_id`, `code`, `course_unit`, `degree`, `field`, `gender`, `level`, `name`, `state`, `time_in_week`) VALUES (179, NULL, 0, NULL, 1, '111230', 3, 3, 2, 3, 11, 'انگلیسی 2', 1, 3);
INSERT INTO `lesson` (`id`, `created_by_user`, `deleted`, `modified_by_user`, `school_id`, `code`, `course_unit`, `degree`, `field`, `gender`, `level`, `name`, `state`, `time_in_week`) VALUES (180, NULL, 0, NULL, 1, '111231', 2, 3, 2, 3, 11, 'تربیت بدنی 2', 1, 2);
INSERT INTO `lesson` (`id`, `created_by_user`, `deleted`, `modified_by_user`, `school_id`, `code`, `course_unit`, `degree`, `field`, `gender`, `level`, `name`, `state`, `time_in_week`) VALUES (181, NULL, 0, NULL, 1, '112211', 4, 3, 2, 3, 12, 'ریاضی 3', 1, 4);
INSERT INTO `lesson` (`id`, `created_by_user`, `deleted`, `modified_by_user`, `school_id`, `code`, `course_unit`, `degree`, `field`, `gender`, `level`, `name`, `state`, `time_in_week`) VALUES (182, NULL, 0, NULL, 1, '112201', 2, 3, 2, 3, 12, 'فارسی 3', 1, 2);
INSERT INTO `lesson` (`id`, `created_by_user`, `deleted`, `modified_by_user`, `school_id`, `code`, `course_unit`, `degree`, `field`, `gender`, `level`, `name`, `state`, `time_in_week`) VALUES (183, NULL, 0, NULL, 1, '112202', 2, 3, 2, 3, 12, 'نگارش 3', 1, 2);
INSERT INTO `lesson` (`id`, `created_by_user`, `deleted`, `modified_by_user`, `school_id`, `code`, `course_unit`, `degree`, `field`, `gender`, `level`, `name`, `state`, `time_in_week`) VALUES (184, NULL, 0, NULL, 1, '112204', 2, 3, 2, 3, 12, 'دین و زندگی 3', 1, 2);
INSERT INTO `lesson` (`id`, `created_by_user`, `deleted`, `modified_by_user`, `school_id`, `code`, `course_unit`, `degree`, `field`, `gender`, `level`, `name`, `state`, `time_in_week`) VALUES (185, NULL, 0, NULL, 1, '112206', 2, 3, 2, 3, 12, 'عربی 3', 1, 2);
INSERT INTO `lesson` (`id`, `created_by_user`, `deleted`, `modified_by_user`, `school_id`, `code`, `course_unit`, `degree`, `field`, `gender`, `level`, `name`, `state`, `time_in_week`) VALUES (186, NULL, 0, NULL, 1, '112209', 3, 3, 2, 3, 12, 'فیزیک 3', 1, 3);
INSERT INTO `lesson` (`id`, `created_by_user`, `deleted`, `modified_by_user`, `school_id`, `code`, `course_unit`, `degree`, `field`, `gender`, `level`, `name`, `state`, `time_in_week`) VALUES (187, NULL, 0, NULL, 1, '112210', 4, 3, 2, 3, 12, 'شیمی 3', 1, 4);
INSERT INTO `lesson` (`id`, `created_by_user`, `deleted`, `modified_by_user`, `school_id`, `code`, `course_unit`, `degree`, `field`, `gender`, `level`, `name`, `state`, `time_in_week`) VALUES (188, NULL, 0, NULL, 1, '112216', 4, 3, 2, 3, 12, 'زیست‌ شناسی 3', 1, 4);
INSERT INTO `lesson` (`id`, `created_by_user`, `deleted`, `modified_by_user`, `school_id`, `code`, `course_unit`, `degree`, `field`, `gender`, `level`, `name`, `state`, `time_in_week`) VALUES (189, NULL, 0, NULL, 1, '112220', 2, 3, 2, 3, 12, 'علوم اجتماعی', 1, 2);
INSERT INTO `lesson` (`id`, `created_by_user`, `deleted`, `modified_by_user`, `school_id`, `code`, `course_unit`, `degree`, `field`, `gender`, `level`, `name`, `state`, `time_in_week`) VALUES (190, NULL, 0, NULL, 1, '112268', 2, 3, 2, 3, 12, 'سلامت و بهداشت', 1, 2);
INSERT INTO `lesson` (`id`, `created_by_user`, `deleted`, `modified_by_user`, `school_id`, `code`, `course_unit`, `degree`, `field`, `gender`, `level`, `name`, `state`, `time_in_week`) VALUES (191, NULL, 0, NULL, 1, '112240', 2, 3, 2, 1, 12, 'مدیریت خانواده و سبک زندگی', 1, 2);
INSERT INTO `lesson` (`id`, `created_by_user`, `deleted`, `modified_by_user`, `school_id`, `code`, `course_unit`, `degree`, `field`, `gender`, `level`, `name`, `state`, `time_in_week`) VALUES (192, NULL, 0, NULL, 1, '112241', 2, 3, 2, 2, 12, 'مدیریت خانواده و سبک زندگی', 1, 2);
INSERT INTO `lesson` (`id`, `created_by_user`, `deleted`, `modified_by_user`, `school_id`, `code`, `course_unit`, `degree`, `field`, `gender`, `level`, `name`, `state`, `time_in_week`) VALUES (193, NULL, 0, NULL, 1, '112230', 4, 3, 2, 3, 12, 'انگلیسی 3', 1, 4);
INSERT INTO `lesson` (`id`, `created_by_user`, `deleted`, `modified_by_user`, `school_id`, `code`, `course_unit`, `degree`, `field`, `gender`, `level`, `name`, `state`, `time_in_week`) VALUES (194, NULL, 0, NULL, 1, '112231', 2, 3, 2, 3, 12, 'تربیت بدنی 3', 1, 2);
INSERT INTO `lesson` (`id`, `created_by_user`, `deleted`, `modified_by_user`, `school_id`, `code`, `course_unit`, `degree`, `field`, `gender`, `level`, `name`, `state`, `time_in_week`) VALUES (195, NULL, 0, NULL, 1, '110201', 2, 3, 3, 3, 10, 'فارسی 1', 1, 2);
INSERT INTO `lesson` (`id`, `created_by_user`, `deleted`, `modified_by_user`, `school_id`, `code`, `course_unit`, `degree`, `field`, `gender`, `level`, `name`, `state`, `time_in_week`) VALUES (196, NULL, 0, NULL, 1, '110103', 2, 3, 3, 3, 10, 'علوم و فنون ادبی 1', 1, 2);
INSERT INTO `lesson` (`id`, `created_by_user`, `deleted`, `modified_by_user`, `school_id`, `code`, `course_unit`, `degree`, `field`, `gender`, `level`, `name`, `state`, `time_in_week`) VALUES (197, NULL, 0, NULL, 1, '110219', 3, 3, 3, 3, 10, 'تاریخ 1', 1, 3);
INSERT INTO `lesson` (`id`, `created_by_user`, `deleted`, `modified_by_user`, `school_id`, `code`, `course_unit`, `degree`, `field`, `gender`, `level`, `name`, `state`, `time_in_week`) VALUES (198, NULL, 0, NULL, 1, '110220', 2, 3, 3, 3, 10, 'جامعه شناسی 1', 1, 2);
INSERT INTO `lesson` (`id`, `created_by_user`, `deleted`, `modified_by_user`, `school_id`, `code`, `course_unit`, `degree`, `field`, `gender`, `level`, `name`, `state`, `time_in_week`) VALUES (199, NULL, 0, NULL, 1, '110202', 2, 3, 3, 3, 10, 'نگارش 1', 1, 2);
INSERT INTO `lesson` (`id`, `created_by_user`, `deleted`, `modified_by_user`, `school_id`, `code`, `course_unit`, `degree`, `field`, `gender`, `level`, `name`, `state`, `time_in_week`) VALUES (200, NULL, 0, NULL, 1, '110204', 3, 3, 3, 3, 10, 'دین و زندگی 1', 1, 3);
INSERT INTO `lesson` (`id`, `created_by_user`, `deleted`, `modified_by_user`, `school_id`, `code`, `course_unit`, `degree`, `field`, `gender`, `level`, `name`, `state`, `time_in_week`) VALUES (201, NULL, 0, NULL, 1, '110206', 2, 3, 3, 3, 10, 'عربی 1', 1, 2);
INSERT INTO `lesson` (`id`, `created_by_user`, `deleted`, `modified_by_user`, `school_id`, `code`, `course_unit`, `degree`, `field`, `gender`, `level`, `name`, `state`, `time_in_week`) VALUES (202, NULL, 0, NULL, 1, '110211', 3, 3, 3, 3, 10, 'ریاضی و آمار 1', 1, 3);
INSERT INTO `lesson` (`id`, `created_by_user`, `deleted`, `modified_by_user`, `school_id`, `code`, `course_unit`, `degree`, `field`, `gender`, `level`, `name`, `state`, `time_in_week`) VALUES (203, NULL, 0, NULL, 1, '110215', 3, 3, 3, 3, 10, 'امادگی دفاعی 1', 1, 3);
INSERT INTO `lesson` (`id`, `created_by_user`, `deleted`, `modified_by_user`, `school_id`, `code`, `course_unit`, `degree`, `field`, `gender`, `level`, `name`, `state`, `time_in_week`) VALUES (204, NULL, 0, NULL, 1, '110218', 2, 3, 3, 3, 10, 'جغرافیای ایران', 1, 2);
INSERT INTO `lesson` (`id`, `created_by_user`, `deleted`, `modified_by_user`, `school_id`, `code`, `course_unit`, `degree`, `field`, `gender`, `level`, `name`, `state`, `time_in_week`) VALUES (205, NULL, 0, NULL, 1, '110221', 2, 3, 3, 3, 10, 'اقتصاد', 1, 2);
INSERT INTO `lesson` (`id`, `created_by_user`, `deleted`, `modified_by_user`, `school_id`, `code`, `course_unit`, `degree`, `field`, `gender`, `level`, `name`, `state`, `time_in_week`) VALUES (206, NULL, 0, NULL, 1, '110223', 2, 3, 3, 3, 10, 'منطق', 1, 2);
INSERT INTO `lesson` (`id`, `created_by_user`, `deleted`, `modified_by_user`, `school_id`, `code`, `course_unit`, `degree`, `field`, `gender`, `level`, `name`, `state`, `time_in_week`) VALUES (207, NULL, 0, NULL, 1, '110222', 2, 3, 3, 3, 10, 'هنر', 1, 2);
INSERT INTO `lesson` (`id`, `created_by_user`, `deleted`, `modified_by_user`, `school_id`, `code`, `course_unit`, `degree`, `field`, `gender`, `level`, `name`, `state`, `time_in_week`) VALUES (208, NULL, 0, NULL, 1, '110224', 2, 3, 3, 3, 10, 'کارگاه کارآفرینی و تولید', 1, 2);
INSERT INTO `lesson` (`id`, `created_by_user`, `deleted`, `modified_by_user`, `school_id`, `code`, `course_unit`, `degree`, `field`, `gender`, `level`, `name`, `state`, `time_in_week`) VALUES (209, NULL, 0, NULL, 1, '110225', 2, 3, 3, 3, 10, 'تفکر و سواد رسانه ای', 1, 2);
INSERT INTO `lesson` (`id`, `created_by_user`, `deleted`, `modified_by_user`, `school_id`, `code`, `course_unit`, `degree`, `field`, `gender`, `level`, `name`, `state`, `time_in_week`) VALUES (210, NULL, 0, NULL, 1, '110230', 3, 3, 3, 3, 10, 'انگلیسی 1', 1, 3);
INSERT INTO `lesson` (`id`, `created_by_user`, `deleted`, `modified_by_user`, `school_id`, `code`, `course_unit`, `degree`, `field`, `gender`, `level`, `name`, `state`, `time_in_week`) VALUES (211, NULL, 0, NULL, 1, '110231', 2, 3, 3, 3, 10, 'تربیت بدنی 1', 1, 2);
INSERT INTO `lesson` (`id`, `created_by_user`, `deleted`, `modified_by_user`, `school_id`, `code`, `course_unit`, `degree`, `field`, `gender`, `level`, `name`, `state`, `time_in_week`) VALUES (212, NULL, 0, NULL, 1, '111201', 2, 3, 3, 3, 11, 'فارسی 2', 1, 2);
INSERT INTO `lesson` (`id`, `created_by_user`, `deleted`, `modified_by_user`, `school_id`, `code`, `course_unit`, `degree`, `field`, `gender`, `level`, `name`, `state`, `time_in_week`) VALUES (213, NULL, 0, NULL, 1, '111203', 2, 3, 3, 3, 11, 'علوم و فنون ادبی 2', 1, 2);
INSERT INTO `lesson` (`id`, `created_by_user`, `deleted`, `modified_by_user`, `school_id`, `code`, `course_unit`, `degree`, `field`, `gender`, `level`, `name`, `state`, `time_in_week`) VALUES (214, NULL, 0, NULL, 1, '111219', 3, 3, 3, 3, 11, 'تاریخ 2', 1, 3);
INSERT INTO `lesson` (`id`, `created_by_user`, `deleted`, `modified_by_user`, `school_id`, `code`, `course_unit`, `degree`, `field`, `gender`, `level`, `name`, `state`, `time_in_week`) VALUES (215, NULL, 0, NULL, 1, '111222', 3, 3, 3, 3, 11, 'جامعه شناسی 2', 1, 3);
INSERT INTO `lesson` (`id`, `created_by_user`, `deleted`, `modified_by_user`, `school_id`, `code`, `course_unit`, `degree`, `field`, `gender`, `level`, `name`, `state`, `time_in_week`) VALUES (216, NULL, 0, NULL, 1, '111202', 2, 3, 3, 3, 11, 'نگارش 2', 1, 2);
INSERT INTO `lesson` (`id`, `created_by_user`, `deleted`, `modified_by_user`, `school_id`, `code`, `course_unit`, `degree`, `field`, `gender`, `level`, `name`, `state`, `time_in_week`) VALUES (217, NULL, 0, NULL, 1, '111204', 3, 3, 3, 3, 11, 'دین و زندگی 2', 1, 3);
INSERT INTO `lesson` (`id`, `created_by_user`, `deleted`, `modified_by_user`, `school_id`, `code`, `course_unit`, `degree`, `field`, `gender`, `level`, `name`, `state`, `time_in_week`) VALUES (218, NULL, 0, NULL, 1, '111206', 2, 3, 3, 3, 11, 'عربی 2', 1, 2);
INSERT INTO `lesson` (`id`, `created_by_user`, `deleted`, `modified_by_user`, `school_id`, `code`, `course_unit`, `degree`, `field`, `gender`, `level`, `name`, `state`, `time_in_week`) VALUES (219, NULL, 0, NULL, 1, '111212', 2, 3, 3, 3, 11, 'ریاضی و آمار 2', 1, 2);
INSERT INTO `lesson` (`id`, `created_by_user`, `deleted`, `modified_by_user`, `school_id`, `code`, `course_unit`, `degree`, `field`, `gender`, `level`, `name`, `state`, `time_in_week`) VALUES (220, NULL, 0, NULL, 1, '111268', 2, 3, 3, 3, 11, 'انسان و محیظ زیست', 1, 2);
INSERT INTO `lesson` (`id`, `created_by_user`, `deleted`, `modified_by_user`, `school_id`, `code`, `course_unit`, `degree`, `field`, `gender`, `level`, `name`, `state`, `time_in_week`) VALUES (221, NULL, 0, NULL, 1, '111218', 3, 3, 3, 3, 11, 'جغرافیا 2', 1, 3);
INSERT INTO `lesson` (`id`, `created_by_user`, `deleted`, `modified_by_user`, `school_id`, `code`, `course_unit`, `degree`, `field`, `gender`, `level`, `name`, `state`, `time_in_week`) VALUES (222, NULL, 0, NULL, 1, '111224', 2, 3, 3, 3, 11, 'روانشناسی', 1, 2);
INSERT INTO `lesson` (`id`, `created_by_user`, `deleted`, `modified_by_user`, `school_id`, `code`, `course_unit`, `degree`, `field`, `gender`, `level`, `name`, `state`, `time_in_week`) VALUES (223, NULL, 0, NULL, 1, '111226', 2, 3, 3, 3, 11, 'فلسفه 1', 1, 2);
INSERT INTO `lesson` (`id`, `created_by_user`, `deleted`, `modified_by_user`, `school_id`, `code`, `course_unit`, `degree`, `field`, `gender`, `level`, `name`, `state`, `time_in_week`) VALUES (224, NULL, 0, NULL, 1, '110222', 2, 3, 3, 3, 11, 'هنر', 1, 2);
INSERT INTO `lesson` (`id`, `created_by_user`, `deleted`, `modified_by_user`, `school_id`, `code`, `course_unit`, `degree`, `field`, `gender`, `level`, `name`, `state`, `time_in_week`) VALUES (225, NULL, 0, NULL, 1, '110224', 2, 3, 3, 3, 11, 'کارگاه کارآفرینی و تولید', 1, 2);
INSERT INTO `lesson` (`id`, `created_by_user`, `deleted`, `modified_by_user`, `school_id`, `code`, `course_unit`, `degree`, `field`, `gender`, `level`, `name`, `state`, `time_in_week`) VALUES (226, NULL, 0, NULL, 1, '110225', 2, 3, 3, 3, 11, 'تفکر و سواد رسانه ای', 1, 2);
INSERT INTO `lesson` (`id`, `created_by_user`, `deleted`, `modified_by_user`, `school_id`, `code`, `course_unit`, `degree`, `field`, `gender`, `level`, `name`, `state`, `time_in_week`) VALUES (227, NULL, 0, NULL, 1, '111230', 3, 3, 3, 3, 11, 'انگلیسی 2', 1, 3);
INSERT INTO `lesson` (`id`, `created_by_user`, `deleted`, `modified_by_user`, `school_id`, `code`, `course_unit`, `degree`, `field`, `gender`, `level`, `name`, `state`, `time_in_week`) VALUES (228, NULL, 0, NULL, 1, '110231', 2, 3, 3, 3, 11, 'تربیت بدنی 2', 1, 2);
INSERT INTO `lesson` (`id`, `created_by_user`, `deleted`, `modified_by_user`, `school_id`, `code`, `course_unit`, `degree`, `field`, `gender`, `level`, `name`, `state`, `time_in_week`) VALUES (229, NULL, 0, NULL, 1, '112201', 2, 3, 3, 3, 12, 'فارسی 3', 1, 2);
INSERT INTO `lesson` (`id`, `created_by_user`, `deleted`, `modified_by_user`, `school_id`, `code`, `course_unit`, `degree`, `field`, `gender`, `level`, `name`, `state`, `time_in_week`) VALUES (230, NULL, 0, NULL, 1, '112203', 2, 3, 3, 3, 12, 'علوم و فنون ادبی 3', 1, 2);
INSERT INTO `lesson` (`id`, `created_by_user`, `deleted`, `modified_by_user`, `school_id`, `code`, `course_unit`, `degree`, `field`, `gender`, `level`, `name`, `state`, `time_in_week`) VALUES (231, NULL, 0, NULL, 1, '112219', 2, 3, 3, 3, 12, 'تاریخ 3', 1, 2);
INSERT INTO `lesson` (`id`, `created_by_user`, `deleted`, `modified_by_user`, `school_id`, `code`, `course_unit`, `degree`, `field`, `gender`, `level`, `name`, `state`, `time_in_week`) VALUES (232, NULL, 0, NULL, 1, '112222', 3, 3, 3, 3, 12, 'جامعه شناسی 3', 1, 3);
INSERT INTO `lesson` (`id`, `created_by_user`, `deleted`, `modified_by_user`, `school_id`, `code`, `course_unit`, `degree`, `field`, `gender`, `level`, `name`, `state`, `time_in_week`) VALUES (233, NULL, 0, NULL, 1, '112202', 2, 3, 3, 3, 12, 'نگارش 3', 1, 2);
INSERT INTO `lesson` (`id`, `created_by_user`, `deleted`, `modified_by_user`, `school_id`, `code`, `course_unit`, `degree`, `field`, `gender`, `level`, `name`, `state`, `time_in_week`) VALUES (234, NULL, 0, NULL, 1, '112204', 3, 3, 3, 3, 12, 'دین و زندگی 3', 1, 3);
INSERT INTO `lesson` (`id`, `created_by_user`, `deleted`, `modified_by_user`, `school_id`, `code`, `course_unit`, `degree`, `field`, `gender`, `level`, `name`, `state`, `time_in_week`) VALUES (235, NULL, 0, NULL, 1, '112207', 2, 3, 3, 3, 12, 'عربی 3', 1, 2);
INSERT INTO `lesson` (`id`, `created_by_user`, `deleted`, `modified_by_user`, `school_id`, `code`, `course_unit`, `degree`, `field`, `gender`, `level`, `name`, `state`, `time_in_week`) VALUES (236, NULL, 0, NULL, 1, '112212', 2, 3, 3, 3, 12, 'ریاضی و آمار 3', 1, 2);
INSERT INTO `lesson` (`id`, `created_by_user`, `deleted`, `modified_by_user`, `school_id`, `code`, `course_unit`, `degree`, `field`, `gender`, `level`, `name`, `state`, `time_in_week`) VALUES (237, NULL, 0, NULL, 1, '112268', 2, 3, 3, 3, 12, 'سلامت و بهداشت', 1, 2);
INSERT INTO `lesson` (`id`, `created_by_user`, `deleted`, `modified_by_user`, `school_id`, `code`, `course_unit`, `degree`, `field`, `gender`, `level`, `name`, `state`, `time_in_week`) VALUES (238, NULL, 0, NULL, 1, '112218', 2, 3, 3, 3, 12, 'جغرافیا 3', 1, 2);
INSERT INTO `lesson` (`id`, `created_by_user`, `deleted`, `modified_by_user`, `school_id`, `code`, `course_unit`, `degree`, `field`, `gender`, `level`, `name`, `state`, `time_in_week`) VALUES (239, NULL, 0, NULL, 1, '112223', 2, 3, 3, 3, 12, 'مطالعات فرهنگی', 1, 2);
INSERT INTO `lesson` (`id`, `created_by_user`, `deleted`, `modified_by_user`, `school_id`, `code`, `course_unit`, `degree`, `field`, `gender`, `level`, `name`, `state`, `time_in_week`) VALUES (240, NULL, 0, NULL, 1, '112226', 2, 3, 3, 3, 12, 'فلسفه 2', 1, 2);
INSERT INTO `lesson` (`id`, `created_by_user`, `deleted`, `modified_by_user`, `school_id`, `code`, `course_unit`, `degree`, `field`, `gender`, `level`, `name`, `state`, `time_in_week`) VALUES (241, NULL, 0, NULL, 1, '1112241', 2, 3, 3, 1, 12, 'مدیریت خانواده و سبک زندگی', 1, 2);
INSERT INTO `lesson` (`id`, `created_by_user`, `deleted`, `modified_by_user`, `school_id`, `code`, `course_unit`, `degree`, `field`, `gender`, `level`, `name`, `state`, `time_in_week`) VALUES (242, NULL, 0, NULL, 1, '1112240', 2, 3, 3, 2, 12, 'مدیریت خانواده و سبک زندگی', 1, 2);
INSERT INTO `lesson` (`id`, `created_by_user`, `deleted`, `modified_by_user`, `school_id`, `code`, `course_unit`, `degree`, `field`, `gender`, `level`, `name`, `state`, `time_in_week`) VALUES (243, NULL, 0, NULL, 1, '112230', 4, 3, 3, 3, 12, 'انگلیسی 3', 1, 4);
INSERT INTO `lesson` (`id`, `created_by_user`, `deleted`, `modified_by_user`, `school_id`, `code`, `course_unit`, `degree`, `field`, `gender`, `level`, `name`, `state`, `time_in_week`) VALUES (244, NULL, 0, NULL, 1, '110231', 2, 3, 3, 3, 12, 'تربیت بدنی 3', 1, 2);
INSERT INTO `lesson` (`id`, `created_by_user`, `deleted`, `modified_by_user`, `school_id`, `code`, `course_unit`, `degree`, `field`, `gender`, `level`, `name`, `state`, `time_in_week`) VALUES (245, NULL, 0, NULL, 1, '110226', 1, 3, 4, 1, 10, 'احکام 1', 1, 1);
INSERT INTO `lesson` (`id`, `created_by_user`, `deleted`, `modified_by_user`, `school_id`, `code`, `course_unit`, `degree`, `field`, `gender`, `level`, `name`, `state`, `time_in_week`) VALUES (246, NULL, 0, NULL, 1, '110227', 3, 3, 4, 3, 10, 'اصول عقاید 1', 1, 3);
INSERT INTO `lesson` (`id`, `created_by_user`, `deleted`, `modified_by_user`, `school_id`, `code`, `course_unit`, `degree`, `field`, `gender`, `level`, `name`, `state`, `time_in_week`) VALUES (247, NULL, 0, NULL, 1, '110225', 1, 3, 4, 3, 10, 'اخلاق 1', 1, 1);
INSERT INTO `lesson` (`id`, `created_by_user`, `deleted`, `modified_by_user`, `school_id`, `code`, `course_unit`, `degree`, `field`, `gender`, `level`, `name`, `state`, `time_in_week`) VALUES (248, NULL, 0, NULL, 1, '110224', 2, 3, 4, 3, 10, 'علوم و معارف قرآنی 1', 1, 2);
INSERT INTO `lesson` (`id`, `created_by_user`, `deleted`, `modified_by_user`, `school_id`, `code`, `course_unit`, `degree`, `field`, `gender`, `level`, `name`, `state`, `time_in_week`) VALUES (249, NULL, 0, NULL, 1, '110202', 2, 3, 4, 3, 10, 'نگارش 1', 1, 2);
INSERT INTO `lesson` (`id`, `created_by_user`, `deleted`, `modified_by_user`, `school_id`, `code`, `course_unit`, `degree`, `field`, `gender`, `level`, `name`, `state`, `time_in_week`) VALUES (250, NULL, 0, NULL, 1, '110204', 2, 3, 4, 3, 10, 'فارسی 1', 1, 2);
INSERT INTO `lesson` (`id`, `created_by_user`, `deleted`, `modified_by_user`, `school_id`, `code`, `course_unit`, `degree`, `field`, `gender`, `level`, `name`, `state`, `time_in_week`) VALUES (251, NULL, 0, NULL, 1, '110208', 3, 3, 4, 3, 10, 'عربی 1', 1, 3);
INSERT INTO `lesson` (`id`, `created_by_user`, `deleted`, `modified_by_user`, `school_id`, `code`, `course_unit`, `degree`, `field`, `gender`, `level`, `name`, `state`, `time_in_week`) VALUES (252, NULL, 0, NULL, 1, '110211', 3, 3, 4, 3, 10, 'ریاضی و آمار 1', 1, 3);
INSERT INTO `lesson` (`id`, `created_by_user`, `deleted`, `modified_by_user`, `school_id`, `code`, `course_unit`, `degree`, `field`, `gender`, `level`, `name`, `state`, `time_in_week`) VALUES (253, NULL, 0, NULL, 1, '110215', 3, 3, 4, 3, 10, 'امادگی دفاعی 1', 1, 3);
INSERT INTO `lesson` (`id`, `created_by_user`, `deleted`, `modified_by_user`, `school_id`, `code`, `course_unit`, `degree`, `field`, `gender`, `level`, `name`, `state`, `time_in_week`) VALUES (254, NULL, 0, NULL, 1, '110218', 2, 3, 4, 3, 10, 'جغرافیای ایران', 1, 2);
INSERT INTO `lesson` (`id`, `created_by_user`, `deleted`, `modified_by_user`, `school_id`, `code`, `course_unit`, `degree`, `field`, `gender`, `level`, `name`, `state`, `time_in_week`) VALUES (255, NULL, 0, NULL, 1, '110233', 2, 3, 4, 3, 10, 'تاریخ 1', 1, 2);
INSERT INTO `lesson` (`id`, `created_by_user`, `deleted`, `modified_by_user`, `school_id`, `code`, `course_unit`, `degree`, `field`, `gender`, `level`, `name`, `state`, `time_in_week`) VALUES (256, NULL, 0, NULL, 1, '110223', 2, 3, 4, 3, 10, 'منطق', 1, 2);
INSERT INTO `lesson` (`id`, `created_by_user`, `deleted`, `modified_by_user`, `school_id`, `code`, `course_unit`, `degree`, `field`, `gender`, `level`, `name`, `state`, `time_in_week`) VALUES (257, NULL, 0, NULL, 1, '110222', 2, 3, 4, 3, 10, 'هنر', 1, 2);
INSERT INTO `lesson` (`id`, `created_by_user`, `deleted`, `modified_by_user`, `school_id`, `code`, `course_unit`, `degree`, `field`, `gender`, `level`, `name`, `state`, `time_in_week`) VALUES (258, NULL, 0, NULL, 1, '110224', 2, 3, 4, 3, 10, 'کارگاه کارآفرینی و تولید', 1, 2);
INSERT INTO `lesson` (`id`, `created_by_user`, `deleted`, `modified_by_user`, `school_id`, `code`, `course_unit`, `degree`, `field`, `gender`, `level`, `name`, `state`, `time_in_week`) VALUES (259, NULL, 0, NULL, 1, '110225', 2, 3, 4, 3, 10, 'تفکر و سواد رسانه ای', 1, 2);
INSERT INTO `lesson` (`id`, `created_by_user`, `deleted`, `modified_by_user`, `school_id`, `code`, `course_unit`, `degree`, `field`, `gender`, `level`, `name`, `state`, `time_in_week`) VALUES (260, NULL, 0, NULL, 1, '110220', 2, 3, 4, 3, 10, 'جامعه شناسی', 1, 2);
INSERT INTO `lesson` (`id`, `created_by_user`, `deleted`, `modified_by_user`, `school_id`, `code`, `course_unit`, `degree`, `field`, `gender`, `level`, `name`, `state`, `time_in_week`) VALUES (261, NULL, 0, NULL, 1, '110230', 3, 3, 4, 3, 10, 'انگلیسی 1', 1, 3);
INSERT INTO `lesson` (`id`, `created_by_user`, `deleted`, `modified_by_user`, `school_id`, `code`, `course_unit`, `degree`, `field`, `gender`, `level`, `name`, `state`, `time_in_week`) VALUES (262, NULL, 0, NULL, 1, '110231', 2, 3, 4, 3, 10, 'تربیت بدنی 1', 1, 2);
INSERT INTO `lesson` (`id`, `created_by_user`, `deleted`, `modified_by_user`, `school_id`, `code`, `course_unit`, `degree`, `field`, `gender`, `level`, `name`, `state`, `time_in_week`) VALUES (263, NULL, 0, NULL, 1, '110203', 2, 3, 4, 3, 10, 'علوم و فنون ادبی 1', 1, 2);
INSERT INTO `lesson` (`id`, `created_by_user`, `deleted`, `modified_by_user`, `school_id`, `code`, `course_unit`, `degree`, `field`, `gender`, `level`, `name`, `state`, `time_in_week`) VALUES (264, NULL, 0, NULL, 1, '111227', 1, 3, 4, 1, 11, 'احکام 2', 1, 1);
INSERT INTO `lesson` (`id`, `created_by_user`, `deleted`, `modified_by_user`, `school_id`, `code`, `course_unit`, `degree`, `field`, `gender`, `level`, `name`, `state`, `time_in_week`) VALUES (265, NULL, 0, NULL, 1, '111232', 3, 3, 4, 3, 11, 'اصول عقاید 2', 1, 3);
INSERT INTO `lesson` (`id`, `created_by_user`, `deleted`, `modified_by_user`, `school_id`, `code`, `course_unit`, `degree`, `field`, `gender`, `level`, `name`, `state`, `time_in_week`) VALUES (266, NULL, 0, NULL, 1, '111235', 1, 3, 4, 3, 11, 'اخلاق 2', 1, 1);
INSERT INTO `lesson` (`id`, `created_by_user`, `deleted`, `modified_by_user`, `school_id`, `code`, `course_unit`, `degree`, `field`, `gender`, `level`, `name`, `state`, `time_in_week`) VALUES (267, NULL, 0, NULL, 1, '111234', 2, 3, 4, 3, 11, 'علوم و معارف قرآنی 2', 1, 2);
INSERT INTO `lesson` (`id`, `created_by_user`, `deleted`, `modified_by_user`, `school_id`, `code`, `course_unit`, `degree`, `field`, `gender`, `level`, `name`, `state`, `time_in_week`) VALUES (268, NULL, 0, NULL, 1, '110202', 2, 3, 4, 3, 11, 'علوم و فنون ادبی 2', 1, 2);
INSERT INTO `lesson` (`id`, `created_by_user`, `deleted`, `modified_by_user`, `school_id`, `code`, `course_unit`, `degree`, `field`, `gender`, `level`, `name`, `state`, `time_in_week`) VALUES (269, NULL, 0, NULL, 1, '111202', 2, 3, 4, 3, 11, 'نگارش 2', 1, 2);
INSERT INTO `lesson` (`id`, `created_by_user`, `deleted`, `modified_by_user`, `school_id`, `code`, `course_unit`, `degree`, `field`, `gender`, `level`, `name`, `state`, `time_in_week`) VALUES (270, NULL, 0, NULL, 1, '111201', 2, 3, 4, 3, 11, 'فارسی 2', 1, 2);
INSERT INTO `lesson` (`id`, `created_by_user`, `deleted`, `modified_by_user`, `school_id`, `code`, `course_unit`, `degree`, `field`, `gender`, `level`, `name`, `state`, `time_in_week`) VALUES (271, NULL, 0, NULL, 1, '111208', 3, 3, 4, 3, 11, 'عربی 2', 1, 3);
INSERT INTO `lesson` (`id`, `created_by_user`, `deleted`, `modified_by_user`, `school_id`, `code`, `course_unit`, `degree`, `field`, `gender`, `level`, `name`, `state`, `time_in_week`) VALUES (272, NULL, 0, NULL, 1, '111212', 2, 3, 4, 3, 11, 'ریاضی و آمار 2', 1, 2);
INSERT INTO `lesson` (`id`, `created_by_user`, `deleted`, `modified_by_user`, `school_id`, `code`, `course_unit`, `degree`, `field`, `gender`, `level`, `name`, `state`, `time_in_week`) VALUES (273, NULL, 0, NULL, 1, '111268', 2, 3, 4, 3, 11, 'انسان و محیط زیست', 1, 2);
INSERT INTO `lesson` (`id`, `created_by_user`, `deleted`, `modified_by_user`, `school_id`, `code`, `course_unit`, `degree`, `field`, `gender`, `level`, `name`, `state`, `time_in_week`) VALUES (274, NULL, 0, NULL, 1, '111233', 2, 3, 4, 3, 11, 'تاریخ 2', 1, 2);
INSERT INTO `lesson` (`id`, `created_by_user`, `deleted`, `modified_by_user`, `school_id`, `code`, `course_unit`, `degree`, `field`, `gender`, `level`, `name`, `state`, `time_in_week`) VALUES (275, NULL, 0, NULL, 1, '111226', 2, 3, 4, 3, 11, 'فلسفه 1', 1, 2);
INSERT INTO `lesson` (`id`, `created_by_user`, `deleted`, `modified_by_user`, `school_id`, `code`, `course_unit`, `degree`, `field`, `gender`, `level`, `name`, `state`, `time_in_week`) VALUES (276, NULL, 0, NULL, 1, '110221', 2, 3, 4, 3, 11, 'اقتصاد', 1, 2);
INSERT INTO `lesson` (`id`, `created_by_user`, `deleted`, `modified_by_user`, `school_id`, `code`, `course_unit`, `degree`, `field`, `gender`, `level`, `name`, `state`, `time_in_week`) VALUES (277, NULL, 0, NULL, 1, '110222', 2, 3, 4, 3, 11, 'هنر', 1, 2);
INSERT INTO `lesson` (`id`, `created_by_user`, `deleted`, `modified_by_user`, `school_id`, `code`, `course_unit`, `degree`, `field`, `gender`, `level`, `name`, `state`, `time_in_week`) VALUES (278, NULL, 0, NULL, 1, '110224', 2, 3, 4, 3, 11, 'کارگاه کارآفرینی و تولید', 1, 2);
INSERT INTO `lesson` (`id`, `created_by_user`, `deleted`, `modified_by_user`, `school_id`, `code`, `course_unit`, `degree`, `field`, `gender`, `level`, `name`, `state`, `time_in_week`) VALUES (279, NULL, 0, NULL, 1, '110225', 2, 3, 4, 3, 11, 'تفکر و سواد رسانه ای', 1, 2);
INSERT INTO `lesson` (`id`, `created_by_user`, `deleted`, `modified_by_user`, `school_id`, `code`, `course_unit`, `degree`, `field`, `gender`, `level`, `name`, `state`, `time_in_week`) VALUES (280, NULL, 0, NULL, 1, '110220', 2, 3, 4, 3, 11, 'روانشناسی', 1, 2);
INSERT INTO `lesson` (`id`, `created_by_user`, `deleted`, `modified_by_user`, `school_id`, `code`, `course_unit`, `degree`, `field`, `gender`, `level`, `name`, `state`, `time_in_week`) VALUES (281, NULL, 0, NULL, 1, '110220', 2, 3, 4, 3, 11, 'مطالعات فرهنگی', 1, 2);
INSERT INTO `lesson` (`id`, `created_by_user`, `deleted`, `modified_by_user`, `school_id`, `code`, `course_unit`, `degree`, `field`, `gender`, `level`, `name`, `state`, `time_in_week`) VALUES (282, NULL, 0, NULL, 1, '110230', 3, 3, 4, 3, 11, 'انگلیسی 2', 1, 3);
INSERT INTO `lesson` (`id`, `created_by_user`, `deleted`, `modified_by_user`, `school_id`, `code`, `course_unit`, `degree`, `field`, `gender`, `level`, `name`, `state`, `time_in_week`) VALUES (283, NULL, 0, NULL, 1, '110231', 2, 3, 4, 3, 11, 'تربیت بدنی 2', 1, 2);
INSERT INTO `lesson` (`id`, `created_by_user`, `deleted`, `modified_by_user`, `school_id`, `code`, `course_unit`, `degree`, `field`, `gender`, `level`, `name`, `state`, `time_in_week`) VALUES (284, NULL, 0, NULL, 1, '111227', 1, 3, 4, 1, 12, 'احکام 3', 1, 1);
INSERT INTO `lesson` (`id`, `created_by_user`, `deleted`, `modified_by_user`, `school_id`, `code`, `course_unit`, `degree`, `field`, `gender`, `level`, `name`, `state`, `time_in_week`) VALUES (285, NULL, 0, NULL, 1, '111232', 3, 3, 4, 3, 12, 'اصول عقاید 3', 1, 3);
INSERT INTO `lesson` (`id`, `created_by_user`, `deleted`, `modified_by_user`, `school_id`, `code`, `course_unit`, `degree`, `field`, `gender`, `level`, `name`, `state`, `time_in_week`) VALUES (286, NULL, 0, NULL, 1, '111235', 1, 3, 4, 3, 12, 'اخلاق 3', 1, 1);
INSERT INTO `lesson` (`id`, `created_by_user`, `deleted`, `modified_by_user`, `school_id`, `code`, `course_unit`, `degree`, `field`, `gender`, `level`, `name`, `state`, `time_in_week`) VALUES (287, NULL, 0, NULL, 1, '111234', 2, 3, 4, 3, 12, 'علوم و معارف قرآنی 3', 1, 2);
INSERT INTO `lesson` (`id`, `created_by_user`, `deleted`, `modified_by_user`, `school_id`, `code`, `course_unit`, `degree`, `field`, `gender`, `level`, `name`, `state`, `time_in_week`) VALUES (288, NULL, 0, NULL, 1, '110202', 2, 3, 4, 3, 12, 'علوم و فنون ادبی 3', 1, 2);
INSERT INTO `lesson` (`id`, `created_by_user`, `deleted`, `modified_by_user`, `school_id`, `code`, `course_unit`, `degree`, `field`, `gender`, `level`, `name`, `state`, `time_in_week`) VALUES (289, NULL, 0, NULL, 1, '111202', 2, 3, 4, 3, 12, 'نگارش 3', 1, 2);
INSERT INTO `lesson` (`id`, `created_by_user`, `deleted`, `modified_by_user`, `school_id`, `code`, `course_unit`, `degree`, `field`, `gender`, `level`, `name`, `state`, `time_in_week`) VALUES (290, NULL, 0, NULL, 1, '111201', 2, 3, 4, 3, 12, 'فارسی 3', 1, 2);
INSERT INTO `lesson` (`id`, `created_by_user`, `deleted`, `modified_by_user`, `school_id`, `code`, `course_unit`, `degree`, `field`, `gender`, `level`, `name`, `state`, `time_in_week`) VALUES (291, NULL, 0, NULL, 1, '111208', 4, 3, 4, 3, 12, 'عربی 3', 1, 4);
INSERT INTO `lesson` (`id`, `created_by_user`, `deleted`, `modified_by_user`, `school_id`, `code`, `course_unit`, `degree`, `field`, `gender`, `level`, `name`, `state`, `time_in_week`) VALUES (292, NULL, 0, NULL, 1, '111212', 2, 3, 4, 3, 12, 'ریاضی و آمار 3', 1, 2);
INSERT INTO `lesson` (`id`, `created_by_user`, `deleted`, `modified_by_user`, `school_id`, `code`, `course_unit`, `degree`, `field`, `gender`, `level`, `name`, `state`, `time_in_week`) VALUES (293, NULL, 0, NULL, 1, '111268', 2, 3, 4, 3, 12, 'سلامت و بهداشت', 1, 2);
INSERT INTO `lesson` (`id`, `created_by_user`, `deleted`, `modified_by_user`, `school_id`, `code`, `course_unit`, `degree`, `field`, `gender`, `level`, `name`, `state`, `time_in_week`) VALUES (294, NULL, 0, NULL, 1, '111233', 2, 3, 4, 3, 12, 'تاریخ 3', 1, 2);
INSERT INTO `lesson` (`id`, `created_by_user`, `deleted`, `modified_by_user`, `school_id`, `code`, `course_unit`, `degree`, `field`, `gender`, `level`, `name`, `state`, `time_in_week`) VALUES (295, NULL, 0, NULL, 1, '111226', 2, 3, 4, 3, 12, 'فلسفه 2', 1, 2);
INSERT INTO `lesson` (`id`, `created_by_user`, `deleted`, `modified_by_user`, `school_id`, `code`, `course_unit`, `degree`, `field`, `gender`, `level`, `name`, `state`, `time_in_week`) VALUES (296, NULL, 0, NULL, 1, '1112240', 2, 3, 4, 2, 12, 'مدیریت خانواده و سبک زندگی', 1, 2);
INSERT INTO `lesson` (`id`, `created_by_user`, `deleted`, `modified_by_user`, `school_id`, `code`, `course_unit`, `degree`, `field`, `gender`, `level`, `name`, `state`, `time_in_week`) VALUES (297, NULL, 0, NULL, 1, '1112241', 2, 3, 4, 1, 12, 'مدیریت خانواده و سبک زندگی', 1, 2);
INSERT INTO `lesson` (`id`, `created_by_user`, `deleted`, `modified_by_user`, `school_id`, `code`, `course_unit`, `degree`, `field`, `gender`, `level`, `name`, `state`, `time_in_week`) VALUES (298, NULL, 0, NULL, 1, '112242', 2, 3, 4, 3, 12, 'جریان شناسی اندیشه های معاصر', 1, 2);
INSERT INTO `lesson` (`id`, `created_by_user`, `deleted`, `modified_by_user`, `school_id`, `code`, `course_unit`, `degree`, `field`, `gender`, `level`, `name`, `state`, `time_in_week`) VALUES (299, NULL, 0, NULL, 1, '110230', 4, 3, 4, 3, 12, 'انگلیسی 3', 1, 4);
INSERT INTO `lesson` (`id`, `created_by_user`, `deleted`, `modified_by_user`, `school_id`, `code`, `course_unit`, `degree`, `field`, `gender`, `level`, `name`, `state`, `time_in_week`) VALUES (300, NULL, 0, NULL, 1, '110231', 2, 3, 4, 3, 12, 'تربیت بدنی 3', 1, 2);

insert into role_menu(role_id, menu) VALUES (2, 20);
insert into role_menu(role_id, menu) VALUES (2, 22);

insert into menu_item(id, name, title, code, deleted) VALUES (31, "menu09", "کوئیز",   "m09", 0);
insert into menu_item(id, name, title, code, deleted) VALUES (32, "menu09-1", "لیست کوئیز",   "m09-1", 0);
insert into menu_item(id, name, title, code, deleted) VALUES (33, "menu09-2", "افزودن کوئیز جدید",   "m09-2", 0);

insert into menu_item(id, name, title, code, deleted) VALUES (34, "menu10", "امتحانات",   "m10", 0);
insert into menu_item(id, name, title, code, deleted) VALUES (35, "menu10-1", "لیست امتحانات",   "m10-1", 0);
insert into menu_item(id, name, title, code, deleted) VALUES (36, "menu10-2", "افزودن امتحان جدید",   "m10-2", 0);
insert into menu_item(id, name, title, code, deleted) VALUES (37, "menu10-3", "لیست سؤالات امتحانی",   "m10-3", 0);
insert into menu_item(id, name, title, code, deleted) VALUES (38, "menu10-4", "طرح سؤالات امتحانی",   "m10-4", 0);

insert into role_menu(role_id, menu) VALUES (1, 31);
insert into role_menu(role_id, menu) VALUES (1, 32);

insert into role_menu(role_id, menu) VALUES (2, 31);
insert into role_menu(role_id, menu) VALUES (2, 32);
insert into role_menu(role_id, menu) VALUES (2, 33);

insert into role_menu(role_id, menu) VALUES (1, 34);
insert into role_menu(role_id, menu) VALUES (1, 35);
insert into role_menu(role_id, menu) VALUES (1, 36);

insert into role_menu(role_id, menu) VALUES (2, 34);
insert into role_menu(role_id, menu) VALUES (2, 35);
insert into role_menu(role_id, menu) VALUES (2, 37);
insert into role_menu(role_id, menu) VALUES (2, 38);

insert into role_menu(role_id, menu) VALUES (3, 34);
insert into role_menu(role_id, menu) VALUES (3, 35);

insert into role_menu(role_id, menu) VALUES (3, 20);
insert into role_menu(role_id, menu) VALUES (3, 21);
insert into role_menu(role_id, menu) VALUES (3, 22);
insert into role_menu(role_id, menu) VALUES (3, 23);